task,fleet_size,locations,episode,seconds,includes_evaluation,decision_epochs,policy_decisions,ms_per_decision_epoch
1,100,5,1,5.5,False,3512,90,1.5660592255125285
1,100,5,2,3.3,False,3495,86,0.944206008583691
1,100,5,3,3.4,False,3508,89,0.9692132269099202
1,100,5,4,3.4,False,3529,90,0.9634457353357891
1,100,5,5,3.5,False,3548,93,0.9864712514092446
1,100,5,6,3.4,False,3562,91,0.9545199326221224
1,100,5,7,3.4,False,3554,91,0.9566685424873382
1,100,5,8,3.4,False,3541,92,0.9601807399039819
1,100,5,9,3.9,False,3537,91,1.1026293469041561
1,100,5,10,3.4,False,3529,92,0.9634457353357891
1,100,5,11,3.5,False,3510,91,0.9971509971509972
1,100,5,12,3.5,False,3569,92,0.9806668534603531
1,100,5,13,3.4,False,3571,91,0.9521142537104452
1,100,5,14,3.4,False,3540,93,0.96045197740113
1,100,5,15,3.4,False,3480,90,0.9770114942528736
1,100,5,16,3.4,False,3535,91,0.9618104667609618
1,100,5,17,3.4,False,3568,92,0.952914798206278
1,100,5,18,3.4,False,3584,91,0.9486607142857143
1,100,5,19,3.4,False,3509,92,0.968937019093759
1,100,5,20,3.4,False,3553,90,0.9569377990430622
1,100,5,21,3.3,False,3462,90,0.9532062391681109
1,100,5,22,3.4,False,3545,93,0.9590973201692524
1,100,5,23,3.4,False,3544,94,0.9593679458239278
1,100,5,24,3.4,False,3535,92,0.9618104667609618
1,100,5,25,17.2,True,3568,93,
1,100,5,26,3.3,False,3500,88,0.9428571428571428
1,100,5,27,3.3,False,3500,90,0.9428571428571428
1,100,5,28,3.3,False,3548,90,0.9301014656144306
1,100,5,29,3.4,False,3557,91,0.9558616811920158
1,100,5,30,3.4,False,3515,90,0.9672830725462305
1,100,5,31,3.4,False,3545,92,0.9590973201692524
1,100,5,32,3.4,False,3527,92,0.9639920612418486
1,100,5,33,3.3,False,3492,91,0.9450171821305842
1,100,5,34,3.4,False,3480,94,0.9770114942528736
1,100,5,35,3.3,False,3493,88,0.9447466361294017
1,100,5,36,3.3,False,3501,87,0.9425878320479862
1,100,5,37,3.3,False,3516,90,0.9385665529010239
1,100,5,38,3.3,False,3529,90,0.9351090960612072
1,100,5,39,3.3,False,3516,92,0.9385665529010239
1,100,5,40,3.3,False,3502,90,0.9423186750428326
1,100,5,41,3.4,False,3491,92,0.97393297049556
1,100,5,42,3.3,False,3505,92,0.9415121255349501
1,100,5,43,3.3,False,3510,89,0.9401709401709402
1,100,5,44,3.4,False,3570,91,0.9523809523809523
1,100,5,45,3.3,False,3480,92,0.9482758620689655
1,100,5,46,3.4,False,3531,94,0.9629000283205891
1,100,5,47,3.4,False,3570,92,0.9523809523809523
1,100,5,48,3.4,False,3518,93,0.9664582148948266
1,100,5,49,3.4,False,3582,92,0.9491903964265773
1,100,5,50,15.4,True,3531,92,
1,100,5,51,3.4,False,3530,91,0.9631728045325779
1,100,5,52,3.4,False,3572,91,0.9518477043673013
1,100,5,53,3.3,False,3542,90,0.9316770186335404
1,100,5,54,3.4,False,3548,92,0.9582863585118376
1,100,5,55,3.4,False,3539,92,0.9607233681831026
1,100,5,56,3.4,False,3522,91,0.9653605905735377
1,100,5,57,3.4,False,3511,93,0.9683850754770721
1,100,5,58,3.4,False,3547,92,0.9585565266422329
1,100,5,59,3.4,False,3588,92,0.947603121516165
1,100,5,60,3.4,False,3525,92,0.9645390070921985
1,100,5,61,3.3,False,3542,89,0.9316770186335404
1,100,5,62,3.4,False,3544,92,0.9593679458239278
1,100,5,63,3.4,False,3488,93,0.9747706422018348
1,100,5,64,3.3,False,3444,91,0.9581881533101045
1,100,5,65,3.4,False,3542,91,0.9599096555618295
1,100,5,66,3.4,False,3530,93,0.9631728045325779
1,100,5,67,3.4,False,3534,91,0.9620826259196378
1,100,5,68,3.3,False,3484,91,0.947187141216992
1,100,5,69,3.4,False,3539,93,0.9607233681831026
1,100,5,70,3.4,False,3526,92,0.9642654566080544
1,100,5,71,3.4,False,3474,94,0.9786989061600461
1,100,5,72,3.4,False,3473,92,0.978980708321336
1,100,5,73,3.3,False,3502,91,0.9423186750428326
1,100,5,74,3.3,False,3528,90,0.935374149659864
1,100,5,75,15.3,True,3497,90,
1,100,5,76,3.4,False,3513,90,0.9678337603188158
1,100,5,77,3.4,False,3521,91,0.9656347628514627
1,100,5,78,3.4,False,3527,92,0.9639920612418486
1,100,5,79,3.4,False,3530,91,0.9631728045325779
1,100,5,80,3.3,False,3520,90,0.9375
1,100,5,81,3.4,False,3559,93,0.9553245293621804
1,100,5,82,3.4,False,3555,91,0.9563994374120957
1,100,5,83,3.4,False,3532,90,0.9626274065685164
1,100,5,84,3.3,False,3518,89,0.9380329732802729
1,100,5,85,3.4,False,3567,92,0.9531819456125595
1,100,5,86,3.4,False,3555,92,0.9563994374120957
1,100,5,87,3.4,False,3539,89,0.9607233681831026
1,100,5,88,3.4,False,3512,89,0.9681093394077449
1,100,5,89,3.4,False,3550,90,0.9577464788732394
1,100,5,90,3.4,False,3562,90,0.9545199326221224
1,100,5,91,3.4,False,3560,94,0.9550561797752809
1,100,5,92,3.4,False,3580,93,0.9497206703910615
1,100,5,93,4.1,False,3552,92,1.1542792792792793
1,100,5,94,3.5,False,3539,92,0.9889799378355467
1,100,5,95,3.6,False,3535,90,1.0183875530410185
1,100,5,96,3.3,False,3490,88,0.9455587392550143
1,100,5,97,3.4,False,3580,92,0.9497206703910615
1,100,5,98,3.4,False,3556,91,0.9561304836895388
1,100,5,99,4.0,False,3552,92,1.1261261261261262
1,100,5,100,15.5,True,3525,87,
1,100,5,101,3.4,False,3563,91,0.954252034802133
1,100,5,102,3.4,False,3514,92,0.9675583380762663
1,100,5,103,3.4,False,3587,90,0.9478672985781991
1,100,5,104,3.3,False,3535,92,0.9335219236209336
1,100,5,105,3.3,False,3525,89,0.9361702127659575
1,100,5,106,3.3,False,3539,89,0.9324667985306584
1,100,5,107,3.3,False,3517,90,0.9382996872334376
1,100,5,108,3.4,False,3579,92,0.9499860296172115
1,100,5,109,3.4,False,3539,91,0.9607233681831026
1,100,5,110,3.3,False,3531,91,0.9345794392523364
1,100,5,111,3.4,False,3582,91,0.9491903964265773
1,100,5,112,3.3,False,3513,86,0.9393680614859095
1,100,5,113,3.4,False,3567,91,0.9531819456125595
1,100,5,114,3.4,False,3569,93,0.952647800504343
1,100,5,115,3.4,False,3560,91,0.9550561797752809
1,100,5,116,3.4,False,3562,91,0.9545199326221224
1,100,5,117,3.4,False,3561,91,0.9547879809042403
1,100,5,118,3.4,False,3552,91,0.9572072072072072
1,100,5,119,3.4,False,3546,92,0.9588268471517203
1,100,5,120,3.4,False,3554,91,0.9566685424873382
1,100,5,121,3.4,False,3585,90,0.9483960948396095
1,100,5,122,3.4,False,3563,92,0.954252034802133
1,100,5,123,3.4,False,3582,93,0.9491903964265773
1,100,5,124,3.4,False,3560,93,0.9550561797752809
1,100,5,125,15.4,True,3534,92,
1,100,5,126,3.3,False,3550,92,0.9295774647887324
1,100,5,127,3.3,False,3557,93,0.9277481023334271
1,100,5,128,3.4,False,3567,95,0.9531819456125595
1,100,5,129,3.4,False,3557,94,0.9558616811920158
1,100,5,130,3.3,False,3507,91,0.9409751924721984
1,100,5,131,3.4,False,3584,92,0.9486607142857143
1,100,5,132,3.3,False,3571,90,0.9241108933071969
1,100,5,133,3.3,False,3575,90,0.9230769230769231
1,100,5,134,3.3,False,3510,90,0.9401709401709402
1,100,5,135,3.3,False,3493,90,0.9447466361294017
1,100,5,136,3.3,False,3555,91,0.9282700421940928
1,100,5,137,3.3,False,3539,90,0.9324667985306584
1,100,5,138,3.4,False,3569,90,0.952647800504343
1,100,5,139,3.3,False,3555,90,0.9282700421940928
1,100,5,140,3.3,False,3530,91,0.9348441926345609
1,100,5,141,3.3,False,3539,89,0.9324667985306584
1,100,5,142,3.3,False,3543,88,0.9314140558848434
1,100,5,143,3.4,False,3572,93,0.9518477043673013
1,100,5,144,3.3,False,3560,90,0.9269662921348315
1,100,5,145,3.3,False,3539,91,0.9324667985306584
1,100,5,146,3.4,False,3589,91,0.9473390916689886
1,100,5,147,3.3,False,3564,90,0.9259259259259259
1,100,5,148,3.3,False,3517,92,0.9382996872334376
1,100,5,149,3.3,False,3549,90,0.9298393913778529
1,100,5,150,15.3,True,3547,92,
1,100,5,151,3.3,False,3496,88,0.9439359267734554
1,100,5,152,3.4,False,3532,93,0.9626274065685164
1,100,5,153,3.3,False,3548,91,0.9301014656144306
1,100,5,154,3.4,False,3572,92,0.9518477043673013
1,100,5,155,3.3,False,3568,92,0.9248878923766816
1,100,5,156,3.3,False,3500,90,0.9428571428571428
1,100,5,157,3.3,False,3550,91,0.9295774647887324
1,100,5,158,3.4,False,3554,94,0.9566685424873382
1,100,5,159,3.4,False,3567,93,0.9531819456125595
1,100,5,160,3.3,False,3522,90,0.9369676320272572
1,100,5,161,3.4,False,3556,92,0.9561304836895388
1,100,5,162,3.3,False,3515,90,0.9388335704125178
1,100,5,163,3.4,False,3569,93,0.952647800504343
1,100,5,164,3.3,False,3530,91,0.9348441926345609
1,100,5,165,3.5,False,3535,93,0.9900990099009901
1,100,5,166,3.4,False,3545,91,0.9590973201692524
1,100,5,167,3.3,False,3532,91,0.9343148357870895
1,100,5,168,3.3,False,3527,92,0.9356393535582648
1,100,5,169,3.3,False,3530,93,0.9348441926345609
1,100,5,170,3.4,False,3587,91,0.9478672985781991
1,100,5,171,3.3,False,3498,93,0.9433962264150944
1,100,5,172,3.3,False,3552,90,0.9290540540540541
1,100,5,173,3.3,False,3536,92,0.9332579185520362
1,100,5,174,3.3,False,3537,88,0.9329940627650551
1,100,5,175,15.4,True,3557,93,
1,100,5,176,3.4,False,3592,91,0.9465478841870824
1,100,5,177,3.4,False,3574,92,0.9513150531617236
1,100,5,178,3.3,False,3527,92,0.9356393535582648
1,100,5,179,3.3,False,3533,90,0.9340503821115199
1,100,5,180,3.4,False,3567,90,0.9531819456125595
1,100,5,181,3.4,False,3554,94,0.9566685424873382
1,100,5,182,3.3,False,3533,90,0.9340503821115199
1,100,5,183,3.4,False,3568,94,0.952914798206278
1,100,5,184,3.3,False,3568,91,0.9248878923766816
1,100,5,185,3.4,False,3576,93,0.9507829977628636
1,100,5,186,3.3,False,3576,91,0.9228187919463087
1,100,5,187,3.3,False,3522,89,0.9369676320272572
1,100,5,188,3.3,False,3538,91,0.9327303561334087
1,100,5,189,3.3,False,3553,91,0.9287925696594427
1,100,5,190,3.3,False,3517,92,0.9382996872334376
1,100,5,191,3.3,False,3533,88,0.9340503821115199
1,100,5,192,3.3,False,3515,94,0.9388335704125178
1,100,5,193,3.3,False,3526,93,0.9359047078842881
1,100,5,194,3.3,False,3534,92,0.933786078098472
1,100,5,195,3.3,False,3565,90,0.9256661991584852
1,100,5,196,3.4,False,3581,88,0.9494554593688914
1,100,5,197,3.4,False,3560,93,0.9550561797752809
1,100,5,198,3.3,False,3554,93,0.9285312324141812
1,100,5,199,3.3,False,3527,90,0.9356393535582648
1,100,5,200,16.2,True,3560,91,
1,100,5,201,3.3,False,3567,92,0.9251471825063078
1,100,5,202,3.3,False,3553,90,0.9287925696594427
1,100,5,203,3.3,False,3518,91,0.9380329732802729
1,100,5,204,3.3,False,3511,87,0.9399031614924523
1,100,5,205,3.3,False,3514,90,0.9391007398975526
1,100,5,206,3.3,False,3557,90,0.9277481023334271
1,100,5,207,3.4,False,3580,91,0.9497206703910615
1,100,5,208,3.3,False,3532,92,0.9343148357870895
1,100,5,209,3.3,False,3533,93,0.9340503821115199
1,100,5,210,3.3,False,3529,92,0.9351090960612072
1,100,5,211,3.3,False,3535,91,0.9335219236209336
1,100,5,212,3.3,False,3534,89,0.933786078098472
1,100,5,213,3.3,False,3555,89,0.9282700421940928
1,100,5,214,3.4,False,3551,93,0.9574767671078569
1,100,5,215,3.4,False,3590,93,0.947075208913649
1,100,5,216,3.4,False,3600,92,0.9444444444444444
1,100,5,217,3.3,False,3561,88,0.9267059814658803
1,100,5,218,3.3,False,3549,92,0.9298393913778529
1,100,5,219,3.4,False,3566,93,0.9534492428491307
1,100,5,220,3.3,False,3541,92,0.931940129906806
1,100,5,221,3.3,False,3554,90,0.9285312324141812
1,100,5,222,3.3,False,3554,91,0.9285312324141812
1,100,5,223,3.3,False,3558,88,0.927487352445194
1,100,5,224,3.3,False,3542,93,0.9316770186335404
1,100,5,225,15.4,True,3524,92,
1,100,5,226,3.3,False,3578,90,0.92230296254891
1,100,5,227,3.4,False,3600,92,0.9444444444444444
1,100,5,228,3.3,False,3511,90,0.9399031614924523
1,100,5,229,3.3,False,3552,92,0.9290540540540541
1,100,5,230,3.4,False,3570,93,0.9523809523809523
1,100,5,231,3.4,False,3583,91,0.948925481440134
1,100,5,232,3.4,False,3546,93,0.9588268471517203
1,100,5,233,3.4,False,3590,94,0.947075208913649
1,100,5,234,3.3,False,3489,90,0.945829750644884
1,100,5,235,3.3,False,3547,92,0.9303636876233436
1,100,5,236,3.3,False,3528,91,0.935374149659864
1,100,5,237,3.3,False,3510,90,0.9401709401709402
1,100,5,238,3.4,False,3573,93,0.9515813042261405
1,100,5,239,3.4,False,3539,92,0.9607233681831026
1,100,5,240,3.4,False,3551,92,0.9574767671078569
1,100,5,241,3.4,False,3542,91,0.9599096555618295
1,100,5,242,3.8,False,3552,90,1.0698198198198199
1,100,5,243,3.4,False,3491,93,0.97393297049556
1,100,5,244,3.4,False,3552,93,0.9572072072072072
1,100,5,245,3.4,False,3560,88,0.9550561797752809
1,100,5,246,3.4,False,3557,91,0.9558616811920158
1,100,5,247,3.4,False,3560,94,0.9550561797752809
1,100,5,248,3.4,False,3572,92,0.9518477043673013
1,100,5,249,3.4,False,3507,92,0.9694895922440833
1,100,5,250,15.4,True,3529,91,
1,100,5,251,3.8,False,3524,93,1.0783200908059023
1,100,5,252,3.3,False,3536,90,0.9332579185520362
1,100,5,253,3.4,False,3531,92,0.9629000283205891
1,100,5,254,3.4,False,3540,92,0.96045197740113
1,100,5,255,3.3,False,3542,92,0.9316770186335404
1,100,5,256,3.3,False,3602,91,0.9161576901721266
1,100,5,257,3.3,False,3530,90,0.9348441926345609
1,100,5,258,3.4,False,3573,93,0.9515813042261405
1,100,5,259,3.3,False,3536,92,0.9332579185520362
1,100,5,260,3.3,False,3554,91,0.9285312324141812
1,100,5,261,3.4,False,3550,93,0.9577464788732394
1,100,5,262,3.3,False,3515,91,0.9388335704125178
1,100,5,263,3.4,False,3544,89,0.9593679458239278
1,100,5,264,3.4,False,3558,93,0.955593029792018
1,100,5,265,3.4,False,3552,93,0.9572072072072072
1,100,5,266,3.3,False,3535,90,0.9335219236209336
1,100,5,267,3.3,False,3559,93,0.9272267490868221
1,100,5,268,3.3,False,3517,90,0.9382996872334376
1,100,5,269,3.4,False,3571,92,0.9521142537104452
1,100,5,270,3.3,False,3539,92,0.9324667985306584
1,100,5,271,3.3,False,3569,88,0.9246287475483329
1,100,5,272,3.3,False,3535,92,0.9335219236209336
1,100,5,273,3.3,False,3524,92,0.9364358683314415
1,100,5,274,3.4,False,3575,92,0.951048951048951
1,100,5,275,15.3,True,3563,90,
1,100,5,276,3.3,False,3552,87,0.9290540540540541
1,100,5,277,3.4,False,3545,91,0.9590973201692524
1,100,5,278,3.3,False,3561,90,0.9267059814658803
1,100,5,279,3.3,False,3525,90,0.9361702127659575
1,100,5,280,3.4,False,3538,93,0.9609949123798757
1,100,5,281,3.4,False,3548,93,0.9582863585118376
1,100,5,282,3.4,False,3588,93,0.947603121516165
1,100,5,283,3.4,False,3583,91,0.948925481440134
1,100,5,284,3.3,False,3519,92,0.9377664109121909
1,100,5,285,3.3,False,3515,90,0.9388335704125178
1,100,5,286,3.4,False,3587,93,0.9478672985781991
1,100,5,287,3.3,False,3571,90,0.9241108933071969
1,100,5,288,3.3,False,3537,92,0.9329940627650551
1,100,5,289,3.3,False,3519,91,0.9377664109121909
1,100,5,290,3.3,False,3556,89,0.9280089988751407
1,100,5,291,3.4,False,3584,91,0.9486607142857143
1,100,5,292,3.3,False,3583,92,0.9210159084566006
1,100,5,293,3.3,False,3497,91,0.9436659994280812
1,100,5,294,3.3,False,3563,91,0.9261857984844233
1,100,5,295,3.3,False,3549,92,0.9298393913778529
1,100,5,296,3.3,False,3543,90,0.9314140558848434
1,100,5,297,3.4,False,3559,91,0.9553245293621804
1,100,5,298,3.4,False,3562,94,0.9545199326221224
1,100,5,299,3.4,False,3585,89,0.9483960948396095
1,100,5,300,15.3,True,3534,88,
1,100,5,301,3.3,False,3523,86,0.9367016747090547
1,100,5,302,3.3,False,3561,90,0.9267059814658803
1,100,5,303,3.4,False,3555,94,0.9563994374120957
1,100,5,304,3.3,False,3534,90,0.933786078098472
1,100,5,305,3.4,False,3538,93,0.9609949123798757
1,100,5,306,3.3,False,3560,90,0.9269662921348315
1,100,5,307,3.4,False,3574,92,0.9513150531617236
1,100,5,308,3.4,False,3573,92,0.9515813042261405
1,100,5,309,3.3,False,3457,90,0.9545849002024877
1,100,5,310,3.3,False,3537,92,0.9329940627650551
1,100,5,311,3.4,False,3566,94,0.9534492428491307
1,100,5,312,3.4,False,3539,92,0.9607233681831026
1,100,5,313,3.3,False,3575,89,0.9230769230769231
1,100,5,314,3.3,False,3535,92,0.9335219236209336
1,100,5,315,3.4,False,3545,93,0.9590973201692524
1,100,5,316,3.3,False,3526,92,0.9359047078842881
1,100,5,317,3.3,False,3556,91,0.9280089988751407
1,100,5,318,3.3,False,3536,89,0.9332579185520362
1,100,5,319,3.4,False,3564,94,0.9539842873176206
1,100,5,320,3.3,False,3556,90,0.9280089988751407
1,100,5,321,3.4,False,3543,92,0.9596387242449901
1,100,5,322,3.3,False,3536,92,0.9332579185520362
1,100,5,323,3.4,False,3592,91,0.9465478841870824
1,100,5,324,3.4,False,3517,91,0.9667330110889963
1,100,5,325,15.4,True,3562,91,
1,100,5,326,3.4,False,3582,89,0.9491903964265773
1,100,5,327,3.4,False,3531,93,0.9629000283205891
1,100,5,328,3.4,False,3559,91,0.9553245293621804
1,100,5,329,3.4,False,3565,91,0.9537166900420757
1,100,5,330,3.4,False,3562,91,0.9545199326221224
1,100,5,331,3.4,False,3558,92,0.955593029792018
1,100,5,332,3.4,False,3543,92,0.9596387242449901
1,100,5,333,3.3,False,3542,91,0.9316770186335404
1,100,5,334,3.4,False,3573,90,0.9515813042261405
1,100,5,335,3.3,False,3502,89,0.9423186750428326
1,100,5,336,3.4,False,3552,94,0.9572072072072072
1,100,5,337,3.4,False,3606,94,0.9428729894620078
1,100,5,338,3.3,False,3512,90,0.9396355353075171
1,100,5,339,3.3,False,3534,89,0.933786078098472
1,100,5,340,3.3,False,3505,91,0.9415121255349501
1,100,5,341,3.4,False,3551,90,0.9574767671078569
1,100,5,342,3.3,False,3505,90,0.9415121255349501
1,100,5,343,3.3,False,3489,93,0.945829750644884
1,100,5,344,3.4,False,3545,93,0.9590973201692524
1,100,5,345,3.4,False,3575,93,0.951048951048951
1,100,5,346,3.4,False,3539,91,0.9607233681831026
1,100,5,347,3.4,False,3544,91,0.9593679458239278
1,100,5,348,3.4,False,3603,93,0.9436580627255066
1,100,5,349,3.4,False,3549,92,0.9580163426317273
1,100,5,350,15.5,True,3554,91,
1,100,5,351,3.5,False,3548,92,0.9864712514092446
1,100,5,352,3.4,False,3554,91,0.9566685424873382
1,100,5,353,3.4,False,3550,93,0.9577464788732394
1,100,5,354,3.4,False,3576,90,0.9507829977628636
1,100,5,355,3.4,False,3559,89,0.9553245293621804
1,100,5,356,3.4,False,3558,91,0.955593029792018
1,100,5,357,3.4,False,3616,93,0.9402654867256637
1,100,5,358,3.3,False,3525,90,0.9361702127659575
1,100,5,359,3.4,False,3544,93,0.9593679458239278
1,100,5,360,3.4,False,3572,91,0.9518477043673013
1,100,5,361,3.4,False,3529,91,0.9634457353357891
1,100,5,362,3.4,False,3546,94,0.9588268471517203
1,100,5,363,3.3,False,3530,89,0.9348441926345609
1,100,5,364,3.3,False,3509,91,0.9404388714733543
1,100,5,365,3.3,False,3500,92,0.9428571428571428
1,100,5,366,3.3,False,3540,91,0.9322033898305084
1,100,5,367,3.4,False,3554,92,0.9566685424873382
1,100,5,368,3.4,False,3554,93,0.9566685424873382
1,100,5,369,3.4,False,3574,93,0.9513150531617236
1,100,5,370,3.3,False,3547,92,0.9303636876233436
1,100,5,371,3.4,False,3534,92,0.9620826259196378
1,100,5,372,3.4,False,3531,90,0.9629000283205891
1,100,5,373,3.4,False,3584,91,0.9486607142857143
1,100,5,374,3.5,False,3560,91,0.9831460674157303
1,100,5,375,15.4,True,3578,89,
1,100,5,376,3.4,False,3558,91,0.955593029792018
1,100,5,377,3.4,False,3537,93,0.961266610121572
1,100,5,378,3.4,False,3557,93,0.9558616811920158
1,100,5,379,3.4,False,3551,90,0.9574767671078569
1,100,5,380,3.4,False,3561,92,0.9547879809042403
1,100,5,381,3.4,False,3546,91,0.9588268471517203
1,100,5,382,3.4,False,3573,92,0.9515813042261405
1,100,5,383,3.5,False,3579,91,0.9779267951941883
1,100,5,384,3.4,False,3614,93,0.9407858328721638
1,100,5,385,3.4,False,3573,91,0.9515813042261405
1,100,5,386,3.4,False,3551,90,0.9574767671078569
1,100,5,387,3.4,False,3552,93,0.9572072072072072
1,100,5,388,3.4,False,3531,91,0.9629000283205891
1,100,5,389,3.4,False,3555,91,0.9563994374120957
1,100,5,390,3.4,False,3497,91,0.9722619388046897
1,100,5,391,3.5,False,3555,92,0.9845288326300985
1,100,5,392,3.4,False,3565,91,0.9537166900420757
1,100,5,393,3.4,False,3554,89,0.9566685424873382
1,100,5,394,3.5,False,3585,92,0.9762900976290098
1,100,5,395,3.4,False,3580,93,0.9497206703910615
1,100,5,396,3.4,False,3592,89,0.9465478841870824
1,100,5,397,3.3,False,3503,89,0.9420496717099629
1,100,5,398,3.4,False,3576,93,0.9507829977628636
1,100,5,399,3.4,False,3532,90,0.9626274065685164
1,100,5,400,15.5,True,3539,91,
1,100,5,401,4.1,False,3538,89,1.1588468061051442
1,100,5,402,3.4,False,3554,92,0.9566685424873382
1,100,5,403,3.3,False,3557,91,0.9277481023334271
1,100,5,404,3.4,False,3553,93,0.9569377990430622
1,100,5,405,3.4,False,3579,92,0.9499860296172115
1,100,5,406,3.4,False,3572,92,0.9518477043673013
1,100,5,407,3.4,False,3561,91,0.9547879809042403
1,100,5,408,3.4,False,3576,91,0.9507829977628636
1,100,5,409,3.3,False,3523,89,0.9367016747090547
1,100,5,410,3.3,False,3493,91,0.9447466361294017
1,100,5,411,3.4,False,3581,91,0.9494554593688914
1,100,5,412,3.4,False,3550,91,0.9577464788732394
1,100,5,413,3.4,False,3582,93,0.9491903964265773
1,100,5,414,3.4,False,3552,91,0.9572072072072072
1,100,5,415,3.3,False,3576,90,0.9228187919463087
1,100,5,416,3.4,False,3587,89,0.9478672985781991
1,100,5,417,3.4,False,3518,92,0.9664582148948266
1,100,5,418,3.4,False,3554,90,0.9566685424873382
1,100,5,419,3.4,False,3526,92,0.9642654566080544
1,100,5,420,3.8,False,3548,90,1.0710259301014655
1,100,5,421,3.4,False,3570,91,0.9523809523809523
1,100,5,422,3.4,False,3585,93,0.9483960948396095
1,100,5,423,3.3,False,3518,92,0.9380329732802729
1,100,5,424,3.4,False,3556,91,0.9561304836895388
1,100,5,425,15.5,True,3555,92,
1,100,5,426,3.3,False,3541,88,0.931940129906806
1,100,5,427,3.4,False,3526,90,0.9642654566080544
1,100,5,428,3.4,False,3551,93,0.9574767671078569
1,100,5,429,3.4,False,3559,95,0.9553245293621804
1,100,5,430,3.3,False,3578,91,0.92230296254891
1,100,5,431,3.3,False,3552,89,0.9290540540540541
1,100,5,432,3.3,False,3497,89,0.9436659994280812
1,100,5,433,3.4,False,3560,90,0.9550561797752809
1,100,5,434,3.3,False,3518,90,0.9380329732802729
1,100,5,435,3.3,False,3553,89,0.9287925696594427
1,100,5,436,3.3,False,3539,88,0.9324667985306584
1,100,5,437,3.3,False,3505,91,0.9415121255349501
1,100,5,438,3.3,False,3524,90,0.9364358683314415
1,100,5,439,3.3,False,3553,91,0.9287925696594427
1,100,5,440,3.3,False,3565,91,0.9256661991584852
1,100,5,441,3.3,False,3543,90,0.9314140558848434
1,100,5,442,3.4,False,3593,91,0.9462844419704982
1,100,5,443,3.4,False,3541,90,0.9601807399039819
1,100,5,444,3.4,False,3559,93,0.9553245293621804
1,100,5,445,3.3,False,3549,91,0.9298393913778529
1,100,5,446,3.4,False,3584,91,0.9486607142857143
1,100,5,447,3.3,False,3514,90,0.9391007398975526
1,100,5,448,3.3,False,3507,90,0.9409751924721984
1,100,5,449,3.4,False,3585,91,0.9483960948396095
1,100,5,450,15.5,True,3543,91,
1,100,5,451,3.3,False,3482,90,0.9477311889718553
1,100,5,452,3.3,False,3567,89,0.9251471825063078
1,100,5,453,3.3,False,3519,93,0.9377664109121909
1,100,5,454,3.4,False,3595,95,0.9457579972183588
1,100,5,455,3.3,False,3485,90,0.9469153515064562
1,100,5,456,3.3,False,3530,91,0.9348441926345609
1,100,5,457,3.9,False,3485,90,1.1190817790530847
1,100,5,458,3.4,False,3572,93,0.9518477043673013
1,100,5,459,3.3,False,3516,90,0.9385665529010239
1,100,5,460,3.3,False,3538,91,0.9327303561334087
1,100,5,461,3.3,False,3551,91,0.9293156857223317
1,100,5,462,3.7,False,3530,92,1.048158640226629
1,100,5,463,3.3,False,3502,92,0.9423186750428326
1,100,5,464,3.3,False,3557,90,0.9277481023334271
1,100,5,465,3.3,False,3533,92,0.9340503821115199
1,100,5,466,3.4,False,3564,91,0.9539842873176206
1,100,5,467,3.4,False,3552,93,0.9572072072072072
1,100,5,468,3.3,False,3544,91,0.9311512415349887
1,100,5,469,3.4,False,3550,90,0.9577464788732394
1,100,5,470,3.3,False,3573,91,0.9235936188077246
1,100,5,471,3.3,False,3544,90,0.9311512415349887
1,100,5,472,3.4,False,3534,93,0.9620826259196378
1,100,5,473,3.4,False,3567,90,0.9531819456125595
1,100,5,474,3.4,False,3548,92,0.9582863585118376
1,100,5,475,15.4,True,3553,91,
1,100,5,476,3.3,False,3565,89,0.9256661991584852
1,100,5,477,3.4,False,3559,91,0.9553245293621804
1,100,5,478,3.3,False,3574,92,0.923335198656967
1,100,5,479,3.4,False,3552,92,0.9572072072072072
1,100,5,480,3.4,False,3569,92,0.952647800504343
1,100,5,481,3.4,False,3562,92,0.9545199326221224
1,100,5,482,3.4,False,3570,91,0.9523809523809523
1,100,5,483,3.8,False,3528,92,1.0770975056689343
1,100,5,484,3.3,False,3530,90,0.9348441926345609
1,100,5,485,3.3,False,3508,90,0.9407069555302167
1,100,5,486,3.4,False,3568,91,0.952914798206278
1,100,5,487,3.4,False,3586,91,0.9481316229782487
1,100,5,488,3.3,False,3525,88,0.9361702127659575
1,100,5,489,3.3,False,3519,93,0.9377664109121909
1,100,5,490,3.3,False,3509,93,0.9404388714733543
1,100,5,491,3.4,False,3558,90,0.955593029792018
1,100,5,492,3.3,False,3535,90,0.9335219236209336
1,100,5,493,3.4,False,3588,92,0.947603121516165
1,100,5,494,3.3,False,3556,91,0.9280089988751407
1,100,5,495,3.3,False,3515,91,0.9388335704125178
1,100,5,496,3.3,False,3542,92,0.9316770186335404
1,100,5,497,3.3,False,3536,92,0.9332579185520362
1,100,5,498,3.3,False,3558,90,0.927487352445194
1,100,5,499,3.3,False,3528,90,0.935374149659864
1,100,5,500,15.3,True,3543,92,
2,100,10,1,6.2,False,3565,94,1.7391304347826086
2,100,10,2,3.9,False,3564,95,1.0942760942760943
2,100,10,3,4.4,False,3547,95,1.240484916831125
2,100,10,4,3.9,False,3565,95,1.0939691444600281
2,100,10,5,3.9,False,3585,94,1.0878661087866108
2,100,10,6,3.9,False,3565,95,1.0939691444600281
2,100,10,7,3.9,False,3573,95,1.0915197313182199
2,100,10,8,3.9,False,3580,94,1.089385474860335
2,100,10,9,3.9,False,3555,95,1.0970464135021096
2,100,10,10,3.9,False,3556,94,1.0967379077615298
2,100,10,11,3.8,False,3544,92,1.072234762979684
2,100,10,12,3.8,False,3594,92,1.05731775180857
2,100,10,13,3.9,False,3569,95,1.0927430652843935
2,100,10,14,5.3,False,3543,95,1.4959074230877787
2,100,10,15,3.8,False,3461,94,1.0979485697775209
2,100,10,16,3.9,False,3538,94,1.1023176936122103
2,100,10,17,3.9,False,3575,94,1.0909090909090908
2,100,10,18,3.9,False,3594,95,1.0851419031719534
2,100,10,19,3.9,False,3526,95,1.106069200226886
2,100,10,20,3.8,False,3562,92,1.0668163952835485
2,100,10,21,3.8,False,3489,94,1.0891372886213815
2,100,10,22,3.8,False,3579,94,1.0617490919251187
2,100,10,23,3.8,False,3581,95,1.0611561016475846
2,100,10,24,4.4,False,3566,94,1.2338754907459337
2,100,10,25,18.7,True,3580,93,
2,100,10,26,3.8,False,3553,95,1.0695187165775402
2,100,10,27,4.1,False,3564,93,1.1503928170594837
2,100,10,28,3.9,False,3578,94,1.0899944102850754
2,100,10,29,3.8,False,3571,95,1.0641276953234389
2,100,10,30,3.9,False,3540,95,1.1016949152542372
2,100,10,31,4.0,False,3598,94,1.1117287381878822
2,100,10,32,3.8,False,3545,94,1.071932299012694
2,100,10,33,3.9,False,3534,95,1.1035653650254669
2,100,10,34,3.8,False,3550,94,1.0704225352112675
2,100,10,35,4.3,False,3517,95,1.2226329257890247
2,100,10,36,3.9,False,3541,95,1.1013837898898615
2,100,10,37,3.8,False,3559,93,1.0677156504636134
2,100,10,38,3.8,False,3557,95,1.0683159966263704
2,100,10,39,3.9,False,3532,95,1.1041902604756513
2,100,10,40,4.0,False,3539,94,1.1302627860977676
2,100,10,41,3.7,False,3586,94,1.0317902955939766
2,100,10,42,3.7,False,3551,94,1.0419600112644325
2,100,10,43,3.7,False,3529,95,1.0484556531595353
2,100,10,44,3.7,False,3586,94,1.0317902955939766
2,100,10,45,3.7,False,3528,95,1.0487528344671202
2,100,10,46,3.7,False,3563,94,1.0384507437552624
2,100,10,47,3.7,False,3606,93,1.0260676650027731
2,100,10,48,3.7,False,3556,95,1.0404949381327333
2,100,10,49,3.7,False,3610,95,1.0249307479224377
2,100,10,50,17.4,True,3567,95,
2,100,10,51,3.7,False,3584,94,1.0323660714285714
2,100,10,52,3.7,False,3597,95,1.028634973589102
2,100,10,53,3.7,False,3588,93,1.0312151616499443
2,100,10,54,3.7,False,3586,94,1.0317902955939766
2,100,10,55,3.7,False,3572,95,1.0358342665173572
2,100,10,56,3.7,False,3562,95,1.038742279618192
2,100,10,57,3.7,False,3571,94,1.0361243349201905
2,100,10,58,3.7,False,3599,94,1.0280633509308141
2,100,10,59,3.7,False,3595,95,1.0292072322670376
2,100,10,60,3.7,False,3563,95,1.0384507437552624
2,100,10,61,3.7,False,3580,95,1.0335195530726258
2,100,10,62,3.7,False,3607,95,1.0257831993346271
2,100,10,63,3.7,False,3545,95,1.0437235543018335
2,100,10,64,3.7,False,3525,95,1.049645390070922
2,100,10,65,3.7,False,3589,93,1.0309278350515463
2,100,10,66,3.7,False,3578,94,1.034097261039687
2,100,10,67,3.7,False,3579,95,1.033808326348142
2,100,10,68,3.7,False,3526,94,1.0493477027793534
2,100,10,69,3.8,False,3577,95,1.062342745317305
2,100,10,70,3.7,False,3541,94,1.0449025698955097
2,100,10,71,3.7,False,3566,94,1.0375771172181716
2,100,10,72,3.7,False,3535,95,1.0466760961810466
2,100,10,73,3.7,False,3561,93,1.0390339792193204
2,100,10,74,3.7,False,3565,95,1.0378681626928472
2,100,10,75,17.7,True,3555,95,
2,100,10,76,3.8,False,3559,95,1.0677156504636134
2,100,10,77,3.7,False,3576,92,1.034675615212528
2,100,10,78,3.7,False,3579,95,1.033808326348142
2,100,10,79,3.8,False,3597,95,1.05643591882124
2,100,10,80,3.7,False,3551,94,1.0419600112644325
2,100,10,81,3.7,False,3559,95,1.039617870188255
2,100,10,82,3.7,False,3585,95,1.0320781032078103
2,100,10,83,3.8,False,3595,95,1.0570236439499305
2,100,10,84,3.7,False,3563,95,1.0384507437552624
2,100,10,85,3.7,False,3577,92,1.034386357282639
2,100,10,86,3.7,False,3566,94,1.0375771172181716
2,100,10,87,3.8,False,3569,95,1.0647240123283832
2,100,10,88,3.7,False,3537,94,1.0460842521911224
2,100,10,89,3.7,False,3559,94,1.039617870188255
2,100,10,90,3.7,False,3572,94,1.0358342665173572
2,100,10,91,3.7,False,3612,94,1.0243632336655593
2,100,10,92,3.8,False,3605,95,1.0540915395284327
2,100,10,93,3.7,False,3541,94,1.0449025698955097
2,100,10,94,3.7,False,3571,95,1.0361243349201905
2,100,10,95,3.7,False,3572,95,1.0358342665173572
2,100,10,96,3.7,False,3534,95,1.0469722693831354
2,100,10,97,3.7,False,3545,95,1.0437235543018335
2,100,10,98,3.7,False,3573,95,1.035544360481388
2,100,10,99,3.7,False,3569,95,1.0367049593723732
2,100,10,100,17.6,True,3563,95,
2,100,10,101,3.7,False,3571,95,1.0361243349201905
2,100,10,102,3.7,False,3507,94,1.0550327915597377
2,100,10,103,3.7,False,3603,95,1.0269220094365805
2,100,10,104,3.7,False,3570,94,1.0364145658263306
2,100,10,105,3.7,False,3552,94,1.0416666666666667
2,100,10,106,3.7,False,3544,93,1.0440180586907448
2,100,10,107,3.7,False,3545,95,1.0437235543018335
2,100,10,108,3.7,False,3583,94,1.032654200390734
2,100,10,109,3.8,False,3552,95,1.0698198198198199
2,100,10,110,3.8,False,3592,95,1.0579064587973275
2,100,10,111,3.7,False,3578,94,1.034097261039687
2,100,10,112,3.8,False,3574,95,1.0632344711807498
2,100,10,113,3.7,False,3574,93,1.0352546166759933
2,100,10,114,3.7,False,3578,94,1.034097261039687
2,100,10,115,3.8,False,3597,94,1.05643591882124
2,100,10,116,3.7,False,3587,93,1.031502648452746
2,100,10,117,3.7,False,3575,95,1.034965034965035
2,100,10,118,3.7,False,3593,93,1.0297801280267187
2,100,10,119,3.8,False,3567,95,1.0653209980375666
2,100,10,120,3.8,False,3561,94,1.0671159786576805
2,100,10,121,3.8,False,3646,93,1.0422380691168405
2,100,10,122,3.8,False,3581,95,1.0611561016475846
2,100,10,123,3.7,False,3554,94,1.0410804727068093
2,100,10,124,3.7,False,3588,94,1.0312151616499443
2,100,10,125,17.7,True,3565,95,
2,100,10,126,3.8,False,3565,95,1.0659186535764376
2,100,10,127,3.7,False,3557,93,1.0402024177677818
2,100,10,128,3.8,False,3557,95,1.0683159966263704
2,100,10,129,3.7,False,3584,94,1.0323660714285714
2,100,10,130,3.7,False,3538,95,1.0457885811192764
2,100,10,131,3.8,False,3616,95,1.0508849557522124
2,100,10,132,3.7,False,3601,94,1.0274923632324355
2,100,10,133,3.8,False,3594,95,1.05731775180857
2,100,10,134,3.7,False,3561,93,1.0390339792193204
2,100,10,135,3.7,False,3537,92,1.0460842521911224
2,100,10,136,3.7,False,3586,94,1.0317902955939766
2,100,10,137,3.7,False,3531,93,1.0478617955253469
2,100,10,138,3.8,False,3634,94,1.0456796917996698
2,100,10,139,3.7,False,3574,95,1.0352546166759933
2,100,10,140,3.7,False,3548,93,1.0428410372040586
2,100,10,141,3.7,False,3578,95,1.034097261039687
2,100,10,142,3.8,False,3598,95,1.056142301278488
2,100,10,143,3.8,False,3613,95,1.0517575422086909
2,100,10,144,3.7,False,3577,94,1.034386357282639
2,100,10,145,3.7,False,3574,93,1.0352546166759933
2,100,10,146,3.8,False,3606,95,1.0537992235163616
2,100,10,147,3.7,False,3591,95,1.0303536619326092
2,100,10,148,3.7,False,3551,95,1.0419600112644325
2,100,10,149,3.7,False,3597,93,1.028634973589102
2,100,10,150,17.6,True,3568,94,
2,100,10,151,3.7,False,3544,94,1.0440180586907448
2,100,10,152,3.7,False,3575,93,1.034965034965035
2,100,10,153,3.7,False,3564,95,1.0381593714927049
2,100,10,154,3.7,False,3571,93,1.0361243349201905
2,100,10,155,3.7,False,3604,95,1.0266370699223086
2,100,10,156,3.7,False,3546,94,1.0434292160180485
2,100,10,157,3.7,False,3574,95,1.0352546166759933
2,100,10,158,3.7,False,3574,95,1.0352546166759933
2,100,10,159,3.7,False,3575,93,1.034965034965035
2,100,10,160,3.7,False,3592,94,1.030066815144766
2,100,10,161,3.7,False,3579,95,1.033808326348142
2,100,10,162,3.7,False,3533,94,1.0472686102462496
2,100,10,163,3.7,False,3596,95,1.028921023359288
2,100,10,164,3.7,False,3557,94,1.0402024177677818
2,100,10,165,3.7,False,3580,94,1.0335195530726258
2,100,10,166,3.7,False,3588,95,1.0312151616499443
2,100,10,167,3.7,False,3557,95,1.0402024177677818
2,100,10,168,3.7,False,3534,94,1.0469722693831354
2,100,10,169,3.7,False,3581,93,1.0332309410779112
2,100,10,170,3.8,False,3630,95,1.046831955922865
2,100,10,171,3.7,False,3512,95,1.0535307517084282
2,100,10,172,3.7,False,3564,94,1.0381593714927049
2,100,10,173,3.7,False,3540,95,1.0451977401129944
2,100,10,174,3.7,False,3554,94,1.0410804727068093
2,100,10,175,17.5,True,3568,95,
2,100,10,176,3.7,False,3603,93,1.0269220094365805
2,100,10,177,3.7,False,3575,95,1.034965034965035
2,100,10,178,3.7,False,3566,95,1.0375771172181716
2,100,10,179,3.7,False,3565,95,1.0378681626928472
2,100,10,180,3.8,False,3580,95,1.0614525139664805
2,100,10,181,3.7,False,3558,95,1.0399100618324901
2,100,10,182,3.7,False,3549,95,1.0425471963933501
2,100,10,183,3.7,False,3574,95,1.0352546166759933
2,100,10,184,3.7,False,3573,94,1.035544360481388
2,100,10,185,3.8,False,3603,95,1.054676658340272
2,100,10,186,3.7,False,3557,95,1.0402024177677818
2,100,10,187,3.7,False,3549,95,1.0425471963933501
2,100,10,188,3.7,False,3532,94,1.0475651189127972
2,100,10,189,3.7,False,3591,94,1.0303536619326092
2,100,10,190,3.7,False,3517,94,1.0520329826556725
2,100,10,191,3.7,False,3582,95,1.0329424902289224
2,100,10,192,3.7,False,3533,95,1.0472686102462496
2,100,10,193,3.7,False,3524,94,1.0499432463110103
2,100,10,194,3.7,False,3570,95,1.0364145658263306
2,100,10,195,3.7,False,3585,94,1.0320781032078103
2,100,10,196,3.7,False,3613,94,1.0240797121505674
2,100,10,197,3.7,False,3584,95,1.0323660714285714
2,100,10,198,3.7,False,3558,94,1.0399100618324901
2,100,10,199,3.7,False,3566,95,1.0375771172181716
2,100,10,200,17.7,True,3586,95,
2,100,10,201,3.7,False,3585,95,1.0320781032078103
2,100,10,202,3.7,False,3559,93,1.039617870188255
2,100,10,203,3.7,False,3544,95,1.0440180586907448
2,100,10,204,3.7,False,3554,95,1.0410804727068093
2,100,10,205,3.8,False,3568,95,1.0650224215246638
2,100,10,206,3.8,False,3603,94,1.054676658340272
2,100,10,207,3.7,False,3586,95,1.0317902955939766
2,100,10,208,3.8,False,3567,95,1.0653209980375666
2,100,10,209,3.7,False,3569,95,1.0367049593723732
2,100,10,210,3.7,False,3558,95,1.0399100618324901
2,100,10,211,3.8,False,3593,94,1.057612023378792
2,100,10,212,3.7,False,3540,94,1.0451977401129944
2,100,10,213,3.8,False,3582,95,1.0608598548297041
2,100,10,214,3.8,False,3574,95,1.0632344711807498
2,100,10,215,3.8,False,3610,95,1.0526315789473684
2,100,10,216,3.7,False,3605,94,1.0263522884882108
2,100,10,217,3.8,False,3570,95,1.0644257703081232
2,100,10,218,3.8,False,3584,95,1.0602678571428572
2,100,10,219,3.8,False,3574,95,1.0632344711807498
2,100,10,220,3.7,False,3543,93,1.0443127293254304
2,100,10,221,3.8,False,3562,95,1.0668163952835485
2,100,10,222,3.8,False,3569,94,1.0647240123283832
2,100,10,223,3.8,False,3561,95,1.0671159786576805
2,100,10,224,3.7,False,3530,95,1.048158640226629
2,100,10,225,17.7,True,3521,95,
2,100,10,226,3.8,False,3600,94,1.0555555555555556
2,100,10,227,3.8,False,3611,95,1.0523400720022154
2,100,10,228,3.8,False,3538,95,1.0740531373657434
2,100,10,229,3.7,False,3536,94,1.0463800904977376
2,100,10,230,3.8,False,3588,94,1.0590858416945375
2,100,10,231,3.8,False,3582,95,1.0608598548297041
2,100,10,232,3.8,False,3582,94,1.0608598548297041
2,100,10,233,3.9,False,3587,95,1.0872595483691108
2,100,10,234,3.8,False,3541,95,1.0731431798926856
2,100,10,235,3.8,False,3580,95,1.0614525139664805
2,100,10,236,3.8,False,3571,95,1.0641276953234389
2,100,10,237,3.8,False,3490,95,1.0888252148997135
2,100,10,238,3.8,False,3591,93,1.0582010582010581
2,100,10,239,3.8,False,3597,95,1.05643591882124
2,100,10,240,3.8,False,3568,94,1.0650224215246638
2,100,10,241,3.8,False,3557,94,1.0683159966263704
2,100,10,242,3.7,False,3584,93,1.0323660714285714
2,100,10,243,3.7,False,3509,95,1.0544314619549728
2,100,10,244,3.8,False,3550,94,1.0704225352112675
2,100,10,245,3.8,False,3585,95,1.0599721059972107
2,100,10,246,3.7,False,3540,94,1.0451977401129944
2,100,10,247,3.8,False,3578,95,1.0620458356623812
2,100,10,248,3.7,False,3587,94,1.031502648452746
2,100,10,249,3.7,False,3528,94,1.0487528344671202
2,100,10,250,17.8,True,3546,95,
2,100,10,251,3.7,False,3546,93,1.0434292160180485
2,100,10,252,3.8,False,3548,95,1.0710259301014655
2,100,10,253,3.9,False,3541,95,1.1013837898898615
2,100,10,254,3.8,False,3567,94,1.0653209980375666
2,100,10,255,3.7,False,3563,93,1.0384507437552624
2,100,10,256,3.8,False,3601,95,1.0552624271035824
2,100,10,257,3.8,False,3554,94,1.0692177827799663
2,100,10,258,3.8,False,3585,94,1.0599721059972107
2,100,10,259,3.8,False,3562,95,1.0668163952835485
2,100,10,260,3.8,False,3580,95,1.0614525139664805
2,100,10,261,3.7,False,3550,95,1.0422535211267605
2,100,10,262,3.7,False,3540,95,1.0451977401129944
2,100,10,263,3.7,False,3572,94,1.0358342665173572
2,100,10,264,3.7,False,3557,94,1.0402024177677818
2,100,10,265,3.8,False,3570,95,1.0644257703081232
2,100,10,266,3.7,False,3552,95,1.0416666666666667
2,100,10,267,3.8,False,3600,95,1.0555555555555556
2,100,10,268,3.8,False,3573,95,1.063532045899804
2,100,10,269,3.7,False,3567,95,1.0372862349313148
2,100,10,270,3.8,False,3563,95,1.0665169800729721
2,100,10,271,3.8,False,3575,95,1.062937062937063
2,100,10,272,3.7,False,3590,94,1.0306406685236769
2,100,10,273,3.7,False,3538,95,1.0457885811192764
2,100,10,274,3.8,False,3597,95,1.05643591882124
2,100,10,275,17.7,True,3587,94,
2,100,10,276,3.7,False,3587,95,1.031502648452746
2,100,10,277,3.8,False,3589,95,1.058790749512399
2,100,10,278,3.8,False,3576,95,1.0626398210290828
2,100,10,279,3.7,False,3545,95,1.0437235543018335
2,100,10,280,3.7,False,3517,94,1.0520329826556725
2,100,10,281,3.7,False,3543,95,1.0443127293254304
2,100,10,282,3.8,False,3580,95,1.0614525139664805
2,100,10,283,3.7,False,3598,93,1.028349082823791
2,100,10,284,3.8,False,3553,95,1.0695187165775402
2,100,10,285,3.8,False,3549,95,1.0707241476472247
2,100,10,286,3.8,False,3588,95,1.0590858416945375
2,100,10,287,3.8,False,3579,95,1.0617490919251187
2,100,10,288,3.8,False,3560,95,1.0674157303370786
2,100,10,289,3.7,False,3534,94,1.0469722693831354
2,100,10,290,3.8,False,3561,94,1.0671159786576805
2,100,10,291,3.8,False,3596,95,1.0567296996662958
2,100,10,292,3.8,False,3605,94,1.0540915395284327
2,100,10,293,3.8,False,3518,95,1.0801591813530416
2,100,10,294,3.8,False,3575,94,1.062937062937063
2,100,10,295,3.8,False,3576,94,1.0626398210290828
2,100,10,296,3.8,False,3563,95,1.0665169800729721
2,100,10,297,3.8,False,3580,95,1.0614525139664805
2,100,10,298,4.4,False,3592,95,1.2249443207126949
2,100,10,299,3.8,False,3608,93,1.0532150776053215
2,100,10,300,17.8,True,3588,95,
2,100,10,301,3.7,False,3547,95,1.0431350436989004
2,100,10,302,3.8,False,3606,95,1.0537992235163616
2,100,10,303,3.8,False,3545,95,1.071932299012694
2,100,10,304,3.8,False,3551,95,1.0701210926499578
2,100,10,305,3.8,False,3554,95,1.0692177827799663
2,100,10,306,3.8,False,3587,95,1.0593810984109284
2,100,10,307,3.8,False,3576,95,1.0626398210290828
2,100,10,308,3.8,False,3572,95,1.0638297872340425
2,100,10,309,3.7,False,3473,95,1.0653613590555715
2,100,10,310,3.8,False,3551,95,1.0701210926499578
2,100,10,311,3.8,False,3575,95,1.062937062937063
2,100,10,312,3.8,False,3552,95,1.0698198198198199
2,100,10,313,3.8,False,3613,95,1.0517575422086909
2,100,10,314,3.8,False,3536,95,1.0746606334841629
2,100,10,315,3.8,False,3557,94,1.0683159966263704
2,100,10,316,3.8,False,3533,95,1.075573167279932
2,100,10,317,3.8,False,3576,95,1.0626398210290828
2,100,10,318,3.8,False,3573,95,1.063532045899804
2,100,10,319,3.8,False,3568,95,1.0650224215246638
2,100,10,320,3.8,False,3591,95,1.0582010582010581
2,100,10,321,3.8,False,3547,95,1.0713278827177897
2,100,10,322,3.8,False,3547,95,1.0713278827177897
2,100,10,323,3.8,False,3585,95,1.0599721059972107
2,100,10,324,3.8,False,3526,95,1.0777084515031197
2,100,10,325,17.9,True,3533,95,
2,100,10,326,3.8,False,3597,95,1.05643591882124
2,100,10,327,3.8,False,3532,95,1.0758776896942241
2,100,10,328,3.8,False,3578,95,1.0620458356623812
2,100,10,329,3.8,False,3578,94,1.0620458356623812
2,100,10,330,3.9,False,3575,94,1.0909090909090908
2,100,10,331,3.8,False,3548,94,1.0710259301014655
2,100,10,332,3.8,False,3542,95,1.072840203274986
2,100,10,333,3.8,False,3559,95,1.0677156504636134
2,100,10,334,3.8,False,3582,95,1.0608598548297041
2,100,10,335,3.7,False,3516,95,1.0523321956769056
2,100,10,336,3.8,False,3569,95,1.0647240123283832
2,100,10,337,3.8,False,3609,95,1.0529232474369632
2,100,10,338,3.8,False,3552,94,1.0698198198198199
2,100,10,339,3.8,False,3532,95,1.0758776896942241
2,100,10,340,3.7,False,3500,94,1.0571428571428572
2,100,10,341,3.8,False,3587,95,1.0593810984109284
2,100,10,342,3.8,False,3537,95,1.0743567995476393
2,100,10,343,3.8,False,3541,95,1.0731431798926856
2,100,10,344,3.8,False,3562,95,1.0668163952835485
2,100,10,345,3.8,False,3589,93,1.058790749512399
2,100,10,346,3.8,False,3563,95,1.0665169800729721
2,100,10,347,3.7,False,3557,95,1.0402024177677818
2,100,10,348,3.8,False,3596,95,1.0567296996662958
2,100,10,349,3.8,False,3561,95,1.0671159786576805
2,100,10,350,17.8,True,3549,95,
2,100,10,351,3.7,False,3553,94,1.0413734871939206
2,100,10,352,3.8,False,3575,95,1.062937062937063
2,100,10,353,3.8,False,3536,95,1.0746606334841629
2,100,10,354,3.8,False,3581,95,1.0611561016475846
2,100,10,355,3.8,False,3549,95,1.0707241476472247
2,100,10,356,3.8,False,3574,94,1.0632344711807498
2,100,10,357,3.8,False,3602,94,1.0549694614103275
2,100,10,358,3.7,False,3510,95,1.0541310541310542
2,100,10,359,3.8,False,3564,95,1.0662177328843996
2,100,10,360,3.8,False,3581,95,1.0611561016475846
2,100,10,361,3.7,False,3561,94,1.0390339792193204
2,100,10,362,3.7,False,3562,95,1.038742279618192
2,100,10,363,3.7,False,3567,95,1.0372862349313148
2,100,10,364,3.8,False,3552,95,1.0698198198198199
2,100,10,365,3.7,False,3511,95,1.0538308174309314
2,100,10,366,3.8,False,3575,95,1.062937062937063
2,100,10,367,3.7,False,3517,95,1.0520329826556725
2,100,10,368,3.8,False,3573,95,1.063532045899804
2,100,10,369,3.8,False,3594,95,1.05731775180857
2,100,10,370,3.8,False,3573,95,1.063532045899804
2,100,10,371,3.8,False,3541,95,1.0731431798926856
2,100,10,372,3.7,False,3558,94,1.0399100618324901
2,100,10,373,3.7,False,3585,95,1.0320781032078103
2,100,10,374,3.7,False,3542,95,1.0446075663466967
2,100,10,375,17.7,True,3578,95,
2,100,10,376,3.8,False,3585,95,1.0599721059972107
2,100,10,377,3.7,False,3531,94,1.0478617955253469
2,100,10,378,3.7,False,3568,95,1.0369955156950672
2,100,10,379,3.7,False,3578,93,1.034097261039687
2,100,10,380,3.7,False,3552,95,1.0416666666666667
2,100,10,381,3.7,False,3538,94,1.0457885811192764
2,100,10,382,3.7,False,3563,95,1.0384507437552624
2,100,10,383,3.8,False,3588,95,1.0590858416945375
2,100,10,384,3.7,False,3607,95,1.0257831993346271
2,100,10,385,3.8,False,3591,95,1.0582010582010581
2,100,10,386,3.8,False,3578,94,1.0620458356623812
2,100,10,387,3.7,False,3552,95,1.0416666666666667
2,100,10,388,3.7,False,3549,95,1.0425471963933501
2,100,10,389,3.7,False,3539,94,1.0454930771404352
2,100,10,390,3.7,False,3501,95,1.0568409025992573
2,100,10,391,3.7,False,3558,95,1.0399100618324901
2,100,10,392,3.8,False,3576,95,1.0626398210290828
2,100,10,393,3.7,False,3544,94,1.0440180586907448
2,100,10,394,3.7,False,3551,95,1.0419600112644325
2,100,10,395,3.7,False,3556,95,1.0404949381327333
2,100,10,396,3.7,False,3580,95,1.0335195530726258
2,100,10,397,3.7,False,3521,95,1.050837830161886
2,100,10,398,3.7,False,3579,94,1.033808326348142
2,100,10,399,3.7,False,3560,95,1.0393258426966292
2,100,10,400,17.5,True,3577,95,
2,100,10,401,3.7,False,3543,95,1.0443127293254304
2,100,10,402,3.7,False,3545,94,1.0437235543018335
2,100,10,403,3.7,False,3554,95,1.0410804727068093
2,100,10,404,3.7,False,3541,95,1.0449025698955097
2,100,10,405,3.7,False,3575,95,1.034965034965035
2,100,10,406,3.7,False,3557,95,1.0402024177677818
2,100,10,407,3.7,False,3573,95,1.035544360481388
2,100,10,408,3.7,False,3593,94,1.0297801280267187
2,100,10,409,3.7,False,3530,95,1.048158640226629
2,100,10,410,3.7,False,3515,95,1.0526315789473684
2,100,10,411,3.8,False,3574,95,1.0632344711807498
2,100,10,412,3.7,False,3553,95,1.0413734871939206
2,100,10,413,3.7,False,3543,95,1.0443127293254304
2,100,10,414,3.7,False,3540,95,1.0451977401129944
2,100,10,415,3.7,False,3573,95,1.035544360481388
2,100,10,416,3.8,False,3583,95,1.0605637733742674
2,100,10,417,3.7,False,3519,95,1.0514350667803354
2,100,10,418,3.7,False,3562,95,1.038742279618192
2,100,10,419,3.7,False,3503,95,1.0562375107051098
2,100,10,420,3.8,False,3528,95,1.0770975056689343
2,100,10,421,3.7,False,3561,94,1.0390339792193204
2,100,10,422,3.7,False,3572,95,1.0358342665173572
2,100,10,423,3.7,False,3507,95,1.0550327915597377
2,100,10,424,3.7,False,3569,95,1.0367049593723732
2,100,10,425,17.5,True,3531,95,
2,100,10,426,3.7,False,3527,95,1.0490501842925999
2,100,10,427,3.7,False,3552,94,1.0416666666666667
2,100,10,428,3.7,False,3545,95,1.0437235543018335
2,100,10,429,3.7,False,3544,95,1.0440180586907448
2,100,10,430,3.7,False,3594,95,1.0294936004451865
2,100,10,431,3.7,False,3559,95,1.039617870188255
2,100,10,432,3.7,False,3531,95,1.0478617955253469
2,100,10,433,3.7,False,3569,95,1.0367049593723732
2,100,10,434,3.7,False,3543,95,1.0443127293254304
2,100,10,435,3.7,False,3540,94,1.0451977401129944
2,100,10,436,3.8,False,3570,95,1.0644257703081232
2,100,10,437,3.7,False,3525,94,1.049645390070922
2,100,10,438,3.7,False,3507,95,1.0550327915597377
2,100,10,439,3.8,False,3575,95,1.062937062937063
2,100,10,440,3.8,False,3555,95,1.0689170182841068
2,100,10,441,3.7,False,3557,95,1.0402024177677818
2,100,10,442,3.8,False,3563,95,1.0665169800729721
2,100,10,443,3.8,False,3563,95,1.0665169800729721
2,100,10,444,3.8,False,3582,95,1.0608598548297041
2,100,10,445,3.8,False,3563,95,1.0665169800729721
2,100,10,446,3.8,False,3554,94,1.0692177827799663
2,100,10,447,3.8,False,3547,95,1.0713278827177897
2,100,10,448,3.8,False,3547,95,1.0713278827177897
2,100,10,449,3.8,False,3581,95,1.0611561016475846
2,100,10,450,17.9,True,3574,95,
2,100,10,451,3.7,False,3511,95,1.0538308174309314
2,100,10,452,3.8,False,3579,94,1.0617490919251187
2,100,10,453,3.8,False,3501,95,1.0854041702370751
2,100,10,454,3.8,False,3585,95,1.0599721059972107
2,100,10,455,3.7,False,3502,95,1.05653912050257
2,100,10,456,3.7,False,3574,94,1.0352546166759933
2,100,10,457,3.6,False,3484,94,1.0332950631458093
2,100,10,458,3.7,False,3572,95,1.0358342665173572
2,100,10,459,3.7,False,3529,95,1.0484556531595353
2,100,10,460,3.7,False,3526,95,1.0493477027793534
2,100,10,461,3.7,False,3548,95,1.0428410372040586
2,100,10,462,3.7,False,3555,95,1.0407876230661042
2,100,10,463,3.7,False,3516,95,1.0523321956769056
2,100,10,464,3.7,False,3527,95,1.0490501842925999
2,100,10,465,3.7,False,3511,95,1.0538308174309314
2,100,10,466,3.7,False,3551,95,1.0419600112644325
2,100,10,467,3.7,False,3527,95,1.0490501842925999
2,100,10,468,3.7,False,3545,95,1.0437235543018335
2,100,10,469,3.7,False,3534,95,1.0469722693831354
2,100,10,470,3.7,False,3589,95,1.0309278350515463
2,100,10,471,3.7,False,3564,95,1.0381593714927049
2,100,10,472,3.7,False,3529,95,1.0484556531595353
2,100,10,473,3.7,False,3569,94,1.0367049593723732
2,100,10,474,3.7,False,3548,95,1.0428410372040586
2,100,10,475,17.4,True,3519,95,
2,100,10,476,3.7,False,3506,94,1.0553337136337706
2,100,10,477,3.7,False,3577,95,1.034386357282639
2,100,10,478,3.8,False,3592,95,1.0579064587973275
2,100,10,479,3.8,False,3573,95,1.063532045899804
2,100,10,480,3.7,False,3571,95,1.0361243349201905
2,100,10,481,3.7,False,3556,94,1.0404949381327333
2,100,10,482,4.0,False,3580,95,1.1173184357541899
2,100,10,483,3.7,False,3541,95,1.0449025698955097
2,100,10,484,4.0,False,3565,95,1.1220196353436185
2,100,10,485,3.7,False,3530,94,1.048158640226629
2,100,10,486,3.8,False,3564,95,1.0662177328843996
2,100,10,487,3.7,False,3557,95,1.0402024177677818
2,100,10,488,3.7,False,3561,94,1.0390339792193204
2,100,10,489,3.7,False,3508,95,1.0547320410490308
2,100,10,490,3.7,False,3504,95,1.0559360730593608
2,100,10,491,3.7,False,3532,95,1.0475651189127972
2,100,10,492,3.8,False,3519,95,1.0798522307473715
2,100,10,493,3.8,False,3594,95,1.05731775180857
2,100,10,494,3.7,False,3556,95,1.0404949381327333
2,100,10,495,3.8,False,3519,95,1.0798522307473715
2,100,10,496,3.8,False,3534,95,1.075268817204301
2,100,10,497,3.7,False,3519,95,1.0514350667803354
2,100,10,498,3.8,False,3566,95,1.065619742007852
2,100,10,499,3.7,False,3528,94,1.0487528344671202
2,100,10,500,17.7,True,3556,95,
3,100,20,1,60.9,False,3662,95,16.63025669033315
3,100,20,2,25.3,False,3646,94,6.93911135490949
3,100,20,3,4.2,False,3629,94,1.1573436208321852
3,100,20,4,4.3,False,3696,93,1.1634199134199135
3,100,20,5,4.3,False,3710,95,1.1590296495956873
3,100,20,6,4.4,False,3707,95,1.1869436201780414
3,100,20,7,4.3,False,3659,94,1.1751844766329598
3,100,20,8,4.2,False,3587,95,1.1708948982436576
3,100,20,9,4.4,False,3708,95,1.186623516720604
3,100,20,10,4.4,False,3656,95,1.2035010940919038
3,100,20,11,4.3,False,3682,94,1.1678435632808257
3,100,20,12,4.7,False,3680,94,1.2771739130434783
3,100,20,13,4.4,False,3727,94,1.1805741883552454
3,100,20,14,4.3,False,3675,93,1.1700680272108843
3,100,20,15,4.3,False,3618,95,1.1885019347705914
3,100,20,16,4.3,False,3675,95,1.1700680272108843
3,100,20,17,4.4,False,3708,95,1.186623516720604
3,100,20,18,4.4,False,3714,94,1.1847065158858374
3,100,20,19,6.2,False,3693,95,1.6788518819388032
3,100,20,20,4.3,False,3712,93,1.1584051724137931
3,100,20,21,4.3,False,3681,95,1.1681608258625373
3,100,20,22,4.3,False,3699,93,1.1624763449580968
3,100,20,23,4.4,False,3705,94,1.1875843454790824
3,100,20,24,4.3,False,3650,94,1.178082191780822
3,100,20,25,21.2,True,3723,95,
3,100,20,26,4.3,False,3664,94,1.1735807860262009
3,100,20,27,4.3,False,3683,94,1.1675264729839805
3,100,20,28,4.3,False,3671,95,1.1713429583219832
3,100,20,29,4.2,False,3670,93,1.1444141689373297
3,100,20,30,4.3,False,3696,93,1.1634199134199135
3,100,20,31,4.3,False,3632,93,1.183920704845815
3,100,20,32,4.2,False,3663,93,1.1466011466011465
3,100,20,33,4.3,False,3670,95,1.1716621253405994
3,100,20,34,4.2,False,3653,95,1.149739939775527
3,100,20,35,4.3,False,3667,95,1.1726206708481046
3,100,20,36,4.3,False,3693,94,1.164365014893041
3,100,20,37,4.2,False,3698,93,1.1357490535424555
3,100,20,38,4.3,False,3714,94,1.1577813677975228
3,100,20,39,4.3,False,3687,94,1.1662598318416055
3,100,20,40,4.3,False,3640,95,1.1813186813186813
3,100,20,41,4.3,False,3658,95,1.1755057408419902
3,100,20,42,4.3,False,3676,95,1.1697497279651796
3,100,20,43,4.3,False,3715,94,1.1574697173620458
3,100,20,44,4.3,False,3705,95,1.1605937921727396
3,100,20,45,4.3,False,3675,95,1.1700680272108843
3,100,20,46,4.3,False,3718,94,1.1565357719203873
3,100,20,47,4.3,False,3726,94,1.1540526033279657
3,100,20,48,4.3,False,3704,93,1.1609071274298055
3,100,20,49,4.5,False,3759,93,1.1971268954509178
3,100,20,50,19.7,True,3694,92,
3,100,20,51,4.3,False,3718,93,1.1565357719203873
3,100,20,52,4.4,False,3683,95,1.1946782514254684
3,100,20,53,4.5,False,3689,94,1.2198427758200054
3,100,20,54,4.4,False,3649,95,1.2058098109070978
3,100,20,55,4.3,False,3637,94,1.1822930987077263
3,100,20,56,4.4,False,3688,94,1.193058568329718
3,100,20,57,4.4,False,3656,94,1.2035010940919038
3,100,20,58,4.4,False,3717,94,1.183750336292709
3,100,20,59,4.4,False,3664,95,1.2008733624454149
3,100,20,60,4.5,False,3639,94,1.2366034624896949
3,100,20,61,4.4,False,3664,94,1.2008733624454149
3,100,20,62,4.3,False,3691,94,1.164995936060688
3,100,20,63,4.3,False,3640,94,1.1813186813186813
3,100,20,64,4.2,False,3601,94,1.16634268258817
3,100,20,65,4.3,False,3684,95,1.1672095548317047
3,100,20,66,10.3,False,3674,93,2.803483941208492
3,100,20,67,4.2,False,3645,94,1.1522633744855968
3,100,20,68,4.1,False,3680,94,1.1141304347826086
3,100,20,69,4.2,False,3684,95,1.1400651465798046
3,100,20,70,4.2,False,3647,94,1.1516314779270633
3,100,20,71,4.2,False,3714,94,1.1308562197092085
3,100,20,72,4.2,False,3658,95,1.1481683980317112
3,100,20,73,4.1,False,3656,94,1.1214442013129102
3,100,20,74,4.7,False,3677,93,1.2782159369050856
3,100,20,75,19.5,True,3684,92,
3,100,20,76,4.7,False,3653,95,1.2866137421297563
3,100,20,77,4.3,False,3666,93,1.1729405346426622
3,100,20,78,4.2,False,3664,95,1.1462882096069869
3,100,20,79,4.4,False,3682,93,1.1950027159152634
3,100,20,80,4.3,False,3720,94,1.1559139784946237
3,100,20,81,4.3,False,3667,95,1.1726206708481046
3,100,20,82,4.3,False,3671,95,1.1713429583219832
3,100,20,83,4.4,False,3735,93,1.178045515394913
3,100,20,84,4.3,False,3681,94,1.1681608258625373
3,100,20,85,4.3,False,3685,95,1.1668928086838535
3,100,20,86,4.3,False,3693,95,1.164365014893041
3,100,20,87,4.3,False,3729,93,1.1531241619737196
3,100,20,88,4.3,False,3621,95,1.1875172604252968
3,100,20,89,4.4,False,3629,95,1.212455221824194
3,100,20,90,4.3,False,3694,95,1.1640498105035193
3,100,20,91,4.2,False,3679,93,1.1416145691764066
3,100,20,92,4.2,False,3663,94,1.1466011466011465
3,100,20,93,4.2,False,3663,95,1.1466011466011465
3,100,20,94,4.2,False,3624,94,1.1589403973509933
3,100,20,95,4.3,False,3682,95,1.1678435632808257
3,100,20,96,4.2,False,3632,95,1.1563876651982379
3,100,20,97,4.2,False,3685,93,1.1397557666214382
3,100,20,98,4.3,False,3707,95,1.1599676288103589
3,100,20,99,4.2,False,3630,94,1.1570247933884297
3,100,20,100,19.1,True,3653,93,
3,100,20,101,4.1,False,3668,95,1.1177753544165758
3,100,20,102,4.1,False,3699,95,1.1084076777507434
3,100,20,103,4.2,False,3736,94,1.1241970021413277
3,100,20,104,4.1,False,3693,93,1.1102085025724344
3,100,20,105,4.1,False,3707,94,1.1060156460749933
3,100,20,106,4.0,False,3671,93,1.089621356578589
3,100,20,107,4.1,False,3716,93,1.1033369214208826
3,100,20,108,4.2,False,3715,94,1.1305518169582773
3,100,20,109,4.2,False,3699,94,1.1354420113544201
3,100,20,110,4.2,False,3719,94,1.1293358429685398
3,100,20,111,4.2,False,3712,94,1.1314655172413792
3,100,20,112,4.3,False,3720,92,1.1559139784946237
3,100,20,113,4.3,False,3713,95,1.1580931861028818
3,100,20,114,4.2,False,3693,93,1.1372867587327375
3,100,20,115,4.3,False,3761,94,1.1433129486838607
3,100,20,116,4.3,False,3703,95,1.1612206319200649
3,100,20,117,4.3,False,3727,94,1.1537429568017172
3,100,20,118,4.3,False,3699,94,1.1624763449580968
3,100,20,119,4.3,False,3719,94,1.156224791610648
3,100,20,120,4.3,False,3727,94,1.1537429568017172
3,100,20,121,4.3,False,3729,95,1.1531241619737196
3,100,20,122,4.4,False,3718,94,1.183431952662722
3,100,20,123,4.3,False,3724,93,1.154672395273899
3,100,20,124,4.3,False,3708,94,1.1596548004314995
3,100,20,125,20.0,True,3696,93,
3,100,20,126,4.4,False,3703,94,1.18822576289495
3,100,20,127,4.4,False,3685,95,1.1940298507462686
3,100,20,128,4.4,False,3722,93,1.182160128962923
3,100,20,129,4.4,False,3730,93,1.1796246648793565
3,100,20,130,4.3,False,3691,93,1.164995936060688
3,100,20,131,4.4,False,3697,94,1.190154179064106
3,100,20,132,6.2,False,3718,95,1.6675632060247445
3,100,20,133,4.5,False,3702,95,1.2155591572123177
3,100,20,134,4.3,False,3642,95,1.1806699615595826
3,100,20,135,4.3,False,3659,94,1.1751844766329598
3,100,20,136,4.3,False,3691,93,1.164995936060688
3,100,20,137,4.2,False,3656,92,1.148796498905908
3,100,20,138,4.2,False,3725,92,1.1275167785234899
3,100,20,139,4.3,False,3710,94,1.1590296495956873
3,100,20,140,54.7,False,3707,95,14.755867278122471
3,100,20,141,4.3,False,3666,95,1.1729405346426622
3,100,20,142,4.2,False,3711,95,1.131770412287793
3,100,20,143,4.2,False,3732,93,1.1254019292604502
3,100,20,144,4.1,False,3690,93,1.1111111111111112
3,100,20,145,4.1,False,3718,93,1.102743410435718
3,100,20,146,4.2,False,3749,93,1.1202987463323553
3,100,20,147,4.1,False,3711,93,1.1048234977095122
3,100,20,148,7.6,False,3709,94,2.0490698301428956
3,100,20,149,4.0,False,3634,93,1.100715465052284
3,100,20,150,19.3,True,3745,94,
3,100,20,151,4.2,False,3709,94,1.1323806956052844
3,100,20,152,4.2,False,3700,94,1.135135135135135
3,100,20,153,4.1,False,3706,94,1.1063140852671345
3,100,20,154,4.2,False,3735,94,1.1244979919678715
3,100,20,155,4.1,False,3660,95,1.1202185792349726
3,100,20,156,4.1,False,3677,94,1.1150394343214578
3,100,20,157,4.1,False,3684,95,1.1129207383279045
3,100,20,158,4.3,False,3734,92,1.1515800749866096
3,100,20,159,4.3,False,3661,94,1.1745424747336792
3,100,20,160,4.3,False,3674,95,1.170386499727817
3,100,20,161,15.6,False,3719,94,4.1946759881688624
3,100,20,162,9.7,False,3675,92,2.639455782312925
3,100,20,163,4.3,False,3662,95,1.1742217367558712
3,100,20,164,4.4,False,3682,94,1.1950027159152634
3,100,20,165,6.5,False,3661,94,1.7754711827369571
3,100,20,166,4.4,False,3699,93,1.1895106785617735
3,100,20,167,4.4,False,3695,92,1.1907983761840324
3,100,20,168,4.4,False,3699,94,1.1895106785617735
3,100,20,169,4.4,False,3706,95,1.1872638963842417
3,100,20,170,4.5,False,3738,94,1.203852327447833
3,100,20,171,4.4,False,3697,95,1.190154179064106
3,100,20,172,4.3,False,3678,94,1.1691136487221316
3,100,20,173,4.4,False,3649,95,1.2058098109070978
3,100,20,174,4.3,False,3668,95,1.1723009814612868
3,100,20,175,19.7,True,3680,93,
3,100,20,176,4.3,False,3677,95,1.1694316018493336
3,100,20,177,8.9,False,3695,94,2.408660351826793
3,100,20,178,4.2,False,3639,95,1.1541632316570487
3,100,20,179,4.3,False,3676,95,1.1697497279651796
3,100,20,180,4.2,False,3649,94,1.1510002740476843
3,100,20,181,4.2,False,3663,93,1.1466011466011465
3,100,20,182,4.3,False,3694,95,1.1640498105035193
3,100,20,183,4.1,False,3667,92,1.1180801745295883
3,100,20,184,8.7,False,3654,95,2.380952380952381
3,100,20,185,4.2,False,3694,94,1.136978884677856
3,100,20,186,4.3,False,3655,95,1.1764705882352942
3,100,20,187,4.2,False,3657,93,1.1484823625922889
3,100,20,188,4.1,False,3674,92,1.115949918345128
3,100,20,189,4.3,False,3688,94,1.165943600867679
3,100,20,190,4.3,False,3662,94,1.1742217367558712
3,100,20,191,4.2,False,3668,95,1.1450381679389312
3,100,20,192,6.2,False,3691,94,1.6797615822270386
3,100,20,193,4.3,False,3670,94,1.1716621253405994
3,100,20,194,4.2,False,3640,95,1.1538461538461537
3,100,20,195,4.3,False,3691,93,1.164995936060688
3,100,20,196,5.2,False,3723,94,1.3967230727907602
3,100,20,197,4.2,False,3639,94,1.1541632316570487
3,100,20,198,4.3,False,3644,92,1.1800219538968166
3,100,20,199,4.2,False,3666,92,1.1456628477905073
3,100,20,200,19.6,True,3690,95,
3,100,20,201,4.3,False,3673,94,1.1707051456575006
3,100,20,202,4.3,False,3685,94,1.1668928086838535
3,100,20,203,4.2,False,3665,93,1.145975443383356
3,100,20,204,4.3,False,3662,95,1.1742217367558712
3,100,20,205,4.3,False,3716,94,1.1571582346609257
3,100,20,206,4.3,False,3729,95,1.1531241619737196
3,100,20,207,4.3,False,3679,93,1.1687958684425115
3,100,20,208,4.3,False,3658,94,1.1755057408419902
3,100,20,209,4.2,False,3663,95,1.1466011466011465
3,100,20,210,4.2,False,3661,93,1.147227533460803
3,100,20,211,4.2,False,3653,94,1.149739939775527
3,100,20,212,4.2,False,3669,95,1.1447260834014719
3,100,20,213,4.2,False,3714,94,1.1308562197092085
3,100,20,214,4.2,False,3668,93,1.1450381679389312
3,100,20,215,4.2,False,3665,93,1.145975443383356
3,100,20,216,4.2,False,3716,94,1.1302475780409043
3,100,20,217,4.3,False,3678,94,1.1691136487221316
3,100,20,218,4.2,False,3655,95,1.1491108071135432
3,100,20,219,4.2,False,3686,95,1.1394465545306565
3,100,20,220,4.2,False,3579,93,1.173512154233026
3,100,20,221,4.3,False,3692,93,1.1646803900325027
3,100,20,222,4.2,False,3629,95,1.1573436208321852
3,100,20,223,4.3,False,3662,95,1.1742217367558712
3,100,20,224,6.8,False,3678,95,1.848830886351278
3,100,20,225,19.5,True,3659,94,
3,100,20,226,4.2,False,3724,94,1.1278195488721805
3,100,20,227,4.0,False,3633,93,1.1010184420589044
3,100,20,228,4.2,False,3693,93,1.1372867587327375
3,100,20,229,4.1,False,3670,94,1.11716621253406
3,100,20,230,4.2,False,3725,95,1.1275167785234899
3,100,20,231,4.1,False,3687,95,1.1120151885001357
3,100,20,232,4.1,False,3674,94,1.115949918345128
3,100,20,233,4.2,False,3716,94,1.1302475780409043
3,100,20,234,4.1,False,3705,95,1.106612685560054
3,100,20,235,4.1,False,3679,94,1.1144332699103017
3,100,20,236,4.2,False,3751,95,1.119701412956545
3,100,20,237,4.1,False,3670,93,1.11716621253406
3,100,20,238,4.2,False,3710,94,1.1320754716981132
3,100,20,239,4.2,False,3705,94,1.1336032388663968
3,100,20,240,4.0,False,3690,93,1.084010840108401
3,100,20,241,4.1,False,3700,93,1.1081081081081081
3,100,20,242,4.4,False,3690,95,1.1924119241192412
3,100,20,243,4.4,False,3642,94,1.2081274025260846
3,100,20,244,4.4,False,3673,94,1.197930846719303
3,100,20,245,4.3,False,3650,94,1.178082191780822
3,100,20,246,4.4,False,3663,95,1.2012012012012012
3,100,20,247,4.5,False,3708,95,1.2135922330097086
3,100,20,248,4.2,False,3641,94,1.1535292502059873
3,100,20,249,4.4,False,3658,93,1.202843083652269
3,100,20,250,19.8,True,3677,92,
3,100,20,251,4.1,False,3613,93,1.1347910323830612
3,100,20,252,4.4,False,3634,95,1.2107870115575123
3,100,20,253,4.3,False,3649,95,1.178405042477391
3,100,20,254,4.2,False,3642,94,1.1532125205930808
3,100,20,255,4.3,False,3636,94,1.1826182618261827
3,100,20,256,4.4,False,3692,95,1.191765980498375
3,100,20,257,4.3,False,3639,95,1.181643308601264
3,100,20,258,4.3,False,3659,94,1.1751844766329598
3,100,20,259,4.4,False,3662,93,1.2015292190060076
3,100,20,260,4.3,False,3675,94,1.1700680272108843
3,100,20,261,4.3,False,3707,93,1.1599676288103589
3,100,20,262,4.3,False,3656,93,1.176148796498906
3,100,20,263,4.4,False,3686,94,1.1937059142702116
3,100,20,264,4.2,False,3626,93,1.1583011583011582
3,100,20,265,4.4,False,3609,95,1.2191742865059574
3,100,20,266,4.4,False,3629,95,1.212455221824194
3,100,20,267,4.2,False,3660,94,1.1475409836065573
3,100,20,268,4.3,False,3691,94,1.164995936060688
3,100,20,269,4.3,False,3706,94,1.1602806260118725
3,100,20,270,4.1,False,3624,94,1.1313465783664458
3,100,20,271,4.2,False,3634,94,1.1557512383048982
3,100,20,272,4.3,False,3680,95,1.1684782608695652
3,100,20,273,4.2,False,3639,95,1.1541632316570487
3,100,20,274,4.3,False,3686,94,1.166576234400434
3,100,20,275,19.8,True,3671,95,
3,100,20,276,4.2,False,3655,94,1.1491108071135432
3,100,20,277,4.3,False,3655,93,1.1764705882352942
3,100,20,278,4.4,False,3670,95,1.1989100817438691
3,100,20,279,4.3,False,3618,94,1.1885019347705914
3,100,20,280,4.4,False,3724,94,1.1815252416756177
3,100,20,281,4.4,False,3664,95,1.2008733624454149
3,100,20,282,4.3,False,3695,94,1.1637347767253046
3,100,20,283,4.3,False,3669,92,1.171981466339602
3,100,20,284,4.4,False,3671,93,1.1985834922364478
3,100,20,285,4.4,False,3683,93,1.1946782514254684
3,100,20,286,4.3,False,3701,93,1.1618481491488786
3,100,20,287,4.4,False,3698,94,1.1898323418063819
3,100,20,288,4.3,False,3691,93,1.164995936060688
3,100,20,289,4.3,False,3674,94,1.170386499727817
3,100,20,290,4.4,False,3689,94,1.192735158579561
3,100,20,291,4.4,False,3711,93,1.1856642414443546
3,100,20,292,4.3,False,3661,93,1.1745424747336792
3,100,20,293,4.4,False,3638,94,1.2094557449147882
3,100,20,294,4.3,False,3648,94,1.1787280701754386
3,100,20,295,4.2,False,3679,92,1.1416145691764066
3,100,20,296,4.3,False,3628,95,1.185226019845645
3,100,20,297,4.4,False,3721,94,1.182477828540715
3,100,20,298,4.3,False,3688,92,1.165943600867679
3,100,20,299,4.2,False,3632,95,1.1563876651982379
3,100,20,300,19.6,True,3685,93,
3,100,20,301,4.4,False,3712,94,1.1853448275862069
3,100,20,302,4.2,False,3670,94,1.1444141689373297
3,100,20,303,4.3,False,3567,94,1.2054948135688253
3,100,20,304,4.3,False,3658,93,1.1755057408419902
3,100,20,305,4.3,False,3677,95,1.1694316018493336
3,100,20,306,4.4,False,3744,94,1.1752136752136753
3,100,20,307,4.4,False,3694,95,1.1911207363291825
3,100,20,308,4.3,False,3699,95,1.1624763449580968
3,100,20,309,4.3,False,3668,95,1.1723009814612868
3,100,20,310,4.4,False,3686,94,1.1937059142702116
3,100,20,311,4.2,False,3712,94,1.1314655172413792
3,100,20,312,4.3,False,3725,93,1.1543624161073827
3,100,20,313,4.4,False,3758,92,1.1708355508249069
3,100,20,314,4.3,False,3669,94,1.171981466339602
3,100,20,315,4.2,False,3706,95,1.1332973556395034
3,100,20,316,4.3,False,3704,94,1.1609071274298055
3,100,20,317,4.3,False,3694,93,1.1640498105035193
3,100,20,318,4.1,False,3726,93,1.1003757380568975
3,100,20,319,4.0,False,3673,94,1.0890280424720937
3,100,20,320,4.1,False,3721,94,1.1018543402311207
3,100,20,321,4.1,False,3689,94,1.1114123068582271
3,100,20,322,4.1,False,3715,94,1.1036339165545088
3,100,20,323,4.0,False,3690,92,1.084010840108401
3,100,20,324,4.0,False,3727,92,1.0732492621411323
3,100,20,325,19.1,True,3700,94,
3,100,20,326,4.1,False,3697,94,1.1090073032188261
3,100,20,327,4.1,False,3744,95,1.0950854700854702
3,100,20,328,4.0,False,3713,92,1.0772959870724481
3,100,20,329,4.0,False,3726,94,1.0735373054213635
3,100,20,330,4.1,False,3717,94,1.1030400860909335
3,100,20,331,4.0,False,3669,93,1.0902153175252112
3,100,20,332,4.0,False,3695,95,1.0825439783491204
3,100,20,333,4.2,False,3731,94,1.125703564727955
3,100,20,334,4.4,False,3734,93,1.1783610069630424
3,100,20,335,4.4,False,3690,94,1.1924119241192412
3,100,20,336,4.1,False,3686,93,1.112316874660879
3,100,20,337,4.3,False,3734,93,1.1515800749866096
3,100,20,338,4.3,False,3714,93,1.1577813677975228
3,100,20,339,4.3,False,3681,94,1.1681608258625373
3,100,20,340,4.4,False,3705,94,1.1875843454790824
3,100,20,341,4.4,False,3719,93,1.183113740252756
3,100,20,342,4.2,False,3688,93,1.13882863340564
3,100,20,343,4.4,False,3679,93,1.1959771677086164
3,100,20,344,4.4,False,3711,91,1.1856642414443546
3,100,20,345,4.3,False,3695,95,1.1637347767253046
3,100,20,346,4.4,False,3727,94,1.1805741883552454
3,100,20,347,4.5,False,3695,94,1.2178619756427604
3,100,20,348,4.4,False,3734,95,1.1783610069630424
3,100,20,349,4.4,False,3704,93,1.187904967602592
3,100,20,350,20.1,True,3691,94,
3,100,20,351,4.4,False,3696,95,1.1904761904761905
3,100,20,352,4.4,False,3705,93,1.1875843454790824
3,100,20,353,4.7,False,3725,93,1.261744966442953
3,100,20,354,4.3,False,3719,92,1.156224791610648
3,100,20,355,4.4,False,3677,94,1.1966276856132716
3,100,20,356,4.4,False,3705,94,1.1875843454790824
3,100,20,357,29.1,False,3739,95,7.782829633591869
3,100,20,358,4.5,False,3662,95,1.228836701256144
3,100,20,359,4.5,False,3684,92,1.221498371335505
3,100,20,360,4.6,False,3685,93,1.2483039348710991
3,100,20,361,4.5,False,3689,92,1.2198427758200054
3,100,20,362,4.6,False,3680,95,1.25
3,100,20,363,4.5,False,3704,92,1.214902807775378
3,100,20,364,4.4,False,3684,92,1.1943539630836049
3,100,20,365,4.5,False,3653,95,1.2318642211880646
3,100,20,366,4.4,False,3621,94,1.2151339409003037
3,100,20,367,4.4,False,3716,93,1.1840688912809472
3,100,20,368,47.8,False,3676,94,13.003264417845484
3,100,20,369,4.2,False,3676,94,1.1425462459194777
3,100,20,370,4.3,False,3681,93,1.1681608258625373
3,100,20,371,7.8,False,3676,92,2.121871599564744
3,100,20,372,4.1,False,3634,93,1.1282333516785912
3,100,20,373,4.3,False,3665,94,1.1732605729877217
3,100,20,374,4.3,False,3653,94,1.1771147002463729
3,100,20,375,29.4,True,3623,95,
3,100,20,376,4.3,False,3653,95,1.1771147002463729
3,100,20,377,4.3,False,3645,95,1.1796982167352539
3,100,20,378,4.7,False,3557,92,1.3213382063536687
3,100,20,379,21.6,False,3627,94,5.955334987593052
3,100,20,380,17.5,False,3682,95,4.752851711026616
3,100,20,381,4.7,False,3720,90,1.2634408602150538
3,100,20,382,4.2,False,3633,93,1.1560693641618498
3,100,20,383,4.2,False,3645,92,1.1522633744855968
3,100,20,384,4.0,False,3680,95,1.0869565217391304
3,100,20,385,4.1,False,3755,94,1.0918774966711051
3,100,20,386,4.0,False,3671,93,1.089621356578589
3,100,20,387,4.0,False,3738,91,1.0700909577314073
3,100,20,388,4.1,False,3673,95,1.116253743533896
3,100,20,389,4.0,False,3648,95,1.0964912280701755
3,100,20,390,4.0,False,3655,94,1.094391244870041
3,100,20,391,4.0,False,3649,95,1.0961907371882709
3,100,20,392,4.1,False,3737,94,1.0971367407010972
3,100,20,393,4.0,False,3646,94,1.0970927043335161
3,100,20,394,4.0,False,3677,94,1.0878433505575198
3,100,20,395,4.1,False,3701,95,1.1078087003512564
3,100,20,396,4.0,False,3661,94,1.0925976509150506
3,100,20,397,4.0,False,3626,94,1.1031439602868174
3,100,20,398,4.0,False,3660,93,1.092896174863388
3,100,20,399,4.0,False,3609,95,1.1083402604599613
3,100,20,400,19.0,True,3676,95,
3,100,20,401,4.3,False,3629,95,1.1848994213281896
3,100,20,402,4.3,False,3662,95,1.1742217367558712
3,100,20,403,4.3,False,3670,95,1.1716621253405994
3,100,20,404,4.3,False,3665,94,1.1732605729877217
3,100,20,405,4.2,False,3697,94,1.1360562618339194
3,100,20,406,4.3,False,3655,94,1.1764705882352942
3,100,20,407,4.3,False,3696,95,1.1634199134199135
3,100,20,408,4.4,False,3702,94,1.1885467314964884
3,100,20,409,4.3,False,3641,93,1.180994232353749
3,100,20,410,4.3,False,3621,95,1.1875172604252968
3,100,20,411,4.2,False,3705,94,1.1336032388663968
3,100,20,412,10.4,False,3649,94,2.850095916689504
3,100,20,413,4.2,False,3692,92,1.1375947995666305
3,100,20,414,7.4,False,3653,95,2.025732274842595
3,100,20,415,4.3,False,3711,94,1.1587173268660738
3,100,20,416,4.3,False,3681,95,1.1681608258625373
3,100,20,417,4.3,False,3642,94,1.1806699615595826
3,100,20,418,4.2,False,3613,94,1.1624688624411845
3,100,20,419,4.2,False,3654,94,1.1494252873563218
3,100,20,420,4.3,False,3668,94,1.1723009814612868
3,100,20,421,5.3,False,3717,94,1.425881086898036
3,100,20,422,4.5,False,3676,93,1.2241566920565832
3,100,20,423,4.7,False,3699,94,1.2706136793728036
3,100,20,424,4.6,False,3722,94,1.2358946802794197
3,100,20,425,19.9,True,3644,95,
3,100,20,426,4.4,False,3699,94,1.1895106785617735
3,100,20,427,4.4,False,3722,93,1.182160128962923
3,100,20,428,4.2,False,3660,94,1.1475409836065573
3,100,20,429,4.4,False,3711,95,1.1856642414443546
3,100,20,430,4.4,False,3720,95,1.1827956989247312
3,100,20,431,4.3,False,3695,95,1.1637347767253046
3,100,20,432,4.6,False,3681,95,1.2496604183645748
3,100,20,433,7.3,False,3711,93,1.9671247642144973
3,100,20,434,19.2,False,3700,93,5.1891891891891895
3,100,20,435,28.3,False,3740,95,7.566844919786096
3,100,20,436,97.0,False,3723,95,26.0542573193661
3,100,20,437,41.3,False,3691,94,11.189379571931726
3,100,20,438,4.2,False,3646,95,1.151947339550192
3,100,20,439,4.1,False,3664,95,1.1189956331877728
3,100,20,440,4.0,False,3629,94,1.1022320198401763
3,100,20,441,4.1,False,3706,93,1.1063140852671345
3,100,20,442,4.1,False,3683,95,1.1132229161010045
3,100,20,443,4.2,False,3703,95,1.1342155009451795
3,100,20,444,4.5,False,3654,93,1.2315270935960592
3,100,20,445,4.5,False,3718,95,1.2103281334050564
3,100,20,446,4.2,False,3717,93,1.1299435028248588
3,100,20,447,4.1,False,3719,93,1.1024468943264318
3,100,20,448,4.2,False,3708,94,1.132686084142395
3,100,20,449,4.2,False,3786,94,1.109350237717908
3,100,20,450,19.0,True,3771,95,
3,100,20,451,4.1,False,3752,93,1.0927505330490406
3,100,20,452,13.5,False,3742,93,3.607696419027258
3,100,20,453,4.1,False,3658,94,1.1208310552214324
3,100,20,454,4.1,False,3775,91,1.086092715231788
3,100,20,455,4.1,False,3691,93,1.1108100785694934
3,100,20,456,4.1,False,3725,95,1.1006711409395973
3,100,20,457,4.1,False,3696,94,1.1093073593073592
3,100,20,458,4.1,False,3723,93,1.1012624227773302
3,100,20,459,10.4,False,3744,93,2.7777777777777777
3,100,20,460,4.1,False,3728,95,1.099785407725322
3,100,20,461,4.1,False,3725,95,1.1006711409395973
3,100,20,462,4.1,False,3724,95,1.100966702470462
3,100,20,463,4.1,False,3694,94,1.1099079588521927
3,100,20,464,4.2,False,3700,95,1.135135135135135
3,100,20,465,4.3,False,3747,94,1.14758473445423
3,100,20,466,7.8,False,3696,95,2.1103896103896105
3,100,20,467,4.2,False,3732,95,1.1254019292604502
3,100,20,468,4.2,False,3715,94,1.1305518169582773
3,100,20,469,8.4,False,3703,95,2.268431001890359
3,100,20,470,10.0,False,3747,95,2.6688017080330932
3,100,20,471,4.2,False,3750,95,1.12
3,100,20,472,4.2,False,3728,94,1.1266094420600858
3,100,20,473,4.2,False,3751,94,1.119701412956545
3,100,20,474,10.9,False,3734,91,2.919121585431173
3,100,20,475,19.4,True,3723,94,
3,100,20,476,4.2,False,3726,94,1.1272141706924315
3,100,20,477,4.2,False,3794,94,1.1070110701107012
3,100,20,478,4.3,False,3805,93,1.1300919842312747
3,100,20,479,4.2,False,3725,94,1.1275167785234899
3,100,20,480,4.2,False,3740,94,1.1229946524064172
3,100,20,481,4.2,False,3710,94,1.1320754716981132
3,100,20,482,4.3,False,3739,93,1.1500401176785238
3,100,20,483,4.2,False,3685,94,1.1397557666214382
3,100,20,484,4.1,False,3709,93,1.1054192504718252
3,100,20,485,4.2,False,3744,95,1.1217948717948718
3,100,20,486,4.2,False,3724,95,1.1278195488721805
3,100,20,487,4.2,False,3722,94,1.1284255776464267
3,100,20,488,4.2,False,3733,94,1.1251004553978035
3,100,20,489,4.2,False,3716,94,1.1302475780409043
3,100,20,490,4.1,False,3723,94,1.1012624227773302
3,100,20,491,4.1,False,3755,94,1.0918774966711051
3,100,20,492,4.2,False,3743,92,1.12209457654288
3,100,20,493,4.2,False,3766,94,1.1152416356877324
3,100,20,494,4.3,False,3789,95,1.1348640802322512
3,100,20,495,4.1,False,3736,91,1.0974304068522485
3,100,20,496,4.1,False,3729,93,1.0994904800214536
3,100,20,497,4.1,False,3746,91,1.0945008008542445
3,100,20,498,4.2,False,3747,93,1.120896717373899
3,100,20,499,4.2,False,3750,94,1.12
3,100,20,500,28.5,True,3734,94,
4,100,40,1,6.4,False,3682,95,1.7381857686040196
4,100,40,2,4.7,False,3692,94,1.2730227518959913
4,100,40,3,4.8,False,3708,95,1.2944983818770226
4,100,40,4,4.8,False,3671,95,1.3075456278943067
4,100,40,5,5.0,False,3821,95,1.308557969118032
4,100,40,6,4.8,False,3768,95,1.2738853503184713
4,100,40,7,4.8,False,3690,93,1.3008130081300813
4,100,40,8,4.8,False,3703,94,1.296246286794491
4,100,40,9,4.8,False,3716,95,1.2917115177610334
4,100,40,10,4.8,False,3736,93,1.284796573875803
4,100,40,11,4.9,False,3736,95,1.3115631691648821
4,100,40,12,4.8,False,3678,95,1.3050570962479608
4,100,40,13,4.8,False,3766,95,1.2745618693574083
4,100,40,14,4.8,False,3680,95,1.3043478260869565
4,100,40,15,4.9,False,3670,95,1.335149863760218
4,100,40,16,4.7,False,3702,95,1.2695840086439762
4,100,40,17,4.7,False,3729,95,1.2603915258782517
4,100,40,18,4.8,False,3723,95,1.2892828364222402
4,100,40,19,4.8,False,3724,94,1.288936627282492
4,100,40,20,4.7,False,3687,94,1.2747491185245456
4,100,40,21,4.7,False,3702,95,1.2695840086439762
4,100,40,22,4.8,False,3692,95,1.3001083423618636
4,100,40,23,4.8,False,3695,95,1.2990527740189446
4,100,40,24,4.8,False,3698,95,1.2979989183342346
4,100,40,25,21.0,True,3732,95,
4,100,40,26,4.8,False,3665,95,1.30968622100955
4,100,40,27,4.7,False,3634,95,1.2933406714364337
4,100,40,28,4.8,False,3718,94,1.2910166756320602
4,100,40,29,4.8,False,3703,95,1.296246286794491
4,100,40,30,4.7,False,3689,95,1.2740580103008945
4,100,40,31,4.8,False,3697,95,1.2983500135244792
4,100,40,32,4.9,False,3737,95,1.3112122023013113
4,100,40,33,4.7,False,3682,93,1.276480173818577
4,100,40,34,4.8,False,3670,95,1.3079019073569482
4,100,40,35,4.8,False,3689,95,1.301165627541339
4,100,40,36,4.7,False,3653,94,1.2866137421297563
4,100,40,37,4.8,False,3676,94,1.3057671381936888
4,100,40,38,4.8,False,3721,95,1.289975812953507
4,100,40,39,4.8,False,3676,95,1.3057671381936888
4,100,40,40,4.8,False,3679,95,1.3047023647730362
4,100,40,41,4.9,False,3712,95,1.3200431034482758
4,100,40,42,4.8,False,3697,94,1.2983500135244792
4,100,40,43,4.8,False,3667,95,1.3089719116443959
4,100,40,44,4.8,False,3708,95,1.2944983818770226
4,100,40,45,4.9,False,3685,94,1.3297150610583446
4,100,40,46,4.9,False,3680,94,1.3315217391304348
4,100,40,47,4.8,False,3747,95,1.2810248198558847
4,100,40,48,4.8,False,3732,95,1.2861736334405145
4,100,40,49,4.9,False,3720,95,1.3172043010752688
4,100,40,50,20.8,True,3724,94,
4,100,40,51,4.7,False,3705,95,1.2685560053981106
4,100,40,52,4.7,False,3684,95,1.275787187839305
4,100,40,53,4.7,False,3687,95,1.2747491185245456
4,100,40,54,4.7,False,3669,95,1.2810029980921231
4,100,40,55,4.8,False,3729,95,1.2872083668543846
4,100,40,56,4.8,False,3721,95,1.289975812953507
4,100,40,57,4.7,False,3665,95,1.2824010914051842
4,100,40,58,4.8,False,3727,95,1.2878991145693588
4,100,40,59,4.8,False,3722,95,1.2896292315959161
4,100,40,60,4.7,False,3633,94,1.2936966694192127
4,100,40,61,4.7,False,3662,95,1.2834516657564172
4,100,40,62,4.6,False,3647,95,1.2613106663010694
4,100,40,63,4.6,False,3666,94,1.254773595199127
4,100,40,64,4.6,False,3631,95,1.2668686312310657
4,100,40,65,4.6,False,3636,95,1.2651265126512652
4,100,40,66,4.7,False,3659,95,1.2845039628313748
4,100,40,67,4.7,False,3670,94,1.2806539509536785
4,100,40,68,4.6,False,3645,94,1.262002743484225
4,100,40,69,4.7,False,3664,95,1.2827510917030567
4,100,40,70,4.7,False,3665,95,1.2824010914051842
4,100,40,71,4.7,False,3674,95,1.2792596624931953
4,100,40,72,4.6,False,3637,95,1.2647786637338465
4,100,40,73,4.7,False,3694,95,1.2723335138061722
4,100,40,74,4.8,False,3686,94,1.3022246337493217
4,100,40,75,20.4,True,3654,95,
4,100,40,76,4.7,False,3631,95,1.2944092536491325
4,100,40,77,4.7,False,3698,95,1.2709572742022714
4,100,40,78,4.7,False,3664,95,1.2827510917030567
4,100,40,79,4.7,False,3669,94,1.2810029980921231
4,100,40,80,4.7,False,3706,95,1.268213707501349
4,100,40,81,4.7,False,3686,95,1.2750949538795442
4,100,40,82,4.6,False,3636,95,1.2651265126512652
4,100,40,83,4.7,False,3698,95,1.2709572742022714
4,100,40,84,4.6,False,3641,95,1.2633891787970337
4,100,40,85,4.7,False,3660,95,1.284153005464481
4,100,40,86,4.7,False,3677,95,1.2782159369050856
4,100,40,87,4.8,False,3710,94,1.2938005390835579
4,100,40,88,4.6,False,3576,95,1.2863534675615214
4,100,40,89,4.7,False,3632,95,1.2940528634361232
4,100,40,90,4.8,False,3688,95,1.3015184381778742
4,100,40,91,4.7,False,3704,95,1.2688984881209504
4,100,40,92,4.9,False,3720,95,1.3172043010752688
4,100,40,93,4.7,False,3613,95,1.300858012731802
4,100,40,94,4.7,False,3617,95,1.2994194083494608
4,100,40,95,4.7,False,3633,94,1.2936966694192127
4,100,40,96,4.7,False,3625,95,1.296551724137931
4,100,40,97,4.7,False,3660,95,1.284153005464481
4,100,40,98,4.7,False,3671,95,1.280305093979842
4,100,40,99,4.7,False,3648,95,1.2883771929824561
4,100,40,100,20.5,True,3665,94,
4,100,40,101,4.8,False,3705,95,1.2955465587044535
4,100,40,102,4.8,False,3727,95,1.2878991145693588
4,100,40,103,4.7,False,3715,94,1.2651413189771197
4,100,40,104,4.7,False,3690,95,1.2737127371273713
4,100,40,105,4.8,False,3695,95,1.2990527740189446
4,100,40,106,4.7,False,3672,95,1.2799564270152506
4,100,40,107,4.6,False,3639,95,1.2640835394339105
4,100,40,108,4.6,False,3634,94,1.2658227848101267
4,100,40,109,4.7,False,3687,95,1.2747491185245456
4,100,40,110,4.7,False,3683,95,1.2761335867499322
4,100,40,111,4.7,False,3669,95,1.2810029980921231
4,100,40,112,4.7,False,3684,95,1.275787187839305
4,100,40,113,4.6,False,3665,94,1.2551159618008185
4,100,40,114,4.7,False,3707,95,1.2678715942810899
4,100,40,115,4.6,False,3653,95,1.2592389816589105
4,100,40,116,4.6,False,3657,94,1.2578616352201257
4,100,40,117,4.6,False,3655,95,1.2585499316005473
4,100,40,118,4.7,False,3716,95,1.2648008611410118
4,100,40,119,4.7,False,3683,95,1.2761335867499322
4,100,40,120,4.7,False,3717,95,1.264460586494485
4,100,40,121,4.6,False,3675,93,1.251700680272109
4,100,40,122,4.6,False,3651,95,1.259928786633799
4,100,40,123,4.7,False,3694,95,1.2723335138061722
4,100,40,124,4.6,False,3668,95,1.2540894220283534
4,100,40,125,20.3,True,3675,95,
4,100,40,126,4.6,False,3659,95,1.257174091281771
4,100,40,127,4.6,False,3642,95,1.2630422844590885
4,100,40,128,4.7,False,3722,95,1.262761955937668
4,100,40,129,4.6,False,3673,95,1.2523822488429077
4,100,40,130,4.6,False,3610,94,1.2742382271468145
4,100,40,131,4.7,False,3690,94,1.2737127371273713
4,100,40,132,4.7,False,3675,95,1.2789115646258504
4,100,40,133,4.7,False,3684,95,1.275787187839305
4,100,40,134,4.6,False,3604,95,1.2763596004439512
4,100,40,135,4.6,False,3641,95,1.2633891787970337
4,100,40,136,4.7,False,3665,95,1.2824010914051842
4,100,40,137,4.7,False,3709,95,1.2671879212725803
4,100,40,138,4.7,False,3661,95,1.2838022398251843
4,100,40,139,4.6,False,3639,94,1.2640835394339105
4,100,40,140,4.6,False,3677,95,1.2510198531411476
4,100,40,141,4.6,False,3599,95,1.2781328146707418
4,100,40,142,4.7,False,3776,94,1.2447033898305084
4,100,40,143,4.7,False,3714,95,1.2654819601507807
4,100,40,144,4.6,False,3652,94,1.2595837897042717
4,100,40,145,4.7,False,3711,94,1.266504985179197
4,100,40,146,4.8,False,3774,95,1.2718600953895072
4,100,40,147,4.7,False,3676,95,1.278563656147987
4,100,40,148,4.8,False,3704,94,1.2958963282937366
4,100,40,149,4.7,False,3633,94,1.2936966694192127
4,100,40,150,20.6,True,3674,95,
4,100,40,151,4.8,False,3731,95,1.2865183596890915
4,100,40,152,4.7,False,3708,94,1.267529665587918
4,100,40,153,4.7,False,3666,95,1.2820512820512822
4,100,40,154,4.7,False,3689,93,1.2740580103008945
4,100,40,155,4.6,False,3617,95,1.271772186895217
4,100,40,156,4.6,False,3666,95,1.254773595199127
4,100,40,157,4.6,False,3610,95,1.2742382271468145
4,100,40,158,4.7,False,3725,95,1.261744966442953
4,100,40,159,4.7,False,3667,95,1.2817016634851377
4,100,40,160,4.7,False,3706,95,1.268213707501349
4,100,40,161,4.7,False,3673,95,1.27960794990471
4,100,40,162,4.6,False,3693,95,1.2455997833739507
4,100,40,163,4.6,False,3684,95,1.248642779587405
4,100,40,164,4.7,False,3667,95,1.2817016634851377
4,100,40,165,4.6,False,3614,95,1.2728278915329274
4,100,40,166,4.7,False,3673,95,1.27960794990471
4,100,40,167,4.6,False,3715,94,1.2382234185733514
4,100,40,168,4.7,False,3640,95,1.2912087912087913
4,100,40,169,4.7,False,3670,95,1.2806539509536785
4,100,40,170,4.7,False,3736,95,1.2580299785867237
4,100,40,171,4.7,False,3669,95,1.2810029980921231
4,100,40,172,4.6,False,3648,95,1.2609649122807018
4,100,40,173,4.7,False,3641,94,1.2908541609447954
4,100,40,174,4.6,False,3617,95,1.271772186895217
4,100,40,175,20.4,True,3709,95,
4,100,40,176,4.7,False,3644,95,1.2897914379802415
4,100,40,177,4.7,False,3668,95,1.2813522355507088
4,100,40,178,4.7,False,3650,94,1.2876712328767124
4,100,40,179,4.6,False,3646,95,1.2616566099835436
4,100,40,180,4.9,False,3681,95,1.3311600108666124
4,100,40,181,4.6,False,3641,95,1.2633891787970337
4,100,40,182,4.6,False,3639,95,1.2640835394339105
4,100,40,183,4.7,False,3667,95,1.2817016634851377
4,100,40,184,4.7,False,3661,94,1.2838022398251843
4,100,40,185,4.8,False,3692,95,1.3001083423618636
4,100,40,186,4.6,False,3641,95,1.2633891787970337
4,100,40,187,4.7,False,3607,95,1.3030219018574993
4,100,40,188,4.7,False,3615,95,1.3001383125864454
4,100,40,189,4.6,False,3625,95,1.2689655172413794
4,100,40,190,4.7,False,3683,95,1.2761335867499322
4,100,40,191,4.7,False,3709,95,1.2671879212725803
4,100,40,192,4.7,False,3651,95,1.2873185428649685
4,100,40,193,4.7,False,3684,94,1.275787187839305
4,100,40,194,4.7,False,3654,95,1.2862616310892172
4,100,40,195,4.7,False,3626,95,1.2961941533370105
4,100,40,196,4.7,False,3695,95,1.2719891745602165
4,100,40,197,4.7,False,3645,95,1.289437585733882
4,100,40,198,4.7,False,3646,95,1.2890839275918815
4,100,40,199,4.8,False,3667,95,1.3089719116443959
4,100,40,200,20.4,True,3625,95,
4,100,40,201,4.8,False,3693,95,1.2997562956945572
4,100,40,202,4.8,False,3705,94,1.2955465587044535
4,100,40,203,4.7,False,3661,95,1.2838022398251843
4,100,40,204,4.7,False,3624,94,1.2969094922737308
4,100,40,205,4.7,False,3681,95,1.2768269491985873
4,100,40,206,4.7,False,3698,95,1.2709572742022714
4,100,40,207,4.8,False,3641,95,1.318319143092557
4,100,40,208,4.7,False,3615,95,1.3001383125864454
4,100,40,209,4.8,False,3677,95,1.3054120206690236
4,100,40,210,4.8,False,3669,95,1.3082583810302535
4,100,40,211,4.7,False,3684,95,1.275787187839305
4,100,40,212,4.7,False,3681,95,1.2768269491985873
4,100,40,213,4.7,False,3693,95,1.272678039534254
4,100,40,214,4.7,False,3680,94,1.2771739130434783
4,100,40,215,4.8,False,3715,95,1.2920592193808882
4,100,40,216,4.8,False,3721,95,1.289975812953507
4,100,40,217,4.7,False,3641,94,1.2908541609447954
4,100,40,218,4.7,False,3622,95,1.297625621203755
4,100,40,219,4.7,False,3693,95,1.272678039534254
4,100,40,220,4.7,False,3599,93,1.305918310641845
4,100,40,221,4.8,False,3637,95,1.3197690404179268
4,100,40,222,4.8,False,3698,95,1.2979989183342346
4,100,40,223,4.8,False,3699,95,1.29764801297648
4,100,40,224,4.7,False,3627,95,1.2958367797077475
4,100,40,225,20.4,True,3678,95,
4,100,40,226,4.8,False,3647,95,1.3161502604880724
4,100,40,227,4.7,False,3656,95,1.285557986870897
4,100,40,228,4.7,False,3688,95,1.2744034707158352
4,100,40,229,4.7,False,3659,95,1.2845039628313748
4,100,40,230,4.7,False,3735,95,1.2583668005354753
4,100,40,231,4.6,False,3603,95,1.276713849569803
4,100,40,232,4.7,False,3601,95,1.3051930019439044
4,100,40,233,4.8,False,3734,94,1.2854847348687735
4,100,40,234,4.7,False,3684,95,1.275787187839305
4,100,40,235,4.7,False,3652,95,1.2869660460021906
4,100,40,236,4.7,False,3686,95,1.2750949538795442
4,100,40,237,5.0,False,3654,95,1.3683634373289546
4,100,40,238,4.9,False,3714,95,1.3193322563274097
4,100,40,239,4.7,False,3655,95,1.2859097127222983
4,100,40,240,4.7,False,3658,95,1.2848551120831055
4,100,40,241,4.7,False,3636,95,1.2926292629262925
4,100,40,242,4.8,False,3725,95,1.2885906040268456
4,100,40,243,4.7,False,3645,95,1.289437585733882
4,100,40,244,4.7,False,3681,95,1.2768269491985873
4,100,40,245,4.7,False,3642,94,1.2904997254255903
4,100,40,246,4.7,False,3639,95,1.291563616378126
4,100,40,247,4.8,False,3740,95,1.2834224598930482
4,100,40,248,4.7,False,3664,94,1.2827510917030567
4,100,40,249,4.7,False,3678,95,1.277868406742795
4,100,40,250,20.5,True,3629,94,
4,100,40,251,4.7,False,3638,95,1.291918636613524
4,100,40,252,4.7,False,3593,95,1.3080990815474534
4,100,40,253,4.7,False,3632,95,1.2940528634361232
4,100,40,254,4.9,False,3723,95,1.3161428955143701
4,100,40,255,4.8,False,3689,95,1.301165627541339
4,100,40,256,4.8,False,3703,95,1.296246286794491
4,100,40,257,4.7,False,3672,95,1.2799564270152506
4,100,40,258,4.8,False,3691,93,1.3004605797886752
4,100,40,259,4.7,False,3682,95,1.276480173818577
4,100,40,260,4.7,False,3733,95,1.2590409858023037
4,100,40,261,4.7,False,3702,95,1.2695840086439762
4,100,40,262,4.8,False,3698,95,1.2979989183342346
4,100,40,263,4.7,False,3714,95,1.2654819601507807
4,100,40,264,4.6,False,3666,94,1.254773595199127
4,100,40,265,4.7,False,3677,95,1.2782159369050856
4,100,40,266,4.6,False,3628,94,1.2679162072767365
4,100,40,267,4.7,False,3697,95,1.271301054909386
4,100,40,268,4.7,False,3727,95,1.2610678830158304
4,100,40,269,4.7,False,3706,94,1.268213707501349
4,100,40,270,4.7,False,3669,95,1.2810029980921231
4,100,40,271,4.6,False,3594,95,1.279910962715637
4,100,40,272,4.7,False,3706,95,1.268213707501349
4,100,40,273,4.7,False,3667,95,1.2817016634851377
4,100,40,274,4.7,False,3707,95,1.2678715942810899
4,100,40,275,20.7,True,3704,95,
4,100,40,276,4.7,False,3695,95,1.2719891745602165
4,100,40,277,4.7,False,3669,95,1.2810029980921231
4,100,40,278,4.7,False,3698,95,1.2709572742022714
4,100,40,279,4.7,False,3644,95,1.2897914379802415
4,100,40,280,4.8,False,3745,95,1.2817089452603472
4,100,40,281,4.8,False,3661,94,1.3111171810980606
4,100,40,282,4.7,False,3699,95,1.2706136793728036
4,100,40,283,4.7,False,3723,95,1.2624227773301102
4,100,40,284,4.7,False,3718,94,1.2641204948897256
4,100,40,285,4.7,False,3718,95,1.2641204948897256
4,100,40,286,4.8,False,3717,95,1.29136400322841
4,100,40,287,4.7,False,3693,95,1.272678039534254
4,100,40,288,4.7,False,3701,95,1.2699270467441233
4,100,40,289,4.7,False,3679,94,1.2775210655069313
4,100,40,290,4.7,False,3741,95,1.256348569901096
4,100,40,291,4.6,False,3681,94,1.2496604183645748
4,100,40,292,4.7,False,3668,95,1.2813522355507088
4,100,40,293,4.8,False,3687,95,1.3018714401952807
4,100,40,294,4.7,False,3650,95,1.2876712328767124
4,100,40,295,4.8,False,3714,95,1.2924071082390953
4,100,40,296,4.8,False,3674,95,1.30647795318454
4,100,40,297,4.8,False,3764,95,1.2752391073326248
4,100,40,298,4.8,False,3765,95,1.2749003984063745
4,100,40,299,4.8,False,3688,95,1.3015184381778742
4,100,40,300,20.7,True,3717,95,
4,100,40,301,4.9,False,3766,95,1.3011152416356877
4,100,40,302,4.9,False,3756,95,1.3045793397231098
4,100,40,303,4.7,False,3648,94,1.2883771929824561
4,100,40,304,4.8,False,3710,95,1.2938005390835579
4,100,40,305,4.8,False,3698,95,1.2979989183342346
4,100,40,306,4.8,False,3769,95,1.2735473600424516
4,100,40,307,4.7,False,3695,94,1.2719891745602165
4,100,40,308,4.8,False,3720,95,1.2903225806451613
4,100,40,309,4.8,False,3670,95,1.3079019073569482
4,100,40,310,4.8,False,3693,95,1.2997562956945572
4,100,40,311,4.8,False,3701,95,1.2969467711429343
4,100,40,312,4.9,False,3754,95,1.3052743740010655
4,100,40,313,4.8,False,3747,94,1.2810248198558847
4,100,40,314,4.7,False,3589,95,1.3095569796600723
4,100,40,315,4.7,False,3716,94,1.2648008611410118
4,100,40,316,4.8,False,3710,95,1.2938005390835579
4,100,40,317,4.8,False,3730,95,1.2868632707774799
4,100,40,318,4.8,False,3712,95,1.293103448275862
4,100,40,319,4.8,False,3738,95,1.2841091492776886
4,100,40,320,4.9,False,3759,95,1.303538175046555
4,100,40,321,4.8,False,3674,95,1.30647795318454
4,100,40,322,4.7,False,3692,95,1.2730227518959913
4,100,40,323,4.8,False,3741,95,1.2830793905372895
4,100,40,324,4.8,False,3730,95,1.2868632707774799
4,100,40,325,21.0,True,3730,95,
4,100,40,326,4.8,False,3731,95,1.2865183596890915
4,100,40,327,4.8,False,3711,95,1.2934518997574778
4,100,40,328,4.7,False,3674,95,1.2792596624931953
4,100,40,329,4.8,False,3709,95,1.2941493664060393
4,100,40,330,4.9,False,3693,95,1.3268345518548605
4,100,40,331,4.8,False,3718,95,1.2910166756320602
4,100,40,332,4.8,False,3698,95,1.2979989183342346
4,100,40,333,4.8,False,3718,95,1.2910166756320602
4,100,40,334,4.9,False,3748,95,1.3073639274279616
4,100,40,335,4.8,False,3728,95,1.2875536480686696
4,100,40,336,4.8,False,3696,95,1.2987012987012987
4,100,40,337,4.7,False,3695,94,1.2719891745602165
4,100,40,338,4.8,False,3734,94,1.2854847348687735
4,100,40,339,4.7,False,3688,94,1.2744034707158352
4,100,40,340,4.8,False,3725,95,1.2885906040268456
4,100,40,341,4.8,False,3723,95,1.2892828364222402
4,100,40,342,4.8,False,3694,95,1.2994044396318354
4,100,40,343,4.8,False,3674,95,1.30647795318454
4,100,40,344,4.8,False,3727,95,1.2878991145693588
4,100,40,345,4.8,False,3707,94,1.2948475856487727
4,100,40,346,4.8,False,3766,95,1.2745618693574083
4,100,40,347,4.8,False,3705,95,1.2955465587044535
4,100,40,348,4.8,False,3720,95,1.2903225806451613
4,100,40,349,4.8,False,3750,95,1.28
4,100,40,350,20.6,True,3658,94,
4,100,40,351,4.8,False,3694,95,1.2994044396318354
4,100,40,352,4.8,False,3719,95,1.2906695348211885
4,100,40,353,4.8,False,3729,95,1.2872083668543846
4,100,40,354,4.7,False,3698,95,1.2709572742022714
4,100,40,355,4.7,False,3648,95,1.2883771929824561
4,100,40,356,4.8,False,3743,95,1.2823938017632914
4,100,40,357,4.8,False,3766,95,1.2745618693574083
4,100,40,358,4.8,False,3756,95,1.2779552715654952
4,100,40,359,4.7,False,3655,95,1.2859097127222983
4,100,40,360,4.8,False,3677,95,1.3054120206690236
4,100,40,361,4.7,False,3701,94,1.2699270467441233
4,100,40,362,4.8,False,3697,95,1.2983500135244792
4,100,40,363,4.7,False,3639,95,1.291563616378126
4,100,40,364,4.8,False,3703,95,1.296246286794491
4,100,40,365,4.7,False,3645,95,1.289437585733882
4,100,40,366,4.7,False,3638,95,1.291918636613524
4,100,40,367,4.8,False,3710,95,1.2938005390835579
4,100,40,368,4.7,False,3680,95,1.2771739130434783
4,100,40,369,4.8,False,3672,95,1.3071895424836601
4,100,40,370,4.8,False,3697,95,1.2983500135244792
4,100,40,371,4.7,False,3630,95,1.2947658402203857
4,100,40,372,4.8,False,3647,95,1.3161502604880724
4,100,40,373,4.7,False,3671,95,1.280305093979842
4,100,40,374,4.8,False,3753,95,1.2789768185451638
4,100,40,375,20.8,True,3739,94,
4,100,40,376,4.8,False,3711,95,1.2934518997574778
4,100,40,377,4.8,False,3711,95,1.2934518997574778
4,100,40,378,4.8,False,3742,95,1.282736504543025
4,100,40,379,4.8,False,3754,94,1.2786361214704316
4,100,40,380,4.7,False,3661,95,1.2838022398251843
4,100,40,381,4.8,False,3729,95,1.2872083668543846
4,100,40,382,4.8,False,3703,95,1.296246286794491
4,100,40,383,4.8,False,3714,94,1.2924071082390953
4,100,40,384,4.8,False,3756,95,1.2779552715654952
4,100,40,385,4.9,False,3796,95,1.2908324552160169
4,100,40,386,4.8,False,3736,94,1.284796573875803
4,100,40,387,4.8,False,3767,95,1.274223520042474
4,100,40,388,4.8,False,3704,95,1.2958963282937366
4,100,40,389,4.8,False,3711,95,1.2934518997574778
4,100,40,390,4.7,False,3687,95,1.2747491185245456
4,100,40,391,4.7,False,3676,95,1.278563656147987
4,100,40,392,4.8,False,3773,95,1.2721971905645375
4,100,40,393,4.8,False,3687,95,1.3018714401952807
4,100,40,394,5.6,False,3719,94,1.5057811239580532
4,100,40,395,4.7,False,3702,94,1.2695840086439762
4,100,40,396,4.7,False,3681,95,1.2768269491985873
4,100,40,397,4.7,False,3648,95,1.2883771929824561
4,100,40,398,4.8,False,3735,95,1.285140562248996
4,100,40,399,4.8,False,3700,95,1.2972972972972974
4,100,40,400,20.8,True,3719,95,
4,100,40,401,4.8,False,3713,95,1.2927551844869378
4,100,40,402,4.7,False,3706,94,1.268213707501349
4,100,40,403,4.8,False,3696,95,1.2987012987012987
4,100,40,404,4.7,False,3728,94,1.2607296137339057
4,100,40,405,4.8,False,3728,95,1.2875536480686696
4,100,40,406,4.8,False,3700,95,1.2972972972972974
4,100,40,407,4.8,False,3757,95,1.2776151184455682
4,100,40,408,4.8,False,3711,95,1.2934518997574778
4,100,40,409,4.8,False,3647,95,1.3161502604880724
4,100,40,410,4.8,False,3693,94,1.2997562956945572
4,100,40,411,4.8,False,3767,95,1.274223520042474
4,100,40,412,4.8,False,3716,95,1.2917115177610334
4,100,40,413,4.8,False,3729,95,1.2872083668543846
4,100,40,414,4.8,False,3697,95,1.2983500135244792
4,100,40,415,4.9,False,3808,95,1.286764705882353
4,100,40,416,4.8,False,3718,94,1.2910166756320602
4,100,40,417,4.8,False,3726,95,1.288244766505636
4,100,40,418,4.8,False,3720,95,1.2903225806451613
4,100,40,419,4.7,False,3690,94,1.2737127371273713
4,100,40,420,4.7,False,3722,95,1.262761955937668
4,100,40,421,4.9,False,3793,95,1.2918534141840232
4,100,40,422,4.7,False,3714,95,1.2654819601507807
4,100,40,423,4.8,False,3709,95,1.2941493664060393
4,100,40,424,4.8,False,3715,95,1.2920592193808882
4,100,40,425,20.8,True,3699,95,
4,100,40,426,4.7,False,3710,95,1.266846361185984
4,100,40,427,4.7,False,3734,95,1.2587038028923407
4,100,40,428,4.8,False,3742,95,1.282736504543025
4,100,40,429,4.8,False,3735,95,1.285140562248996
4,100,40,430,4.8,False,3734,95,1.2854847348687735
4,100,40,431,4.7,False,3706,95,1.268213707501349
4,100,40,432,4.9,False,3716,95,1.318622174381055
4,100,40,433,4.8,False,3776,94,1.271186440677966
4,100,40,434,4.9,False,3743,94,1.3091103393000267
4,100,40,435,4.9,False,3793,95,1.2918534141840232
4,100,40,436,5.0,False,3774,95,1.3248542660307365
4,100,40,437,4.8,False,3726,95,1.288244766505636
4,100,40,438,4.8,False,3746,95,1.2813667912439937
4,100,40,439,4.9,False,3754,94,1.3052743740010655
4,100,40,440,4.8,False,3752,94,1.279317697228145
4,100,40,441,4.8,False,3762,94,1.2759170653907497
4,100,40,442,4.8,False,3745,95,1.2817089452603472
4,100,40,443,4.8,False,3727,95,1.2878991145693588
4,100,40,444,4.8,False,3688,95,1.3015184381778742
4,100,40,445,4.8,False,3777,94,1.2708498808578237
4,100,40,446,4.8,False,3773,95,1.2721971905645375
4,100,40,447,4.9,False,3765,95,1.301460823373174
4,100,40,448,4.8,False,3756,95,1.2779552715654952
4,100,40,449,4.8,False,3795,95,1.2648221343873518
4,100,40,450,20.9,True,3783,95,
4,100,40,451,4.8,False,3719,95,1.2906695348211885
4,100,40,452,4.9,False,3797,95,1.2904924940742692
4,100,40,453,4.8,False,3710,95,1.2938005390835579
4,100,40,454,4.9,False,3777,95,1.2973259200423617
4,100,40,455,4.8,False,3718,95,1.2910166756320602
4,100,40,456,4.9,False,3732,95,1.3129689174705252
4,100,40,457,4.8,False,3708,95,1.2944983818770226
4,100,40,458,4.8,False,3776,94,1.271186440677966
4,100,40,459,4.9,False,3776,95,1.2976694915254237
4,100,40,460,4.9,False,3759,95,1.303538175046555
4,100,40,461,4.8,False,3733,95,1.2858290918832038
4,100,40,462,4.8,False,3756,95,1.2779552715654952
4,100,40,463,4.9,False,3748,95,1.3073639274279616
4,100,40,464,4.8,False,3709,95,1.2941493664060393
4,100,40,465,4.8,False,3709,95,1.2941493664060393
4,100,40,466,4.8,False,3724,95,1.288936627282492
4,100,40,467,4.8,False,3743,95,1.2823938017632914
4,100,40,468,4.8,False,3717,95,1.29136400322841
4,100,40,469,4.7,False,3692,95,1.2730227518959913
4,100,40,470,4.7,False,3744,94,1.2553418803418803
4,100,40,471,4.7,False,3694,95,1.2723335138061722
4,100,40,472,4.8,False,3735,95,1.285140562248996
4,100,40,473,4.8,False,3765,95,1.2749003984063745
4,100,40,474,4.8,False,3693,95,1.2997562956945572
4,100,40,475,20.8,True,3727,95,
4,100,40,476,4.7,False,3729,95,1.2603915258782517
4,100,40,477,4.9,False,3789,95,1.293217207706519
4,100,40,478,4.8,False,3792,95,1.2658227848101267
4,100,40,479,4.7,False,3731,94,1.2597158938622353
4,100,40,480,4.7,False,3714,95,1.2654819601507807
4,100,40,481,4.7,False,3708,95,1.267529665587918
4,100,40,482,4.8,False,3786,95,1.2678288431061806
4,100,40,483,4.7,False,3715,95,1.2651413189771197
4,100,40,484,4.6,False,3715,94,1.2382234185733514
4,100,40,485,4.8,False,3747,95,1.2810248198558847
4,100,40,486,4.7,False,3759,95,1.2503325352487364
4,100,40,487,4.8,False,3765,94,1.2749003984063745
4,100,40,488,4.8,False,3742,94,1.282736504543025
4,100,40,489,4.8,False,3749,95,1.2803414243798346
4,100,40,490,4.7,False,3701,95,1.2699270467441233
4,100,40,491,4.7,False,3718,94,1.2641204948897256
4,100,40,492,4.8,False,3728,95,1.2875536480686696
4,100,40,493,4.7,False,3775,95,1.2450331125827814
4,100,40,494,4.8,False,3764,95,1.2752391073326248
4,100,40,495,4.8,False,3741,95,1.2830793905372895
4,100,40,496,4.7,False,3723,95,1.2624227773301102
4,100,40,497,4.7,False,3720,95,1.2634408602150538
4,100,40,498,4.7,False,3712,95,1.2661637931034482
4,100,40,499,4.7,False,3720,94,1.2634408602150538
4,100,40,500,20.8,True,3699,95,
5,500,5,1,18.0,False,17154,94,1.0493179433368311
5,500,5,2,17.0,False,17282,92,0.9836824441615554
5,500,5,3,17.0,False,17161,92,0.9906182623390245
5,500,5,4,17.0,False,17181,93,0.9894651068040277
5,500,5,5,17.1,False,17228,93,0.9925702345019736
5,500,5,6,17.1,False,17301,93,0.9883821744407838
5,500,5,7,17.0,False,17167,92,0.9902720335527465
5,500,5,8,17.2,False,17326,94,0.9927276924852823
5,500,5,9,16.9,False,16943,94,0.9974620787345807
5,500,5,10,17.0,False,17191,93,0.9888895352219185
5,500,5,11,17.1,False,17133,94,0.9980738924881807
5,500,5,12,17.0,False,17242,93,0.98596450527781
5,500,5,13,17.2,False,17355,94,0.9910688562373956
5,500,5,14,17.8,False,17206,93,1.0345228408694642
5,500,5,15,17.0,False,16968,94,1.0018859028760019
5,500,5,16,17.1,False,17129,95,0.9983069647965439
5,500,5,17,17.2,False,17241,95,0.9976219476828491
5,500,5,18,17.0,False,17173,94,0.989926046701217
5,500,5,19,16.9,False,17044,92,0.9915512790424783
5,500,5,20,16.9,False,17108,92,0.9878419452887538
5,500,5,21,16.8,False,16967,91,0.9901573642953969
5,500,5,22,17.1,False,17289,94,0.9890681936491411
5,500,5,23,17.0,False,17221,92,0.9871668311944719
5,500,5,24,17.0,False,17187,92,0.9891196834817013
5,500,5,25,83.5,True,17082,91,
5,500,5,26,17.1,False,17093,95,1.0004095243666997
5,500,5,27,17.1,False,17245,93,0.9915917657291968
5,500,5,28,17.1,False,17140,94,0.9976662777129521
5,500,5,29,17.1,False,17234,93,0.9922246721596844
5,500,5,30,17.0,False,17196,93,0.9886020004652245
5,500,5,31,17.1,False,17244,94,0.9916492693110647
5,500,5,32,17.2,False,17257,94,0.9966969925247725
5,500,5,33,16.7,False,17014,89,0.9815446103209122
5,500,5,34,16.9,False,17091,91,0.9888245275291089
5,500,5,35,17.0,False,16999,94,1.000058826989823
5,500,5,36,16.9,False,17229,90,0.9809042892797029
5,500,5,37,17.1,False,17155,95,0.9967939376275139
5,500,5,38,17.0,False,17038,94,0.997769691278319
5,500,5,39,17.0,False,17044,94,0.9974184463740906
5,500,5,40,17.1,False,17119,94,0.9988901220865705
5,500,5,41,16.9,False,17117,91,0.9873225448384647
5,500,5,42,16.9,False,17158,91,0.9849632824338501
5,500,5,43,16.9,False,17158,91,0.9849632824338501
5,500,5,44,17.2,False,17369,94,0.9902700213023202
5,500,5,45,16.9,False,16991,92,0.9946442234123948
5,500,5,46,17.1,False,17175,94,0.9956331877729258
5,500,5,47,17.1,False,17293,93,0.9888394147921125
5,500,5,48,17.1,False,17109,94,0.9994739610731194
5,500,5,49,17.0,False,17229,92,0.9867084566718904
5,500,5,50,77.9,True,17003,94,
5,500,5,51,17.1,False,17040,93,1.0035211267605635
5,500,5,52,17.2,False,17205,93,0.999709386806161
5,500,5,53,18.7,False,17226,91,1.0855683269476373
5,500,5,54,17.3,False,17207,94,1.0054047771255885
5,500,5,55,17.0,False,17157,91,0.9908492160634144
5,500,5,56,17.2,False,17212,95,0.9993028119916337
5,500,5,57,17.2,False,17200,94,1.0
5,500,5,58,17.3,False,17346,94,0.9973480917790846
5,500,5,59,17.3,False,17356,94,0.9967734501037105
5,500,5,60,17.1,False,17161,92,0.9964454285880776
5,500,5,61,17.2,False,17235,92,0.9979692486219901
5,500,5,62,17.2,False,17231,93,0.9982009169520051
5,500,5,63,19.9,False,17071,92,1.1657196414972761
5,500,5,64,17.0,False,17156,93,0.9909069713219865
5,500,5,65,17.1,False,17220,92,0.9930313588850174
5,500,5,66,16.9,False,17161,91,0.9847910960899714
5,500,5,67,17.2,False,17316,94,0.9933009933009933
5,500,5,68,17.0,False,17103,93,0.9939776647371806
5,500,5,69,17.2,False,17226,93,0.9984906536630674
5,500,5,70,17.2,False,17207,94,0.9995931888185041
5,500,5,71,17.7,False,17151,93,1.03200979534721
5,500,5,72,17.1,False,17020,94,1.0047003525264395
5,500,5,73,17.0,False,17115,91,0.9932807478819748
5,500,5,74,17.2,False,17188,94,1.0006981615080288
5,500,5,75,76.9,True,17113,92,
5,500,5,76,17.2,False,17190,94,1.0005817335660268
5,500,5,77,17.2,False,17216,93,0.9990706319702602
5,500,5,78,17.3,False,17329,94,0.9983265047030988
5,500,5,79,17.2,False,17207,94,0.9995931888185041
5,500,5,80,17.0,False,17104,93,0.9939195509822264
5,500,5,81,17.2,False,17193,93,1.0004071424416914
5,500,5,82,17.0,False,17178,92,0.9896379089533124
5,500,5,83,17.1,False,17232,93,0.9923398328690808
5,500,5,84,17.1,False,17010,94,1.0052910052910053
5,500,5,85,17.1,False,17229,92,0.992512624064078
5,500,5,86,17.2,False,17228,94,0.9983747387973068
5,500,5,87,17.2,False,17321,93,0.9930142601466428
5,500,5,88,17.1,False,17170,94,0.9959231217239372
5,500,5,89,17.1,False,17156,94,0.9967358358591746
5,500,5,90,17.0,False,17231,91,0.9865939295455864
5,500,5,91,17.3,False,17240,95,1.0034802784222738
5,500,5,92,17.1,False,17149,93,0.9971426905358913
5,500,5,93,17.1,False,17116,94,0.999065202150035
5,500,5,94,17.1,False,17149,94,0.9971426905358913
5,500,5,95,17.1,False,17244,93,0.9916492693110647
5,500,5,96,17.1,False,17123,93,0.9986567774338609
5,500,5,97,17.0,False,17035,95,0.9979454065159965
5,500,5,98,17.1,False,17251,93,0.9912468842385949
5,500,5,99,17.0,False,17209,93,0.9878551920506712
5,500,5,100,76.8,True,17213,94,
5,500,5,101,16.9,False,16948,94,0.9971678074109039
5,500,5,102,17.1,False,17089,94,1.0006436889226988
5,500,5,103,17.1,False,17262,92,0.9906152241918665
5,500,5,104,17.3,False,17268,94,1.0018531387537641
5,500,5,105,17.0,False,17136,93,0.9920634920634921
5,500,5,106,16.9,False,17226,92,0.9810751190061535
5,500,5,107,16.9,False,17029,93,0.9924246872981385
5,500,5,108,17.0,False,17118,93,0.9931066713401099
5,500,5,109,19.5,False,17119,94,1.139085226940826
5,500,5,110,17.1,False,17234,94,0.9922246721596844
5,500,5,111,16.9,False,17249,92,0.979766943011189
5,500,5,112,17.0,False,17192,93,0.9888320148906468
5,500,5,113,16.8,False,17025,92,0.986784140969163
5,500,5,114,17.0,False,17188,92,0.9890621363742146
5,500,5,115,17.3,False,17257,94,1.002491742481312
5,500,5,116,17.2,False,17267,93,0.9961197660276828
5,500,5,117,17.2,False,17079,94,1.0070847239299725
5,500,5,118,17.0,False,17143,92,0.991658402846643
5,500,5,119,17.3,False,17149,91,1.0088051781444982
5,500,5,120,17.1,False,17144,93,0.9974335044330378
5,500,5,121,17.1,False,17202,91,0.9940704569236135
5,500,5,122,17.0,False,17140,92,0.9918319719953326
5,500,5,123,42.4,False,17230,93,2.460824143934997
5,500,5,124,17.2,False,17118,92,1.0047902792382288
5,500,5,125,79.6,True,16995,93,
5,500,5,126,17.9,False,17189,93,1.0413636628076095
5,500,5,127,17.6,False,17228,93,1.0215927559786395
5,500,5,128,18.0,False,17282,93,1.0415461173475293
5,500,5,129,17.8,False,17173,93,1.036510801840098
5,500,5,130,17.9,False,17215,95,1.039790880046471
5,500,5,131,17.9,False,17300,93,1.0346820809248556
5,500,5,132,17.9,False,17250,94,1.03768115942029
5,500,5,133,17.9,False,17302,94,1.034562478326205
5,500,5,134,17.8,False,17097,93,1.0411183248523133
5,500,5,135,17.8,False,17065,95,1.0430706123644886
5,500,5,136,17.8,False,17156,94,1.0375378876194916
5,500,5,137,17.7,False,17045,92,1.038427691405104
5,500,5,138,17.8,False,17202,93,1.0347633996046972
5,500,5,139,17.9,False,17179,95,1.0419698469061063
5,500,5,140,17.8,False,17200,94,1.0348837209302326
5,500,5,141,17.8,False,17235,95,1.0327821293878736
5,500,5,142,17.8,False,17311,92,1.0282479348391196
5,500,5,143,17.7,False,17226,92,1.027516544757924
5,500,5,144,17.7,False,17265,92,1.0251954821894005
5,500,5,145,17.5,False,17158,91,1.0199323930528033
5,500,5,146,17.9,False,17462,94,1.0250830374527546
5,500,5,147,17.8,False,17208,94,1.0344026034402602
5,500,5,148,17.8,False,16956,93,1.0497758905402217
5,500,5,149,18.1,False,17188,94,1.0530602746101931
5,500,5,150,79.9,True,17220,95,
5,500,5,151,17.7,False,17025,92,1.039647577092511
5,500,5,152,17.9,False,17231,93,1.0388253728744705
5,500,5,153,17.8,False,17171,92,1.0366315299050726
5,500,5,154,17.6,False,17163,89,1.0254617491114606
5,500,5,155,17.9,False,17207,93,1.0402743069680944
5,500,5,156,17.7,False,17170,92,1.0308677926616192
5,500,5,157,17.9,False,17215,94,1.039790880046471
5,500,5,158,17.7,False,17210,91,1.0284718187100523
5,500,5,159,18.0,False,17215,93,1.0455997676444961
5,500,5,160,17.7,False,17172,92,1.0307477288609364
5,500,5,161,17.4,False,17067,94,1.0195113376691862
5,500,5,162,17.1,False,17164,93,0.9962712654392916
5,500,5,163,17.0,False,17201,93,0.988314632870182
5,500,5,164,20.0,False,17172,94,1.1646866992778941
5,500,5,165,16.8,False,17130,91,0.9807355516637478
5,500,5,166,16.8,False,16977,92,0.9895741297048949
5,500,5,167,16.9,False,16991,94,0.9946442234123948
5,500,5,168,16.8,False,16960,93,0.9905660377358491
5,500,5,169,16.9,False,17131,93,0.9865156733407273
5,500,5,170,16.9,False,17189,91,0.9831869218686369
5,500,5,171,16.9,False,17105,93,0.9880152002338497
5,500,5,172,16.8,False,17063,92,0.9845865322627908
5,500,5,173,16.8,False,17097,92,0.9826285313212845
5,500,5,174,21.1,False,17184,94,1.2278864059590318
5,500,5,175,76.5,True,17255,94,
5,500,5,176,16.9,False,17149,93,0.9854802029272844
5,500,5,177,17.0,False,17184,94,0.9892923649906891
5,500,5,178,17.0,False,17192,93,0.9888320148906468
5,500,5,179,16.8,False,17144,91,0.9799346710219319
5,500,5,180,17.0,False,17179,94,0.9895803015309389
5,500,5,181,16.9,False,17195,91,0.9828438499563826
5,500,5,182,16.9,False,17144,93,0.9857676154923005
5,500,5,183,17.5,False,17177,91,1.0188042149385808
5,500,5,184,18.6,False,17217,94,1.0803275832026487
5,500,5,185,16.9,False,17257,94,0.9793127426551544
5,500,5,186,17.1,False,17267,93,0.9903283720391498
5,500,5,187,17.0,False,17128,95,0.9925268566090611
5,500,5,188,16.9,False,17142,94,0.9858826274647066
5,500,5,189,16.9,False,17080,94,0.9894613583138173
5,500,5,190,16.8,False,17022,92,0.986958054282693
5,500,5,191,16.9,False,17232,90,0.9807335190343547
5,500,5,192,17.1,False,17163,94,0.9963293130571579
5,500,5,193,17.0,False,17108,94,0.9936871638999298
5,500,5,194,17.2,False,17209,92,0.9994770178395026
5,500,5,195,17.2,False,17230,94,0.9982588508415554
5,500,5,196,17.1,False,17331,93,0.9866712826726675
5,500,5,197,17.0,False,17157,93,0.9908492160634144
5,500,5,198,17.2,False,17324,95,0.9928422996998384
5,500,5,199,17.0,False,17114,93,0.993338786958046
5,500,5,200,76.7,True,17119,92,
5,500,5,201,17.1,False,17215,93,0.9933197792622713
5,500,5,202,17.0,False,17205,93,0.988084859052601
5,500,5,203,17.1,False,17205,94,0.993897122929381
5,500,5,204,17.1,False,17181,93,0.9952854897852279
5,500,5,205,17.0,False,17269,91,0.9844229544270079
5,500,5,206,16.9,False,17155,92,0.9851355290002914
5,500,5,207,17.2,False,17236,94,0.9979113483406823
5,500,5,208,17.0,False,17056,95,0.9967166979362101
5,500,5,209,17.0,False,17204,93,0.9881422924901185
5,500,5,210,17.1,False,17171,94,0.9958651214256595
5,500,5,211,16.9,False,17150,92,0.9854227405247813
5,500,5,212,17.3,False,17234,95,1.0038296390855286
5,500,5,213,16.8,False,17060,91,0.984759671746776
5,500,5,214,17.2,False,17279,94,0.9954279761560275
5,500,5,215,17.2,False,17229,94,0.9983167914562656
5,500,5,216,17.2,False,17336,90,0.9921550530687586
5,500,5,217,17.1,False,17248,93,0.9914192949907236
5,500,5,218,17.1,False,17214,95,0.9933774834437086
5,500,5,219,17.0,False,17221,93,0.9871668311944719
5,500,5,220,16.8,False,17084,91,0.9833762584874737
5,500,5,221,17.2,False,17189,94,1.0006399441503286
5,500,5,222,17.0,False,17170,93,0.9900990099009901
5,500,5,223,16.9,False,17143,91,0.9858251181240156
5,500,5,224,17.2,False,17287,92,0.9949673164805923
5,500,5,225,76.6,True,17124,93,
5,500,5,226,17.0,False,17106,94,0.9938033438559569
5,500,5,227,17.1,False,17232,92,0.9923398328690808
5,500,5,228,17.3,False,17289,94,1.000636242697669
5,500,5,229,16.9,False,17118,90,0.9872648673910503
5,500,5,230,17.2,False,17367,95,0.9903840617262625
5,500,5,231,17.4,False,17256,95,1.0083449235048678
5,500,5,232,16.8,False,17156,90,0.9792492422476101
5,500,5,233,17.4,False,17272,95,1.0074108383510885
5,500,5,234,17.3,False,17200,95,1.005813953488372
5,500,5,235,17.1,False,17196,93,0.994417306350314
5,500,5,236,17.2,False,17432,94,0.9866911427260211
5,500,5,237,17.2,False,17166,94,1.0019806594430851
5,500,5,238,16.9,False,17296,90,0.977104532839963
5,500,5,239,17.2,False,17329,92,0.9925558312655087
5,500,5,240,17.1,False,17248,93,0.9914192949907236
5,500,5,241,17.0,False,17224,93,0.9869948908499768
5,500,5,242,17.2,False,17208,92,0.99953509995351
5,500,5,243,18.3,False,17057,94,1.072873307146626
5,500,5,244,17.1,False,17248,92,0.9914192949907236
5,500,5,245,16.9,False,17249,92,0.979766943011189
5,500,5,246,17.3,False,17236,93,1.0037131585054537
5,500,5,247,17.3,False,17344,94,0.9974630996309963
5,500,5,248,17.2,False,17210,94,0.999418942475305
5,500,5,249,17.0,False,17105,92,0.9938614440222158
5,500,5,250,76.7,True,17012,94,
5,500,5,251,17.0,False,17059,94,0.9965414150888094
5,500,5,252,16.8,False,17197,92,0.9769145781240914
5,500,5,253,17.9,False,17223,93,1.0393079022237706
5,500,5,254,17.0,False,17148,95,0.9913692558898997
5,500,5,255,17.0,False,17217,93,0.9873961781959691
5,500,5,256,17.0,False,17237,93,0.9862505076289377
5,500,5,257,17.1,False,17238,93,0.9919944309084581
5,500,5,258,17.0,False,17277,93,0.9839671239219772
5,500,5,259,17.5,False,17132,95,1.0214802708381976
5,500,5,260,17.0,False,17233,94,0.9864794290024952
5,500,5,261,16.9,False,17141,92,0.9859401435155475
5,500,5,262,16.9,False,17239,93,0.9803352862695052
5,500,5,263,17.0,False,17257,93,0.9851074926116938
5,500,5,264,16.8,False,17048,94,0.985452839042703
5,500,5,265,17.0,False,17203,94,0.9881997326047782
5,500,5,266,16.9,False,17274,92,0.978348963760565
5,500,5,267,16.9,False,17226,93,0.9810751190061535
5,500,5,268,17.0,False,17208,92,0.9879125987912599
5,500,5,269,16.9,False,17173,93,0.9841029523088569
5,500,5,270,16.9,False,17196,92,0.9827866945801349
5,500,5,271,16.9,False,17207,93,0.9821584238972512
5,500,5,272,17.1,False,17280,95,0.9895833333333334
5,500,5,273,16.8,False,17070,94,0.984182776801406
5,500,5,274,17.1,False,17218,95,0.9931467069346033
5,500,5,275,76.5,True,17267,95,
5,500,5,276,16.8,False,17061,95,0.9847019518199402
5,500,5,277,17.1,False,17094,94,1.0003510003510003
5,500,5,278,16.9,False,17257,94,0.9793127426551544
5,500,5,279,17.2,False,17181,93,1.001105872766428
5,500,5,280,17.3,False,17287,93,1.000752010181061
5,500,5,281,17.6,False,17192,92,1.0237319683573756
5,500,5,282,17.2,False,17210,94,0.999418942475305
5,500,5,283,17.9,False,17249,95,1.037741318337295
5,500,5,284,17.1,False,17068,94,1.0018748535270683
5,500,5,285,17.9,False,17125,95,1.0452554744525548
5,500,5,286,17.0,False,17084,93,0.9950831187075626
5,500,5,287,17.5,False,17143,94,1.0208248264597795
5,500,5,288,17.3,False,17205,92,1.005521650682941
5,500,5,289,17.4,False,17202,92,1.0115102895012207
5,500,5,290,17.3,False,17196,92,1.006047918120493
5,500,5,291,17.6,False,17211,94,1.0226018244146187
5,500,5,292,17.4,False,17236,94,1.0095149686702252
5,500,5,293,17.4,False,17001,94,1.0234692076936651
5,500,5,294,17.3,False,17226,95,1.0042958318820387
5,500,5,295,17.6,False,17296,93,1.0175763182238668
5,500,5,296,17.2,False,16994,95,1.01212192538543
5,500,5,297,17.7,False,17291,92,1.0236539240067086
5,500,5,298,17.0,False,17237,92,0.9862505076289377
5,500,5,299,17.7,False,17270,93,1.0248986682107701
5,500,5,300,78.6,True,17169,92,
5,500,5,301,17.5,False,17274,94,1.0130832464976265
5,500,5,302,17.4,False,17208,92,1.0111576011157601
5,500,5,303,17.3,False,17147,92,1.0089228436461188
5,500,5,304,17.3,False,17145,92,1.0090405365995918
5,500,5,305,17.2,False,17084,92,1.0067899789276515
5,500,5,306,17.5,False,17350,92,1.0086455331412103
5,500,5,307,17.2,False,17218,89,0.998954582413753
5,500,5,308,17.0,False,17239,90,0.9861360867799757
5,500,5,309,16.6,False,16930,91,0.980507974010632
5,500,5,310,16.8,False,16942,92,0.9916184629913823
5,500,5,311,16.9,False,17218,93,0.9815309559763039
5,500,5,312,17.1,False,16980,94,1.0070671378091873
5,500,5,313,17.0,False,17325,94,0.9812409812409812
5,500,5,314,17.0,False,17069,93,0.9959575839240729
5,500,5,315,16.9,False,17171,93,0.9842175761458273
5,500,5,316,17.3,False,17318,94,0.9989606190091235
5,500,5,317,16.8,False,17177,91,0.9780520463410375
5,500,5,318,17.0,False,17090,92,0.994733762434172
5,500,5,319,17.0,False,17169,92,0.9901566777331237
5,500,5,320,16.9,False,17059,92,0.9906794067647576
5,500,5,321,17.2,False,17099,95,1.0059067781741622
5,500,5,322,17.0,False,17084,94,0.9950831187075626
5,500,5,323,17.5,False,17255,94,1.0141987829614605
5,500,5,324,16.9,False,17181,93,0.9836447238228275
5,500,5,325,77.3,True,17187,92,
5,500,5,326,17.1,False,17207,91,0.9937816005114197
5,500,5,327,17.1,False,17149,95,0.9971426905358913
5,500,5,328,16.9,False,17133,91,0.9864005136286699
5,500,5,329,17.2,False,17196,92,1.0002326122354035
5,500,5,330,17.0,False,17301,93,0.9826021617247558
5,500,5,331,17.1,False,17229,94,0.992512624064078
5,500,5,332,16.9,False,17126,93,0.9868036902954572
5,500,5,333,17.0,False,17240,93,0.9860788863109049
5,500,5,334,16.9,False,17131,93,0.9865156733407273
5,500,5,335,17.2,False,17014,93,1.010932173504173
5,500,5,336,17.0,False,17232,94,0.9865366759517178
5,500,5,337,17.0,False,17283,92,0.9836255279754672
5,500,5,338,16.8,False,17119,92,0.9813657339797885
5,500,5,339,17.0,False,17146,93,0.9914848944360201
5,500,5,340,17.1,False,17313,94,0.987697106220759
5,500,5,341,16.8,False,17070,91,0.984182776801406
5,500,5,342,16.8,False,16974,93,0.9897490279250618
5,500,5,343,16.8,False,16978,93,0.989515844033455
5,500,5,344,16.9,False,17167,93,0.9844469039436128
5,500,5,345,17.4,False,17281,93,1.0068861755685434
5,500,5,346,17.1,False,17292,94,0.9888965995836225
5,500,5,347,17.6,False,17231,95,1.0214148917648425
5,500,5,348,17.2,False,17280,93,0.9953703703703703
5,500,5,349,16.9,False,17056,94,0.9908536585365854
5,500,5,350,77.3,True,17283,93,
5,500,5,351,15.5,False,17092,92,0.906857009127077
5,500,5,352,17.3,False,17194,94,1.0061649412585785
5,500,5,353,17.1,False,17243,94,0.9917067795627211
5,500,5,354,16.9,False,17279,91,0.978065860292841
5,500,5,355,17.0,False,17177,94,0.9896955230831926
5,500,5,356,16.9,False,17186,92,0.983358547655068
5,500,5,357,17.2,False,17322,94,0.9929569333795174
5,500,5,358,16.9,False,17079,92,0.9895192926986357
5,500,5,359,18.8,False,17242,95,1.0903607470131076
5,500,5,360,17.4,False,17328,93,1.0041551246537397
5,500,5,361,17.0,False,17220,93,0.9872241579558653
5,500,5,362,17.0,False,17188,94,0.9890621363742146
5,500,5,363,17.1,False,17241,94,0.9918218200800417
5,500,5,364,17.1,False,16979,94,1.0071264503209847
5,500,5,365,17.1,False,17069,94,1.0018161579471556
5,500,5,366,17.4,False,17202,94,1.0115102895012207
5,500,5,367,17.0,False,17263,94,0.9847651045588831
5,500,5,368,17.3,False,17161,93,1.0080997610861837
5,500,5,369,17.4,False,17226,94,1.0101010101010102
5,500,5,370,17.0,False,17124,94,0.9927587012380285
5,500,5,371,16.8,False,17085,92,0.9833187006145742
5,500,5,372,17.8,False,17239,95,1.0325424908637393
5,500,5,373,16.9,False,17138,92,0.9861127319407166
5,500,5,374,17.0,False,17217,94,0.9873961781959691
5,500,5,375,77.4,True,17140,94,
5,500,5,376,18.2,False,17199,93,1.0582010582010581
5,500,5,377,17.1,False,17160,93,0.9965034965034965
5,500,5,378,17.6,False,17218,94,1.0221860843303519
5,500,5,379,17.1,False,17084,93,1.0009365488176072
5,500,5,380,17.1,False,17191,94,0.9947065324879297
5,500,5,381,17.2,False,17031,93,1.0099230814397275
5,500,5,382,17.4,False,17309,93,1.0052573805534692
5,500,5,383,17.2,False,17267,94,0.9961197660276828
5,500,5,384,17.3,False,17248,94,1.0030148423005565
5,500,5,385,17.2,False,17282,94,0.9952551787987501
5,500,5,386,17.4,False,17167,93,1.0135725519892818
5,500,5,387,17.1,False,17258,94,0.990844825588133
5,500,5,388,16.9,False,17079,92,0.9895192926986357
5,500,5,389,16.8,False,17120,92,0.9813084112149533
5,500,5,390,17.0,False,17111,95,0.9935129448892526
5,500,5,391,16.9,False,17199,92,0.982615268329554
5,500,5,392,16.9,False,17194,92,0.9829010119809236
5,500,5,393,17.0,False,17144,92,0.9916005599626692
5,500,5,394,17.0,False,17166,93,0.9903297215425841
5,500,5,395,17.2,False,17006,95,1.0114077384452547
5,500,5,396,17.1,False,17323,92,0.9871269410610172
5,500,5,397,17.0,False,17167,93,0.9902720335527465
5,500,5,398,17.1,False,17188,92,0.9948801489411218
5,500,5,399,17.0,False,17198,93,0.988487033375974
5,500,5,400,77.4,True,17250,94,
5,500,5,401,17.1,False,17153,94,0.9969101614877864
5,500,5,402,17.0,False,17066,93,0.9961326614320872
5,500,5,403,17.3,False,17271,94,1.0016791152799491
5,500,5,404,47.7,False,17149,94,2.7815032946527496
5,500,5,405,17.3,False,17293,95,1.0004047880645348
5,500,5,406,17.2,False,17212,95,0.9993028119916337
5,500,5,407,17.2,False,17265,95,0.9962351578337677
5,500,5,408,22.2,False,17164,89,1.2934048007457468
5,500,5,409,17.2,False,17146,94,1.0031494226058555
5,500,5,410,17.1,False,17104,93,0.9997661365762395
5,500,5,411,17.2,False,17261,92,0.9964660216673425
5,500,5,412,17.1,False,17175,92,0.9956331877729258
5,500,5,413,17.3,False,17248,95,1.0030148423005565
5,500,5,414,17.3,False,17230,93,1.004062681369704
5,500,5,415,17.3,False,17306,92,0.9996532994337224
5,500,5,416,17.2,False,17193,92,1.0004071424416914
5,500,5,417,17.0,False,17039,94,0.9977111332824696
5,500,5,418,17.2,False,17202,93,0.9998837344494826
5,500,5,419,17.6,False,17147,93,1.0264186155012538
5,500,5,420,17.1,False,17173,94,0.9957491410935772
5,500,5,421,27.6,False,17287,95,1.5965754613293226
5,500,5,422,17.0,False,17160,92,0.9906759906759907
5,500,5,423,16.9,False,17082,92,0.989345509893455
5,500,5,424,17.0,False,17206,91,0.9880274322910613
5,500,5,425,77.8,True,17259,94,
5,500,5,426,17.3,False,17090,95,1.0122878876535986
5,500,5,427,17.3,False,17193,92,1.0062234630372826
5,500,5,428,17.2,False,17165,93,1.002039032915817
5,500,5,429,17.1,False,17074,93,1.0015227831791027
5,500,5,430,17.1,False,17209,92,0.9936661049450869
5,500,5,431,17.3,False,17269,94,1.001795124211014
5,500,5,432,17.2,False,17107,92,1.0054363710761676
5,500,5,433,17.3,False,17198,94,1.005930922200256
5,500,5,434,17.2,False,17181,93,1.001105872766428
5,500,5,435,17.7,False,17059,93,1.0375754733571723
5,500,5,436,17.4,False,17049,93,1.020587717754707
5,500,5,437,17.1,False,17087,92,1.0007608123134546
5,500,5,438,16.8,False,17035,92,0.9862048723216906
5,500,5,439,16.9,False,17059,92,0.9906794067647576
5,500,5,440,17.2,False,17139,95,1.0035591341385146
5,500,5,441,17.0,False,17049,92,0.9971259311396563
5,500,5,442,17.2,False,17223,92,0.9986645764384834
5,500,5,443,17.2,False,17138,93,1.0036176916793091
5,500,5,444,17.2,False,17262,92,0.9964082956783686
5,500,5,445,17.3,False,17204,94,1.0055800976517089
5,500,5,446,19.9,False,17165,93,1.1593358578502768
5,500,5,447,17.2,False,17258,94,0.996639239772859
5,500,5,448,17.1,False,17085,94,1.0008779631255487
5,500,5,449,17.1,False,17380,92,0.9838895281933256
5,500,5,450,76.9,True,17199,93,
5,500,5,451,16.8,False,17018,92,0.9871900340815607
5,500,5,452,16.8,False,17065,91,0.9844711397597422
5,500,5,453,16.9,False,16973,92,0.9956990514346314
5,500,5,454,17.2,False,17241,93,0.9976219476828491
5,500,5,455,17.1,False,17068,95,1.0018748535270683
5,500,5,456,17.2,False,17424,93,0.9871441689623508
5,500,5,457,17.1,False,16992,94,1.00635593220339
5,500,5,458,17.1,False,17213,93,0.9934351943298669
5,500,5,459,17.1,False,17109,93,0.9994739610731194
5,500,5,460,17.0,False,17060,92,0.9964830011723329
5,500,5,461,17.1,False,17142,94,0.9975498774938747
5,500,5,462,17.0,False,17107,91,0.9937452504822587
5,500,5,463,17.0,False,17095,93,0.9944428195378766
5,500,5,464,17.2,False,17264,94,0.9962928637627433
5,500,5,465,17.0,False,17162,92,0.9905605407295187
5,500,5,466,17.2,False,17125,95,1.0043795620437956
5,500,5,467,16.9,False,17065,93,0.9903310870202168
5,500,5,468,16.6,False,17073,89,0.9722954372400867
5,500,5,469,17.0,False,17267,94,0.9845369780506168
5,500,5,470,17.0,False,17157,94,0.9908492160634144
5,500,5,471,17.0,False,17134,92,0.9921792926345279
5,500,5,472,17.1,False,17119,94,0.9988901220865705
5,500,5,473,17.0,False,17087,93,0.9949084099022649
5,500,5,474,16.8,False,17002,91,0.9881190448182566
5,500,5,475,79.2,True,17046,95,
5,500,5,476,18.1,False,17118,93,1.057366514779764
5,500,5,477,17.2,False,17292,94,0.9946796206338191
5,500,5,478,16.9,False,17276,91,0.9782357027089604
5,500,5,479,17.0,False,17206,94,0.9880274322910613
5,500,5,480,17.0,False,17268,94,0.984479962937225
5,500,5,481,16.9,False,17178,93,0.9838165094888811
5,500,5,482,17.1,False,17187,93,0.9949380345610054
5,500,5,483,17.0,False,17246,93,0.9857358227994898
5,500,5,484,17.0,False,17139,93,0.9918898418810899
5,500,5,485,17.4,False,17180,93,1.0128055878928988
5,500,5,486,17.7,False,17280,95,1.0243055555555556
5,500,5,487,17.0,False,17336,94,0.9806183664051684
5,500,5,488,16.9,False,17201,92,0.9825010173827103
5,500,5,489,17.2,False,16968,92,1.0136727958510137
5,500,5,490,16.8,False,16971,93,0.9899239879794944
5,500,5,491,17.0,False,17255,92,0.9852216748768473
5,500,5,492,16.9,False,17060,93,0.9906213364595545
5,500,5,493,17.1,False,17259,93,0.9907874152616026
5,500,5,494,17.0,False,17300,93,0.9826589595375722
5,500,5,495,16.9,False,17270,92,0.9785755645628257
5,500,5,496,16.8,False,17209,91,0.9762333662618398
5,500,5,497,16.7,False,17107,89,0.9762085695913953
5,500,5,498,16.9,False,17205,93,0.982272595175821
5,500,5,499,17.0,False,17162,95,0.9905605407295187
5,500,5,500,76.6,True,17245,94,
6,500,10,1,19.6,False,17447,94,1.1234023041210524
6,500,10,2,17.9,False,17607,95,1.0166411086499687
6,500,10,3,17.9,False,17437,94,1.0265527326948443
6,500,10,4,18.0,False,17455,95,1.0312231452305929
6,500,10,5,18.1,False,17466,95,1.03629909538532
6,500,10,6,18.1,False,17460,94,1.036655211912944
6,500,10,7,18.1,False,17565,95,1.0304582977512098
6,500,10,8,17.9,False,17562,95,1.0192460995330828
6,500,10,9,17.7,False,17250,95,1.0260869565217392
6,500,10,10,17.6,False,17404,93,1.011261778901402
6,500,10,11,17.6,False,17438,94,1.0092900561991054
6,500,10,12,17.6,False,17526,92,1.0042222982996691
6,500,10,13,17.9,False,17491,94,1.0233834543479503
6,500,10,14,17.9,False,17499,94,1.0229155951768671
6,500,10,15,17.6,False,17177,95,1.0246259533096582
6,500,10,16,17.5,False,17357,93,1.0082387509362216
6,500,10,17,18.5,False,17434,94,1.0611448892967763
6,500,10,18,18.0,False,17459,95,1.0309868835557592
6,500,10,19,17.5,False,17259,94,1.0139637290688917
6,500,10,20,17.7,False,17427,93,1.0156653468755379
6,500,10,21,17.8,False,17242,94,1.0323628349379423
6,500,10,22,17.9,False,17597,94,1.017218844121157
6,500,10,23,17.8,False,17491,93,1.0176662283460065
6,500,10,24,17.9,False,17549,94,1.0200011396660777
6,500,10,25,82.9,True,17274,93,
6,500,10,26,17.7,False,17233,94,1.0270991701967156
6,500,10,27,17.9,False,17436,94,1.0266116081670107
6,500,10,28,17.7,False,17433,95,1.0153157804164517
6,500,10,29,17.7,False,17529,94,1.0097552627075133
6,500,10,30,18.4,False,17376,94,1.0589318600368325
6,500,10,31,17.8,False,17481,94,1.0182483839597276
6,500,10,32,17.7,False,17374,95,1.0187636698515024
6,500,10,33,17.7,False,17419,92,1.0161318100924277
6,500,10,34,17.9,False,17368,95,1.0306310456011054
6,500,10,35,17.7,False,17206,94,1.0287109147971638
6,500,10,36,17.6,False,17534,93,1.0037641154328734
6,500,10,37,17.7,False,17404,93,1.0170075844633417
6,500,10,38,17.5,False,17238,92,1.0151989789998839
6,500,10,39,17.8,False,17367,94,1.0249323429492716
6,500,10,40,17.8,False,17333,94,1.0269428258235735
6,500,10,41,17.9,False,17434,95,1.0267293793736376
6,500,10,42,18.0,False,17484,95,1.029512697323267
6,500,10,43,17.7,False,17464,95,1.0135135135135136
6,500,10,44,17.8,False,17542,95,1.0147075590012542
6,500,10,45,17.6,False,17175,95,1.024745269286754
6,500,10,46,17.9,False,17474,94,1.0243790774865515
6,500,10,47,17.8,False,17579,93,1.0125718186472497
6,500,10,48,17.9,False,17406,95,1.0283810180397563
6,500,10,49,18.0,False,17551,95,1.0255825878867302
6,500,10,50,83.1,True,17280,95,
6,500,10,51,17.8,False,17362,94,1.0252275083515725
6,500,10,52,17.8,False,17417,95,1.0219900097605787
6,500,10,53,17.6,False,17523,94,1.0043942247332078
6,500,10,54,17.7,False,17386,95,1.018060508455079
6,500,10,55,17.9,False,17413,95,1.0279676104060185
6,500,10,56,17.8,False,17403,95,1.0228121588231913
6,500,10,57,17.9,False,17450,95,1.0257879656160458
6,500,10,58,17.7,False,17499,94,1.0114863706497514
6,500,10,59,17.7,False,17516,94,1.0105046814341174
6,500,10,60,17.6,False,17448,95,1.008711600183402
6,500,10,61,17.8,False,17516,95,1.0162137474309203
6,500,10,62,17.9,False,17484,94,1.0237931823381377
6,500,10,63,17.8,False,17343,92,1.0263506890388052
6,500,10,64,18.6,False,17405,94,1.0686584314852055
6,500,10,65,17.8,False,17494,94,1.0174917114439237
6,500,10,66,17.8,False,17445,95,1.0203496703926627
6,500,10,67,17.9,False,17549,93,1.0200011396660777
6,500,10,68,17.7,False,17354,94,1.0199377665091622
6,500,10,69,17.7,False,17394,95,1.0175922731976543
6,500,10,70,17.9,False,17372,94,1.0303937370481233
6,500,10,71,17.8,False,17350,94,1.0259365994236311
6,500,10,72,17.5,False,17240,93,1.0150812064965198
6,500,10,73,17.7,False,17405,94,1.0169491525423728
6,500,10,74,17.7,False,17470,95,1.013165426445335
6,500,10,75,82.9,True,17393,94,
6,500,10,76,18.0,False,17431,95,1.0326429923699156
6,500,10,77,17.7,False,17419,94,1.0161318100924277
6,500,10,78,17.9,False,17561,94,1.0193041398553613
6,500,10,79,17.8,False,17426,93,1.0214621829450248
6,500,10,80,17.8,False,17277,94,1.0302714591653643
6,500,10,81,17.8,False,17462,95,1.0193563165731303
6,500,10,82,17.8,False,17427,95,1.0214035691742698
6,500,10,83,17.9,False,17487,94,1.0236175444616
6,500,10,84,17.6,False,17199,94,1.0233153090295948
6,500,10,85,17.7,False,17374,95,1.0187636698515024
6,500,10,86,17.8,False,17435,94,1.020934901061084
6,500,10,87,18.0,False,17572,95,1.024356931481903
6,500,10,88,17.7,False,17489,93,1.012064726399451
6,500,10,89,17.6,False,17415,94,1.010623026126902
6,500,10,90,17.9,False,17436,95,1.0266116081670107
6,500,10,91,17.8,False,17432,95,1.0211106011932078
6,500,10,92,17.4,False,17298,94,1.005896635449185
6,500,10,93,17.7,False,17381,94,1.0183533743743167
6,500,10,94,17.7,False,17394,94,1.0175922731976543
6,500,10,95,17.6,False,17395,94,1.0117849956884162
6,500,10,96,17.6,False,17350,92,1.0144092219020173
6,500,10,97,17.9,False,17335,95,1.0325930199019324
6,500,10,98,17.7,False,17481,93,1.012527887420628
6,500,10,99,17.7,False,17418,94,1.0161901481226319
6,500,10,100,82.5,True,17434,95,
6,500,10,101,17.4,False,17145,95,1.0148731408573928
6,500,10,102,17.4,False,17232,94,1.00974930362117
6,500,10,103,18.0,False,17454,95,1.0312822275696116
6,500,10,104,17.6,False,17408,92,1.0110294117647058
6,500,10,105,17.7,False,17318,94,1.0220579743619356
6,500,10,106,17.8,False,17414,94,1.022166073274377
6,500,10,107,17.7,False,17185,94,1.0299679953447773
6,500,10,108,17.8,False,17364,94,1.0251094217922139
6,500,10,109,17.5,False,17295,93,1.0118531367447239
6,500,10,110,17.8,False,17492,95,1.0176080493940087
6,500,10,111,17.7,False,17565,95,1.0076857386848848
6,500,10,112,17.8,False,17406,94,1.022635872687579
6,500,10,113,17.7,False,17321,94,1.0218809537555569
6,500,10,114,17.8,False,17424,94,1.0215794306703398
6,500,10,115,17.6,False,17381,95,1.0125999654795466
6,500,10,116,17.7,False,17454,94,1.0140941904434513
6,500,10,117,17.8,False,17208,94,1.0344026034402602
6,500,10,118,17.9,False,17378,94,1.0300379790539762
6,500,10,119,17.6,False,17380,94,1.0126582278481013
6,500,10,120,17.7,False,17396,95,1.017475281673948
6,500,10,121,17.8,False,17451,95,1.019998853933872
6,500,10,122,18.0,False,17336,95,1.0383017997231194
6,500,10,123,17.8,False,17361,94,1.0252865618339957
6,500,10,124,17.8,False,17322,94,1.027594965939268
6,500,10,125,82.3,True,17219,94,
6,500,10,126,18.0,False,17448,94,1.031636863823934
6,500,10,127,17.6,False,17423,94,1.010158985249383
6,500,10,128,17.8,False,17487,94,1.017899010693658
6,500,10,129,17.9,False,17431,95,1.0269060868567494
6,500,10,130,17.8,False,17389,95,1.023635631721203
6,500,10,131,17.8,False,17511,94,1.0165039118268517
6,500,10,132,17.8,False,17553,94,1.014071668660628
6,500,10,133,17.9,False,17411,94,1.0280856929527311
6,500,10,134,17.6,False,17329,94,1.0156385250158693
6,500,10,135,17.4,False,17218,94,1.0105703333720526
6,500,10,136,17.6,False,17305,95,1.0170470962149667
6,500,10,137,17.8,False,17284,95,1.0298542004165703
6,500,10,138,18.0,False,17478,95,1.0298661174047374
6,500,10,139,17.8,False,17400,94,1.0229885057471264
6,500,10,140,17.7,False,17402,95,1.017124468451902
6,500,10,141,17.7,False,17371,95,1.0189396119970064
6,500,10,142,17.8,False,17449,95,1.0201157659464726
6,500,10,143,17.8,False,17504,94,1.0169104204753199
6,500,10,144,18.0,False,17470,95,1.0303377218088152
6,500,10,145,17.6,False,17395,93,1.0117849956884162
6,500,10,146,17.9,False,17631,93,1.0152572174011685
6,500,10,147,17.8,False,17397,95,1.0231649134908318
6,500,10,148,17.9,False,17266,95,1.0367195644619482
6,500,10,149,17.6,False,17361,94,1.013766488105524
6,500,10,150,83.1,True,17397,95,
6,500,10,151,17.8,False,17356,95,1.0255819313205807
6,500,10,152,17.6,False,17370,93,1.0132412204951065
6,500,10,153,17.9,False,17402,95,1.0286174002988162
6,500,10,154,17.8,False,17488,94,1.0178408051235133
6,500,10,155,17.7,False,17420,95,1.0160734787600458
6,500,10,156,17.8,False,17421,94,1.0217553527352046
6,500,10,157,17.6,False,17405,94,1.0112036771042803
6,500,10,158,17.5,False,17405,91,1.005458201666188
6,500,10,159,17.6,False,17457,94,1.0081915563957151
6,500,10,160,17.7,False,17397,95,1.0174167959993101
6,500,10,161,17.8,False,17306,95,1.0285450132901883
6,500,10,162,17.8,False,17447,95,1.0202327047629964
6,500,10,163,17.8,False,17467,95,1.0190645216694338
6,500,10,164,17.6,False,17356,94,1.0140585388338328
6,500,10,165,17.7,False,17424,94,1.015840220385675
6,500,10,166,17.7,False,17253,94,1.025908537645627
6,500,10,167,17.7,False,17234,94,1.027039572937217
6,500,10,168,17.7,False,17233,94,1.0270991701967156
6,500,10,169,17.8,False,17328,94,1.0272391505078486
6,500,10,170,17.8,False,17428,93,1.021344962129906
6,500,10,171,17.8,False,17277,95,1.0302714591653643
6,500,10,172,17.7,False,17339,94,1.020820116500375
6,500,10,173,17.8,False,17354,95,1.0257001267719257
6,500,10,174,17.8,False,17378,94,1.0242835769363563
6,500,10,175,82.8,True,17448,95,
6,500,10,176,17.8,False,17363,95,1.02516846167137
6,500,10,177,17.7,False,17422,95,1.015956836184135
6,500,10,178,17.9,False,17436,95,1.0266116081670107
6,500,10,179,17.7,False,17418,94,1.0161901481226319
6,500,10,180,17.8,False,17395,94,1.0232825524576028
6,500,10,181,17.7,False,17357,93,1.01976147951835
6,500,10,182,17.9,False,17391,94,1.0292680121902134
6,500,10,183,17.6,False,17353,95,1.0142338500547456
6,500,10,184,17.7,False,17335,94,1.0210556677242573
6,500,10,185,17.8,False,17373,94,1.0245783687330916
6,500,10,186,17.8,False,17491,94,1.0176662283460065
6,500,10,187,17.7,False,17335,94,1.0210556677242573
6,500,10,188,17.8,False,17382,95,1.0240478656081002
6,500,10,189,17.6,False,17345,94,1.01470164312482
6,500,10,190,17.8,False,17200,94,1.0348837209302326
6,500,10,191,17.9,False,17448,95,1.025905547913801
6,500,10,192,17.8,False,17330,95,1.0271206001154067
6,500,10,193,17.7,False,17333,94,1.0211734841054636
6,500,10,194,18.0,False,17442,95,1.0319917440660475
6,500,10,195,18.5,False,17378,95,1.064564391759696
6,500,10,196,17.9,False,17531,94,1.0210484284980892
6,500,10,197,17.6,False,17411,94,1.010855206478663
6,500,10,198,17.8,False,17503,95,1.0169685196823401
6,500,10,199,17.8,False,17370,94,1.02475532527346
6,500,10,200,83.0,True,17425,94,
6,500,10,201,17.6,False,17429,94,1.0098112341499799
6,500,10,202,17.9,False,17432,94,1.0268471776044057
6,500,10,203,17.8,False,17387,94,1.023753378961293
6,500,10,204,17.6,False,17395,94,1.0117849956884162
6,500,10,205,17.9,False,17499,93,1.0229155951768671
6,500,10,206,17.9,False,17429,94,1.0270239256411728
6,500,10,207,17.9,False,17473,94,1.0244377038859955
6,500,10,208,18.0,False,17348,95,1.0375835831219737
6,500,10,209,17.9,False,17411,94,1.0280856929527311
6,500,10,210,18.0,False,17455,95,1.0312231452305929
6,500,10,211,18.0,False,17419,95,1.0333543831448417
6,500,10,212,17.8,False,17381,95,1.0241067832690869
6,500,10,213,17.8,False,17410,95,1.022400919012062
6,500,10,214,17.8,False,17482,94,1.0181901384280976
6,500,10,215,17.7,False,17409,93,1.0167154919869033
6,500,10,216,17.9,False,17567,93,1.0189559970399045
6,500,10,217,17.9,False,17452,94,1.0256704102681642
6,500,10,218,17.8,False,17471,93,1.0188312059985118
6,500,10,219,18.0,False,17529,95,1.0268697586856068
6,500,10,220,17.7,False,17347,94,1.0203493399435062
6,500,10,221,18.0,False,17399,95,1.0345422150698316
6,500,10,222,17.8,False,17398,95,1.0231061041499023
6,500,10,223,18.0,False,17457,94,1.0311050008592542
6,500,10,224,17.9,False,17488,94,1.02355901189387
6,500,10,225,83.6,True,17371,95,
6,500,10,226,18.0,False,17381,94,1.0356136010586272
6,500,10,227,18.1,False,17476,95,1.0357061112382697
6,500,10,228,17.9,False,17493,94,1.0232664494369177
6,500,10,229,17.9,False,17408,94,1.0282628676470589
6,500,10,230,18.1,False,17486,95,1.0351138053299782
6,500,10,231,17.9,False,17448,94,1.025905547913801
6,500,10,232,17.7,False,17442,94,1.0147918816649466
6,500,10,233,18.0,False,17509,95,1.0280427208864014
6,500,10,234,18.0,False,17437,95,1.0322876641624132
6,500,10,235,17.9,False,17453,95,1.0256116426975306
6,500,10,236,18.2,False,17589,95,1.0347376201034737
6,500,10,237,17.9,False,17354,95,1.0314624870346893
6,500,10,238,18.1,False,17568,95,1.0302823315118397
6,500,10,239,18.2,False,17583,95,1.0350907126201445
6,500,10,240,17.9,False,17476,95,1.0242618448157472
6,500,10,241,17.7,False,17504,94,1.011197440585009
6,500,10,242,17.9,False,17524,92,1.0214562885186032
6,500,10,243,18.1,False,17265,95,1.0483637416739067
6,500,10,244,17.9,False,17438,94,1.0264938639752266
6,500,10,245,18.0,False,17516,95,1.027631879424526
6,500,10,246,18.0,False,17498,95,1.0286889930277745
6,500,10,247,17.9,False,17504,94,1.0226234003656307
6,500,10,248,18.1,False,17445,95,1.0375465749498423
6,500,10,249,17.8,False,17283,95,1.0299137881154892
6,500,10,250,83.7,True,17236,95,
6,500,10,251,17.9,False,17343,95,1.0321167041457648
6,500,10,252,17.9,False,17444,95,1.02614079339601
6,500,10,253,18.0,False,17435,95,1.0324060797246917
6,500,10,254,18.0,False,17358,95,1.0369858278603525
6,500,10,255,18.0,False,17409,94,1.033947957952783
6,500,10,256,17.9,False,17408,94,1.0282628676470589
6,500,10,257,17.8,False,17484,92,1.0180736673530084
6,500,10,258,17.7,False,17453,93,1.0141522947344297
6,500,10,259,17.9,False,17348,94,1.0318192298824072
6,500,10,260,17.9,False,17466,95,1.0248482766517806
6,500,10,261,17.9,False,17415,94,1.027849554981338
6,500,10,262,17.9,False,17426,93,1.0272007345346035
6,500,10,263,18.0,False,17470,94,1.0303377218088152
6,500,10,264,18.0,False,17294,95,1.0408234069619522
6,500,10,265,18.0,False,17381,94,1.0356136010586272
6,500,10,266,18.0,False,17445,94,1.0318142734307825
6,500,10,267,17.9,False,17429,94,1.0270239256411728
6,500,10,268,17.9,False,17457,95,1.0253766397433695
6,500,10,269,18.0,False,17441,94,1.0320509145117827
6,500,10,270,17.9,False,17467,93,1.0247896032518464
6,500,10,271,17.7,False,17320,94,1.0219399538106235
6,500,10,272,17.8,False,17484,94,1.0180736673530084
6,500,10,273,17.9,False,17265,94,1.0367796119316537
6,500,10,274,18.2,False,17463,95,1.0422035160052683
6,500,10,275,84.0,True,17422,94,
6,500,10,276,17.7,False,17290,94,1.0237131289762869
6,500,10,277,17.8,False,17343,95,1.0263506890388052
6,500,10,278,18.0,False,17502,95,1.0284538909838876
6,500,10,279,17.9,False,17449,95,1.0258467533956102
6,500,10,280,18.1,False,17478,95,1.0355875958347638
6,500,10,281,18.0,False,17415,95,1.0335917312661498
6,500,10,282,17.9,False,17481,95,1.0239688804988274
6,500,10,283,17.9,False,17461,94,1.0251417444590802
6,500,10,284,17.9,False,17206,95,1.0403347669417644
6,500,10,285,18.0,False,17294,95,1.0408234069619522
6,500,10,286,18.0,False,17338,95,1.0381820279155611
6,500,10,287,18.1,False,17355,94,1.0429271103428406
6,500,10,288,18.0,False,17433,93,1.0325245224574084
6,500,10,289,17.9,False,17430,94,1.0269650028686172
6,500,10,290,18.1,False,17483,94,1.0352914259566437
6,500,10,291,18.2,False,17482,95,1.0410708156961446
6,500,10,292,18.1,False,17438,95,1.0379630691593074
6,500,10,293,17.7,False,17153,95,1.0318894653996384
6,500,10,294,17.8,False,17447,95,1.0202327047629964
6,500,10,295,18.0,False,17460,93,1.0309278350515463
6,500,10,296,18.0,False,17300,95,1.0404624277456647
6,500,10,297,18.6,False,17467,95,1.0648651743287343
6,500,10,298,18.1,False,17484,94,1.0352322123083963
6,500,10,299,18.2,False,17586,95,1.03491413624474
6,500,10,300,84.2,True,17399,95,
6,500,10,301,18.4,False,17560,95,1.0478359908883828
6,500,10,302,18.2,False,17552,95,1.0369188696444849
6,500,10,303,17.9,False,17379,94,1.0299787099372806
6,500,10,304,18.2,False,17441,95,1.0435181468952468
6,500,10,305,17.8,False,17311,94,1.0282479348391196
6,500,10,306,18.2,False,17519,95,1.0388720817398254
6,500,10,307,18.0,False,17493,94,1.0289830217801406
6,500,10,308,18.2,False,17400,95,1.0459770114942528
6,500,10,309,18.0,False,17265,94,1.0425716768027802
6,500,10,310,17.9,False,17182,94,1.0417879175881737
6,500,10,311,18.1,False,17445,95,1.0375465749498423
6,500,10,312,17.8,False,17298,95,1.0290206960342236
6,500,10,313,18.1,False,17534,94,1.032280141439489
6,500,10,314,18.1,False,17325,95,1.0447330447330447
6,500,10,315,18.0,False,17391,94,1.0350181128169742
6,500,10,316,18.0,False,17523,94,1.027221366204417
6,500,10,317,17.9,False,17407,93,1.0283219394496468
6,500,10,318,18.0,False,17448,95,1.031636863823934
6,500,10,319,17.9,False,17369,95,1.0305717082157868
6,500,10,320,17.9,False,17327,95,1.0330697754948923
6,500,10,321,18.1,False,17364,95,1.0423865468785993
6,500,10,322,18.0,False,17284,95,1.0414255959268688
6,500,10,323,18.0,False,17353,94,1.0372846193741716
6,500,10,324,18.1,False,17465,95,1.0363584311480103
6,500,10,325,84.3,True,17439,95,
6,500,10,326,17.8,False,17484,95,1.0180736673530084
6,500,10,327,17.8,False,17307,95,1.028485583867799
6,500,10,328,18.1,False,17456,95,1.0368927589367554
6,500,10,329,18.1,False,17455,95,1.0369521627040963
6,500,10,330,18.0,False,17517,95,1.0275732145915397
6,500,10,331,18.0,False,17434,94,1.0324652976941608
6,500,10,332,17.8,False,17338,95,1.0266466720498328
6,500,10,333,17.9,False,17394,94,1.0290904909738992
6,500,10,334,17.9,False,17410,95,1.0281447443997702
6,500,10,335,18.1,False,17303,95,1.046061376639889
6,500,10,336,18.0,False,17500,93,1.0285714285714285
6,500,10,337,17.8,False,17539,93,1.0148811220708136
6,500,10,338,18.1,False,17362,95,1.0425066236608687
6,500,10,339,18.0,False,17440,94,1.0321100917431192
6,500,10,340,18.2,False,17493,95,1.0404161664665867
6,500,10,341,17.9,False,17359,94,1.0311653897113888
6,500,10,342,18.0,False,17252,95,1.0433572919081846
6,500,10,343,18.0,False,17247,95,1.0436597669159855
6,500,10,344,18.1,False,17406,95,1.0398713087441112
6,500,10,345,18.0,False,17470,94,1.0303377218088152
6,500,10,346,18.0,False,17471,95,1.0302787476389446
6,500,10,347,18.0,False,17455,94,1.0312231452305929
6,500,10,348,17.7,False,17548,93,1.0086619557784362
6,500,10,349,17.8,False,17246,95,1.0321233909312304
6,500,10,350,84.0,True,17497,95,
6,500,10,351,17.8,False,17371,94,1.024696332968741
6,500,10,352,18.0,False,17536,94,1.0264598540145986
6,500,10,353,18.5,False,17439,95,1.06084064453237
6,500,10,354,18.0,False,17560,95,1.0250569476082005
6,500,10,355,17.7,False,17344,94,1.0205258302583027
6,500,10,356,17.8,False,17387,95,1.023753378961293
6,500,10,357,17.8,False,17523,93,1.0158077954688125
6,500,10,358,17.8,False,17332,95,1.0270020770828525
6,500,10,359,17.9,False,17424,94,1.0273186409550046
6,500,10,360,18.0,False,17509,95,1.0280427208864014
6,500,10,361,18.0,False,17420,95,1.0332950631458093
6,500,10,362,18.0,False,17411,93,1.033829188444087
6,500,10,363,18.1,False,17461,94,1.0365958421625336
6,500,10,364,18.1,False,17242,95,1.0497622085604918
6,500,10,365,18.0,False,17332,95,1.0385414262635588
6,500,10,366,17.8,False,17351,93,1.0258774710391332
6,500,10,367,18.1,False,17458,95,1.0367739718180777
6,500,10,368,17.9,False,17493,94,1.0232664494369177
6,500,10,369,18.1,False,17542,95,1.03180937179341
6,500,10,370,17.7,False,17338,95,1.0208789941169685
6,500,10,371,17.8,False,17356,94,1.0255819313205807
6,500,10,372,17.7,False,17365,93,1.0192916786639792
6,500,10,373,18.0,False,17376,95,1.0359116022099448
6,500,10,374,18.1,False,17453,95,1.0370709906606315
6,500,10,375,83.9,True,17381,95,
6,500,10,376,17.8,False,17423,94,1.021638064627217
6,500,10,377,18.1,False,17380,95,1.041426927502877
6,500,10,378,18.2,False,17450,95,1.0429799426934097
6,500,10,379,18.0,False,17417,95,1.0334730435781134
6,500,10,380,18.1,False,17441,95,1.0377845307035147
6,500,10,381,17.9,False,17205,95,1.040395233943621
6,500,10,382,18.2,False,17535,95,1.0379241516966067
6,500,10,383,18.0,False,17395,94,1.0347801092267892
6,500,10,384,17.8,False,17522,94,1.0158657687478598
6,500,10,385,18.1,False,17525,95,1.0328102710413696
6,500,10,386,18.0,False,17476,95,1.0299839780270084
6,500,10,387,17.9,False,17528,94,1.021223185759927
6,500,10,388,17.9,False,17400,94,1.028735632183908
6,500,10,389,17.9,False,17343,95,1.0321167041457648
6,500,10,390,17.9,False,17316,94,1.0337260337260337
6,500,10,391,17.9,False,17489,94,1.0235004860197838
6,500,10,392,18.0,False,17423,95,1.0331171440050508
6,500,10,393,17.9,False,17313,94,1.033905157973777
6,500,10,394,17.7,False,17430,91,1.0154905335628228
6,500,10,395,17.9,False,17180,95,1.0419091967403957
6,500,10,396,17.9,False,17528,95,1.021223185759927
6,500,10,397,18.0,False,17432,94,1.0325837540156035
6,500,10,398,18.1,False,17452,95,1.0371304148521658
6,500,10,399,18.0,False,17427,94,1.0328800137717336
6,500,10,400,83.7,True,17454,95,
6,500,10,401,18.0,False,17402,95,1.0343638662222734
6,500,10,402,17.9,False,17343,94,1.0321167041457648
6,500,10,403,18.1,False,17444,95,1.037606053657418
6,500,10,404,18.0,False,17333,95,1.0384815092597934
6,500,10,405,18.0,False,17460,94,1.0309278350515463
6,500,10,406,18.0,False,17463,93,1.0307507301151004
6,500,10,407,18.0,False,17400,95,1.0344827586206897
6,500,10,408,18.0,False,17460,94,1.0309278350515463
6,500,10,409,18.0,False,17377,95,1.035851988260344
6,500,10,410,18.0,False,17429,94,1.0327614894715704
6,500,10,411,17.8,False,17411,94,1.022342197461375
6,500,10,412,18.1,False,17479,94,1.0355283483036788
6,500,10,413,18.0,False,17427,95,1.0328800137717336
6,500,10,414,18.1,False,17508,95,1.0338131140050262
6,500,10,415,18.0,False,17448,94,1.031636863823934
6,500,10,416,18.0,False,17392,95,1.0349586016559338
6,500,10,417,17.9,False,17291,95,1.0352206350124342
6,500,10,418,17.8,False,17441,95,1.0205836821283183
6,500,10,419,17.9,False,17381,93,1.029860192163857
6,500,10,420,17.9,False,17375,95,1.0302158273381294
6,500,10,421,18.0,False,17445,95,1.0318142734307825
6,500,10,422,18.0,False,17439,94,1.0321692757612249
6,500,10,423,17.9,False,17306,94,1.0343233560614815
6,500,10,424,18.0,False,17460,95,1.0309278350515463
6,500,10,425,83.3,True,17436,92,
6,500,10,426,17.8,False,17317,95,1.0278916671478893
6,500,10,427,18.0,False,17389,95,1.0351371556731266
6,500,10,428,17.9,False,17381,94,1.029860192163857
6,500,10,429,18.0,False,17333,95,1.0384815092597934
6,500,10,430,17.8,False,17421,94,1.0217553527352046
6,500,10,431,18.1,False,17518,95,1.033222970658751
6,500,10,432,17.8,False,17462,95,1.0193563165731303
6,500,10,433,18.0,False,17414,94,1.0336510853336396
6,500,10,434,17.8,False,17370,95,1.02475532527346
6,500,10,435,17.7,False,17134,94,1.0330337340959497
6,500,10,436,17.9,False,17328,95,1.0330101569713759
6,500,10,437,17.8,False,17359,94,1.025404689210208
6,500,10,438,18.2,False,17328,95,1.0503231763619576
6,500,10,439,18.0,False,17357,95,1.0370455723915424
6,500,10,440,17.9,False,17359,93,1.0311653897113888
6,500,10,441,17.9,False,17350,94,1.031700288184438
6,500,10,442,18.1,False,17507,94,1.0338721654195464
6,500,10,443,18.0,False,17426,95,1.0329392861241822
6,500,10,444,18.0,False,17462,95,1.030809758332379
6,500,10,445,17.8,False,17418,93,1.0219313354001607
6,500,10,446,18.0,False,17427,94,1.0328800137717336
6,500,10,447,17.9,False,17470,94,1.0246136233543217
6,500,10,448,17.8,False,17290,94,1.0294968189705032
6,500,10,449,18.2,False,17590,95,1.0346787947697555
6,500,10,450,84.0,True,17432,95,
6,500,10,451,17.9,False,17276,95,1.036119472100023
6,500,10,452,18.1,False,17401,95,1.0401701051663697
6,500,10,453,17.8,False,17148,94,1.0380219267553068
6,500,10,454,18.1,False,17463,95,1.0364771230601844
6,500,10,455,18.0,False,17288,95,1.041184636742249
6,500,10,456,18.1,False,17557,95,1.0309278350515463
6,500,10,457,17.8,False,17225,95,1.0333817126269957
6,500,10,458,18.0,False,17399,94,1.0345422150698316
6,500,10,459,18.0,False,17379,95,1.0357327809425168
6,500,10,460,18.0,False,17330,95,1.03866128101558
6,500,10,461,17.8,False,17460,94,1.0194730813287514
6,500,10,462,17.9,False,17378,95,1.0300379790539762
6,500,10,463,18.0,False,17320,95,1.0392609699769053
6,500,10,464,18.1,False,17436,95,1.0380821289286533
6,500,10,465,18.0,False,17360,95,1.0368663594470047
6,500,10,466,18.1,False,17416,94,1.0392742305925586
6,500,10,467,17.8,False,17347,94,1.0261140254799102
6,500,10,468,18.0,False,17331,95,1.0386013501817553
6,500,10,469,17.7,False,17438,92,1.0150246587911458
6,500,10,470,17.8,False,17383,94,1.0239889547258816
6,500,10,471,18.1,False,17509,95,1.03375406933577
6,500,10,472,18.1,False,17292,95,1.0467268100855887
6,500,10,473,18.1,False,17439,94,1.0379035495154538
6,500,10,474,18.0,False,17239,95,1.04414409188468
6,500,10,475,84.9,True,17263,95,
6,500,10,476,18.2,False,17381,95,1.0471204188481675
6,500,10,477,18.2,False,17431,95,1.044116803396248
6,500,10,478,18.2,False,17547,94,1.0372143386333845
6,500,10,479,18.2,False,17433,94,1.0439970171513795
6,500,10,480,18.0,False,17516,93,1.027631879424526
6,500,10,481,18.0,False,17360,93,1.0368663594470047
6,500,10,482,18.3,False,17437,95,1.0494924585651202
6,500,10,483,18.3,False,17493,95,1.0461327388098096
6,500,10,484,18.2,False,17435,95,1.0438772583882994
6,500,10,485,17.9,False,17381,94,1.029860192163857
6,500,10,486,18.2,False,17479,95,1.0412494993992791
6,500,10,487,18.0,False,17552,93,1.0255241567912488
6,500,10,488,18.0,False,17460,95,1.0309278350515463
6,500,10,489,18.0,False,17245,94,1.0437808060307336
6,500,10,490,18.0,False,17225,95,1.0449927431059507
6,500,10,491,18.1,False,17444,95,1.037606053657418
6,500,10,492,18.3,False,17354,95,1.054511928085744
6,500,10,493,17.9,False,17535,94,1.0208155118334759
6,500,10,494,18.0,False,17515,93,1.0276905509563232
6,500,10,495,18.3,False,17543,95,1.0431511144046057
6,500,10,496,18.3,False,17484,95,1.0466712422786548
6,500,10,497,18.0,False,17427,93,1.0328800137717336
6,500,10,498,18.0,False,17433,95,1.0325245224574084
6,500,10,499,18.1,False,17367,95,1.0422064835607763
6,500,10,500,84.6,True,17438,95,
7,500,20,1,22.8,False,18068,95,1.261899490812486
7,500,20,2,20.2,False,18295,95,1.10412681060399
7,500,20,3,20.3,False,18381,94,1.1044012839344977
7,500,20,4,20.3,False,18340,94,1.1068702290076335
7,500,20,5,20.4,False,18505,93,1.1024047554714942
7,500,20,6,20.7,False,18584,94,1.113861386138614
7,500,20,7,20.6,False,18484,95,1.1144773858472192
7,500,20,8,20.3,False,18189,95,1.11605915663313
7,500,20,9,20.6,False,18244,95,1.1291383468537601
7,500,20,10,20.7,False,18300,95,1.1311475409836065
7,500,20,11,26.1,False,18228,95,1.4318630678077682
7,500,20,12,20.3,False,18263,94,1.1115369873514758
7,500,20,13,20.6,False,18593,94,1.1079438498359597
7,500,20,14,31.5,False,18232,94,1.7277314611671786
7,500,20,15,20.7,False,18179,95,1.1386764948567027
7,500,20,16,20.4,False,18278,95,1.116095852937958
7,500,20,17,20.8,False,18537,95,1.1220801639963316
7,500,20,18,20.7,False,18323,95,1.1297276646837309
7,500,20,19,20.7,False,18250,95,1.1342465753424658
7,500,20,20,35.3,False,18239,95,1.9354131257196119
7,500,20,21,20.3,False,18186,94,1.1162432640492688
7,500,20,22,20.2,False,18216,95,1.108915239350022
7,500,20,23,20.3,False,18299,95,1.109350237717908
7,500,20,24,20.6,False,18321,93,1.1243927733202337
7,500,20,25,93.9,True,18321,93,
7,500,20,26,20.3,False,18304,94,1.1090472027972027
7,500,20,27,20.2,False,18289,94,1.1044890371261413
7,500,20,28,20.1,False,18133,95,1.1084762587547565
7,500,20,29,20.3,False,18324,94,1.107836716874045
7,500,20,30,20.2,False,18301,94,1.1037648215944484
7,500,20,31,20.1,False,18240,95,1.1019736842105263
7,500,20,32,20.0,False,18086,95,1.1058277120424638
7,500,20,33,20.0,False,18246,93,1.0961306587745259
7,500,20,34,20.2,False,18221,95,1.1086109434169364
7,500,20,35,20.3,False,18206,95,1.1150170273536197
7,500,20,36,20.2,False,18285,95,1.1047306535411539
7,500,20,37,20.2,False,18271,95,1.1055771441081494
7,500,20,38,20.3,False,18323,93,1.1078971784096492
7,500,20,39,20.3,False,18237,95,1.1131216757142073
7,500,20,40,20.1,False,18151,95,1.107377004021817
7,500,20,41,20.0,False,18189,94,1.099565671559734
7,500,20,42,20.2,False,18186,95,1.1107445287583855
7,500,20,43,20.4,False,18226,94,1.1192801492373532
7,500,20,44,20.4,False,18245,95,1.1181145519320361
7,500,20,45,20.2,False,18215,93,1.108976118583585
7,500,20,46,20.3,False,18275,95,1.1108071135430917
7,500,20,47,20.2,False,18323,94,1.1024395568411287
7,500,20,48,20.2,False,18241,94,1.1073954278822433
7,500,20,49,20.4,False,18372,94,1.1103853690398433
7,500,20,50,93.8,True,18120,94,
7,500,20,51,20.2,False,18298,94,1.103945786424746
7,500,20,52,20.2,False,18179,95,1.111172231695913
7,500,20,53,20.2,False,18235,95,1.1077598025774609
7,500,20,54,21.0,False,18228,95,1.152073732718894
7,500,20,55,20.0,False,18054,95,1.1077877478675087
7,500,20,56,20.1,False,18140,94,1.1080485115766263
7,500,20,57,21.2,False,18313,95,1.1576475727625184
7,500,20,58,20.2,False,18264,94,1.106000876040298
7,500,20,59,20.2,False,18278,94,1.105153736732684
7,500,20,60,20.1,False,18145,94,1.1077431799393773
7,500,20,61,20.4,False,18355,95,1.1114137837101608
7,500,20,62,20.3,False,18223,94,1.1139768424518466
7,500,20,63,20.4,False,18201,95,1.1208175374979397
7,500,20,64,20.2,False,18248,95,1.1069706269180184
7,500,20,65,20.2,False,18309,94,1.1032825386421978
7,500,20,66,20.2,False,18235,95,1.1077598025774609
7,500,20,67,20.0,False,18060,95,1.1074197120708749
7,500,20,68,20.1,False,18211,95,1.1037285157322498
7,500,20,69,20.2,False,18300,94,1.1038251366120218
7,500,20,70,20.1,False,18136,94,1.10829289810322
7,500,20,71,20.3,False,18245,95,1.1126335982460949
7,500,20,72,20.1,False,18143,94,1.1078652923992724
7,500,20,73,20.1,False,18155,95,1.1071330212062793
7,500,20,74,20.1,False,18282,94,1.099442074171316
7,500,20,75,92.8,True,18133,95,
7,500,20,76,20.0,False,18050,95,1.10803324099723
7,500,20,77,20.0,False,18084,95,1.1059500110595002
7,500,20,78,22.0,False,18321,94,1.2008078161672397
7,500,20,79,20.1,False,18227,94,1.102759642288912
7,500,20,80,20.0,False,18249,93,1.0959504630390706
7,500,20,81,20.2,False,18246,94,1.1070919653622713
7,500,20,82,20.0,False,18078,95,1.1063170704723975
7,500,20,83,20.1,False,18140,94,1.1080485115766263
7,500,20,84,20.2,False,18091,95,1.11657730363164
7,500,20,85,20.0,False,18168,94,1.1008366358432409
7,500,20,86,20.1,False,18134,95,1.108415131796625
7,500,20,87,20.4,False,18459,95,1.1051519583942793
7,500,20,88,19.9,False,18122,94,1.098112791082662
7,500,20,89,20.1,False,18143,94,1.1078652923992724
7,500,20,90,20.2,False,18238,95,1.107577585261542
7,500,20,91,20.2,False,18257,95,1.1064249329024485
7,500,20,92,20.3,False,18293,95,1.109714098288963
7,500,20,93,20.2,False,18156,95,1.1125798634060367
7,500,20,94,20.1,False,18176,94,1.1058538732394365
7,500,20,95,20.2,False,18240,95,1.1074561403508771
7,500,20,96,20.0,False,18109,94,1.1044232149759787
7,500,20,97,20.0,False,18112,95,1.1042402826855124
7,500,20,98,20.1,False,18334,94,1.0963237700447257
7,500,20,99,20.0,False,18161,94,1.1012609437806289
7,500,20,100,93.3,True,18197,95,
7,500,20,101,20.3,False,18252,94,1.1122068814376507
7,500,20,102,20.3,False,18263,93,1.1115369873514758
7,500,20,103,20.3,False,18460,93,1.0996749729144095
7,500,20,104,20.2,False,18309,95,1.1032825386421978
7,500,20,105,20.1,False,18244,94,1.1017320762990572
7,500,20,106,19.9,False,18109,94,1.098901098901099
7,500,20,107,20.3,False,18230,91,1.113549094898519
7,500,20,108,20.0,False,18145,93,1.1022320198401763
7,500,20,109,20.3,False,18247,95,1.1125116457499864
7,500,20,110,20.2,False,18293,95,1.1042475263762095
7,500,20,111,20.0,False,18224,94,1.0974539069359086
7,500,20,112,20.2,False,18289,95,1.1044890371261413
7,500,20,113,19.9,False,18005,95,1.1052485420716467
7,500,20,114,20.0,False,18215,95,1.0979961570134504
7,500,20,115,20.2,False,18349,94,1.1008774320126438
7,500,20,116,20.1,False,18186,94,1.1052457934675024
7,500,20,117,20.3,False,18348,94,1.1063876171789842
7,500,20,118,19.9,False,18249,93,1.0904707107238754
7,500,20,119,20.2,False,18352,94,1.1006974716652136
7,500,20,120,20.0,False,18124,95,1.1035091591260207
7,500,20,121,20.1,False,18292,95,1.0988410233982069
7,500,20,122,19.9,False,18296,92,1.0876694359422825
7,500,20,123,20.2,False,18338,95,1.1015377903806305
7,500,20,124,20.2,False,18280,95,1.1050328227571116
7,500,20,125,93.0,True,18185,94,
7,500,20,126,19.8,False,18135,93,1.0918114143920596
7,500,20,127,20.2,False,18283,95,1.1048515013947382
7,500,20,128,20.4,False,18505,95,1.1024047554714942
7,500,20,129,20.2,False,18247,95,1.1070312928152573
7,500,20,130,19.9,False,18178,95,1.0947298932775882
7,500,20,131,20.1,False,18198,95,1.1045169798878998
7,500,20,132,20.0,False,18144,95,1.1022927689594357
7,500,20,133,20.0,False,18193,94,1.099323915791788
7,500,20,134,19.9,False,18064,95,1.1016386182462357
7,500,20,135,20.0,False,18164,94,1.1010790574763267
7,500,20,136,20.2,False,18334,94,1.1017781171593761
7,500,20,137,21.5,False,18292,94,1.175377214082659
7,500,20,138,20.1,False,18338,93,1.0960846330025085
7,500,20,139,20.4,False,18345,95,1.1120196238757154
7,500,20,140,25.1,False,18224,95,1.3773046532045654
7,500,20,141,20.1,False,18260,94,1.1007667031763417
7,500,20,142,20.5,False,18498,94,1.108227916531517
7,500,20,143,20.3,False,18296,95,1.109532138172278
7,500,20,144,20.2,False,18383,94,1.0988413207855083
7,500,20,145,20.0,False,18345,93,1.0902153175252112
7,500,20,146,20.5,False,18562,95,1.1044068527098374
7,500,20,147,20.2,False,18279,95,1.105093276437442
7,500,20,148,20.4,False,18278,95,1.116095852937958
7,500,20,149,20.0,False,18110,95,1.1043622308117063
7,500,20,150,93.4,True,18281,94,
7,500,20,151,20.3,False,18360,95,1.1056644880174291
7,500,20,152,20.3,False,18395,95,1.1035607502038598
7,500,20,153,20.2,False,18293,95,1.1042475263762095
7,500,20,154,20.3,False,18411,95,1.1026017055021455
7,500,20,155,19.9,False,18170,94,1.0952118877270225
7,500,20,156,20.1,False,18300,94,1.098360655737705
7,500,20,157,20.0,False,18196,95,1.0991426687183996
7,500,20,158,20.2,False,18375,94,1.0993197278911564
7,500,20,159,20.3,False,18382,94,1.1043412033511044
7,500,20,160,20.2,False,18245,95,1.1071526445601534
7,500,20,161,20.0,False,18263,94,1.0951103323659859
7,500,20,162,20.1,False,18227,94,1.102759642288912
7,500,20,163,20.0,False,18143,95,1.1023535247753955
7,500,20,164,20.1,False,18259,94,1.1008269894298701
7,500,20,165,20.0,False,18099,94,1.1050334272611746
7,500,20,166,24.1,False,18245,95,1.3209098383118663
7,500,20,167,21.8,False,18225,95,1.196159122085048
7,500,20,168,20.0,False,18057,95,1.107603699396356
7,500,20,169,20.0,False,18165,95,1.1010184420589044
7,500,20,170,20.4,False,18513,95,1.1019283746556474
7,500,20,171,20.3,False,18263,95,1.1115369873514758
7,500,20,172,19.9,False,18191,94,1.0939475564839756
7,500,20,173,20.3,False,18353,95,1.1060861984416717
7,500,20,174,20.0,False,18140,94,1.1025358324145536
7,500,20,175,93.5,True,18434,95,
7,500,20,176,20.3,False,18344,95,1.1066288704753597
7,500,20,177,20.1,False,18190,95,1.1050027487630567
7,500,20,178,20.2,False,18281,95,1.1049723756906078
7,500,20,179,20.1,False,18224,94,1.1029411764705883
7,500,20,180,20.1,False,18239,95,1.1020341027468612
7,500,20,181,20.1,False,18163,95,1.106645377966195
7,500,20,182,20.1,False,18271,95,1.1001039899293963
7,500,20,183,20.2,False,18113,95,1.115221111908574
7,500,20,184,19.9,False,18071,95,1.1012118864479
7,500,20,185,20.1,False,18224,95,1.1029411764705883
7,500,20,186,20.4,False,18130,94,1.1252068394925538
7,500,20,187,20.5,False,18192,94,1.1268689533861038
7,500,20,188,20.0,False,18136,94,1.1027790030877813
7,500,20,189,20.1,False,18266,95,1.1004051242746085
7,500,20,190,20.1,False,18109,95,1.1099453310508587
7,500,20,191,19.9,False,18224,93,1.0919666374012291
7,500,20,192,20.1,False,18305,93,1.0980606391696257
7,500,20,193,20.1,False,18206,94,1.1040316379215642
7,500,20,194,20.0,False,18178,95,1.1002310485201892
7,500,20,195,24.3,False,18291,94,1.3285222240446122
7,500,20,196,19.9,False,18116,93,1.0984764848752484
7,500,20,197,20.4,False,18138,94,1.1247105524313596
7,500,20,198,20.2,False,18143,95,1.1133770600231494
7,500,20,199,20.0,False,18093,93,1.1053998784060133
7,500,20,200,93.2,True,18208,95,
7,500,20,201,20.2,False,18171,95,1.1116614385559407
7,500,20,202,20.3,False,18274,95,1.1108678997482762
7,500,20,203,20.0,False,17989,95,1.111790538662516
7,500,20,204,20.0,False,18073,94,1.1066231394898467
7,500,20,205,20.3,False,18444,94,1.10062893081761
7,500,20,206,20.2,False,18284,94,1.1047910741632028
7,500,20,207,20.1,False,18179,94,1.105671379063755
7,500,20,208,20.0,False,17964,95,1.11333778668448
7,500,20,209,20.0,False,18018,95,1.11000111000111
7,500,20,210,20.0,False,18098,94,1.105094485578517
7,500,20,211,20.3,False,18162,95,1.1177183129611277
7,500,20,212,20.2,False,18284,94,1.1047910741632028
7,500,20,213,20.3,False,18341,94,1.1068098795049344
7,500,20,214,20.3,False,18221,95,1.1140991164041492
7,500,20,215,19.9,False,18008,94,1.1050644158151932
7,500,20,216,20.4,False,18372,95,1.1103853690398433
7,500,20,217,19.9,False,17936,95,1.1095004460303302
7,500,20,218,20.2,False,18181,95,1.1110499972498762
7,500,20,219,20.1,False,18200,94,1.1043956043956045
7,500,20,220,20.0,False,17972,94,1.1128421989761852
7,500,20,221,20.2,False,18214,95,1.1090370045020315
7,500,20,222,20.0,False,18026,94,1.1095084877399313
7,500,20,223,20.3,False,18280,95,1.1105032822757113
7,500,20,224,20.2,False,18248,94,1.1069706269180184
7,500,20,225,93.4,True,18245,94,
7,500,20,226,20.1,False,18101,94,1.1104358875200264
7,500,20,227,20.0,False,18067,94,1.106990645929042
7,500,20,228,20.4,False,18439,95,1.1063506697760181
7,500,20,229,20.1,False,18068,95,1.112464024795218
7,500,20,230,20.4,False,18432,95,1.1067708333333333
7,500,20,231,20.2,False,18318,94,1.102740473850857
7,500,20,232,20.1,False,18109,95,1.1099453310508587
7,500,20,233,20.0,False,18306,93,1.092537965694308
7,500,20,234,20.1,False,18132,95,1.1085373924553277
7,500,20,235,20.1,False,18134,94,1.108415131796625
7,500,20,236,20.4,False,18500,93,1.1027027027027028
7,500,20,237,20.2,False,18157,94,1.112518587872446
7,500,20,238,20.1,False,18221,94,1.103122770429724
7,500,20,239,20.0,False,18248,93,1.0960105217010083
7,500,20,240,20.2,False,18206,95,1.109524332637592
7,500,20,241,20.2,False,18301,94,1.1037648215944484
7,500,20,242,20.2,False,18279,94,1.105093276437442
7,500,20,243,19.9,False,18040,93,1.1031042128603104
7,500,20,244,20.0,False,18229,92,1.0971528882549784
7,500,20,245,20.2,False,18256,95,1.1064855390008763
7,500,20,246,20.3,False,18250,95,1.1123287671232878
7,500,20,247,20.5,False,18510,95,1.1075094543490005
7,500,20,248,20.0,False,18034,95,1.1090163025396473
7,500,20,249,20.3,False,18297,95,1.1094714980597913
7,500,20,250,93.4,True,18209,93,
7,500,20,251,20.3,False,18226,95,1.1137934818391309
7,500,20,252,20.0,False,18096,95,1.1052166224580018
7,500,20,253,20.1,False,18150,95,1.1074380165289257
7,500,20,254,20.2,False,18163,95,1.1121510763640368
7,500,20,255,20.0,False,18312,92,1.09217999126256
7,500,20,256,20.1,False,18382,93,1.0934609944510936
7,500,20,257,20.3,False,18305,94,1.1089866156787762
7,500,20,258,20.2,False,18256,95,1.1064855390008763
7,500,20,259,20.2,False,18346,93,1.1010574512155238
7,500,20,260,20.4,False,18420,95,1.1074918566775245
7,500,20,261,20.3,False,18333,94,1.1072928598701794
7,500,20,262,20.2,False,18341,94,1.1013576140886538
7,500,20,263,20.5,False,18537,95,1.1058963154771537
7,500,20,264,20.5,False,18290,95,1.1208310552214324
7,500,20,265,20.5,False,18468,94,1.1100281568117825
7,500,20,266,20.4,False,18349,94,1.1117772085672244
7,500,20,267,20.4,False,18509,92,1.1021665135879841
7,500,20,268,20.3,False,18355,93,1.1059656769272679
7,500,20,269,20.4,False,18456,94,1.105331599479844
7,500,20,270,20.6,False,18452,95,1.1164101452417081
7,500,20,271,20.6,False,18453,95,1.1163496450441663
7,500,20,272,20.6,False,18430,95,1.1177428106348346
7,500,20,273,20.5,False,18411,94,1.1134647764923145
7,500,20,274,20.5,False,18482,94,1.109187317389893
7,500,20,275,95.3,True,18425,95,
7,500,20,276,20.2,False,18323,92,1.1024395568411287
7,500,20,277,20.7,False,18436,95,1.1228032111087003
7,500,20,278,20.5,False,18440,94,1.1117136659436009
7,500,20,279,20.5,False,18338,95,1.117897262514996
7,500,20,280,20.9,False,18623,95,1.1222681630242173
7,500,20,281,20.5,False,18345,94,1.1174707004633415
7,500,20,282,20.4,False,18386,94,1.1095398672903296
7,500,20,283,20.5,False,18437,94,1.1118945598524705
7,500,20,284,20.4,False,18372,94,1.1103853690398433
7,500,20,285,20.4,False,18308,95,1.1142669871094604
7,500,20,286,20.3,False,18330,93,1.1074740861974905
7,500,20,287,20.4,False,18321,94,1.1134763386278042
7,500,20,288,20.3,False,18325,95,1.1077762619372442
7,500,20,289,20.3,False,18399,94,1.1033208326539485
7,500,20,290,20.2,False,18372,93,1.0994992379708253
7,500,20,291,20.5,False,18465,95,1.1102085025724344
7,500,20,292,20.5,False,18399,94,1.1141909886406869
7,500,20,293,20.4,False,18186,95,1.1217419993401518
7,500,20,294,20.3,False,18361,95,1.105604269919939
7,500,20,295,20.3,False,18419,94,1.102122807970031
7,500,20,296,20.4,False,18330,95,1.1129296235679214
7,500,20,297,20.7,False,18523,95,1.117529557847001
7,500,20,298,20.5,False,18469,95,1.1099680545779413
7,500,20,299,20.9,False,18358,94,1.138468242727966
7,500,20,300,94.5,True,18329,95,
7,500,20,301,20.6,False,18627,94,1.1059215117839696
7,500,20,302,20.6,False,18391,95,1.1201130987983252
7,500,20,303,20.3,False,18335,95,1.107172075265885
7,500,20,304,20.5,False,18434,95,1.1120755126396875
7,500,20,305,20.4,False,18334,95,1.1126868113886768
7,500,20,306,20.7,False,18608,95,1.1124247635425624
7,500,20,307,20.4,False,18435,94,1.1065907241659887
7,500,20,308,20.6,False,18495,95,1.1138145444714789
7,500,20,309,20.5,False,18280,95,1.1214442013129102
7,500,20,310,20.4,False,18312,94,1.1140235910878113
7,500,20,311,20.5,False,18421,94,1.1128603224580642
7,500,20,312,20.5,False,18355,95,1.1168618904930536
7,500,20,313,20.4,False,18446,95,1.1059308251111353
7,500,20,314,20.4,False,18273,95,1.116401247742571
7,500,20,315,20.4,False,18482,93,1.1037766475489665
7,500,20,316,20.4,False,18391,94,1.1092382143439725
7,500,20,317,20.3,False,18404,94,1.103021082373397
7,500,20,318,20.5,False,18417,95,1.1131020253027095
7,500,20,319,20.3,False,18395,94,1.1035607502038598
7,500,20,320,20.2,False,18289,94,1.1044890371261413
7,500,20,321,20.4,False,18353,94,1.111534898926606
7,500,20,322,20.4,False,18358,95,1.1112321603660529
7,500,20,323,20.2,False,18364,94,1.099978218253104
7,500,20,324,20.3,False,18298,95,1.1094108645753635
7,500,20,325,98.5,True,18484,94,
7,500,20,326,20.5,False,18502,94,1.1079883255864231
7,500,20,327,20.5,False,18431,95,1.1122565243340026
7,500,20,328,20.3,False,18443,93,1.1006886081440113
7,500,20,329,20.5,False,18464,94,1.11026863084922
7,500,20,330,21.0,False,18362,94,1.1436662672911448
7,500,20,331,20.4,False,18327,94,1.1131118022589621
7,500,20,332,20.5,False,18455,94,1.1108100785694934
7,500,20,333,20.4,False,18486,94,1.103537812398572
7,500,20,334,20.9,False,18381,95,1.1370436864153202
7,500,20,335,20.6,False,18380,95,1.1207834602829163
7,500,20,336,21.0,False,18360,95,1.1437908496732025
7,500,20,337,21.3,False,18506,95,1.1509780611693505
7,500,20,338,20.2,False,18314,94,1.1029813257617123
7,500,20,339,20.5,False,18420,95,1.1129207383279045
7,500,20,340,23.5,False,18396,94,1.2774516199173733
7,500,20,341,20.5,False,18433,95,1.1121358433244724
7,500,20,342,20.4,False,18247,95,1.1179919986847153
7,500,20,343,20.5,False,18340,95,1.1177753544165758
7,500,20,344,21.6,False,18353,95,1.1769193047458182
7,500,20,345,20.5,False,18533,95,1.1061350024281011
7,500,20,346,20.8,False,18533,95,1.122322343927049
7,500,20,347,20.4,False,18443,94,1.1061107195141788
7,500,20,348,20.4,False,18392,95,1.1091779034362765
7,500,20,349,20.5,False,18351,95,1.1171053348591358
7,500,20,350,95.1,True,18405,95,
7,500,20,351,20.4,False,18295,95,1.1150587592238317
7,500,20,352,20.5,False,18493,95,1.1085275509652301
7,500,20,353,20.4,False,18337,95,1.1125047717729182
7,500,20,354,20.6,False,18523,94,1.1121308643308319
7,500,20,355,20.4,False,18368,95,1.1106271777003485
7,500,20,356,20.3,False,18467,93,1.099258136134727
7,500,20,357,20.7,False,18536,95,1.116745791972378
7,500,20,358,20.4,False,18272,95,1.11646234676007
7,500,20,359,20.6,False,18457,94,1.1161077098119954
7,500,20,360,20.6,False,18498,95,1.113633906368256
7,500,20,361,20.4,False,18457,94,1.1052717126293548
7,500,20,362,20.5,False,18358,95,1.1166793768384355
7,500,20,363,36.5,False,18499,93,1.9730796259257257
7,500,20,364,20.4,False,18298,95,1.114875942725981
7,500,20,365,20.4,False,18376,93,1.110143665650849
7,500,20,366,20.5,False,18380,95,1.1153427638737758
7,500,20,367,20.5,False,18364,95,1.1163145284251796
7,500,20,368,20.4,False,18423,93,1.1073115127829343
7,500,20,369,20.7,False,18486,94,1.1197663096397275
7,500,20,370,20.4,False,18374,94,1.1102645041907042
7,500,20,371,20.4,False,18341,94,1.1122621449212147
7,500,20,372,20.5,False,18393,95,1.1145544500625237
7,500,20,373,20.4,False,18285,95,1.1156685808039377
7,500,20,374,20.7,False,18407,95,1.1245721736295975
7,500,20,375,95.5,True,18375,95,
7,500,20,376,20.4,False,18316,95,1.1137803013758463
7,500,20,377,20.7,False,18477,95,1.1203117389186557
7,500,20,378,20.5,False,18447,95,1.1112918089662276
7,500,20,379,20.3,False,18395,95,1.1035607502038598
7,500,20,380,20.3,False,18499,93,1.09735661387102
7,500,20,381,20.4,False,18358,95,1.1112321603660529
7,500,20,382,20.8,False,18487,95,1.125114945637475
7,500,20,383,20.6,False,18440,95,1.1171366594360086
7,500,20,384,20.7,False,18428,95,1.1232906446711526
7,500,20,385,20.9,False,18799,95,1.1117612638970158
7,500,20,386,20.5,False,18323,95,1.11881242154669
7,500,20,387,20.9,False,18714,95,1.1168109436785294
7,500,20,388,20.4,False,18407,94,1.1082740261856903
7,500,20,389,20.6,False,18475,95,1.115020297699594
7,500,20,390,20.6,False,18363,95,1.121821053204814
7,500,20,391,20.6,False,18445,95,1.116833830306316
7,500,20,392,22.5,False,18771,95,1.1986575035959726
7,500,20,393,20.6,False,18415,95,1.1186532717893023
7,500,20,394,20.6,False,18555,94,1.1102128806251683
7,500,20,395,20.6,False,18417,95,1.1185317912797959
7,500,20,396,20.3,False,18403,93,1.103081019399011
7,500,20,397,20.4,False,18368,93,1.1106271777003485
7,500,20,398,20.6,False,18464,95,1.115684575389948
7,500,20,399,20.6,False,18422,95,1.118228205406579
7,500,20,400,96.9,True,18411,95,
7,500,20,401,20.6,False,18454,95,1.1162891514034898
7,500,20,402,20.5,False,18480,94,1.1093073593073592
7,500,20,403,20.6,False,18514,95,1.11267149184401
7,500,20,404,20.5,False,18443,95,1.1115328308843464
7,500,20,405,20.5,False,18487,95,1.1088873262292422
7,500,20,406,20.7,False,18599,95,1.1129630625302436
7,500,20,407,20.6,False,18653,93,1.1043799924945048
7,500,20,408,20.7,False,18690,94,1.1075441412520064
7,500,20,409,20.4,False,18522,94,1.101392938127632
7,500,20,410,20.5,False,18471,94,1.1098478696334795
7,500,20,411,20.7,False,18699,95,1.1070110701107012
7,500,20,412,20.7,False,18672,94,1.108611825192802
7,500,20,413,20.7,False,18649,95,1.1099790873505282
7,500,20,414,20.5,False,18602,94,1.102032039565638
7,500,20,415,37.9,False,18717,95,2.024897152321419
7,500,20,416,20.7,False,18477,95,1.1203117389186557
7,500,20,417,20.5,False,18446,93,1.1113520546459936
7,500,20,418,20.6,False,18574,94,1.1090772046947346
7,500,20,419,20.4,False,18461,93,1.1050322301067115
7,500,20,420,20.4,False,18477,93,1.1040753369053418
7,500,20,421,20.8,False,18749,94,1.1093925009333832
7,500,20,422,20.4,False,18522,94,1.101392938127632
7,500,20,423,20.5,False,18512,94,1.1073898012100258
7,500,20,424,20.6,False,18501,95,1.1134533268471976
7,500,20,425,95.1,True,18479,94,
7,500,20,426,20.6,False,18422,95,1.118228205406579
7,500,20,427,20.6,False,18527,95,1.111890754034652
7,500,20,428,20.5,False,18437,95,1.1118945598524705
7,500,20,429,20.5,False,18327,95,1.1185682326621924
7,500,20,430,20.5,False,18405,94,1.1138277641945125
7,500,20,431,20.4,False,18498,94,1.1028219266947779
7,500,20,432,20.4,False,18454,95,1.1054513926519995
7,500,20,433,20.5,False,18404,95,1.113888285155401
7,500,20,434,20.3,False,18426,93,1.1017041137523065
7,500,20,435,20.5,False,18344,95,1.117531617967728
7,500,20,436,20.4,False,18355,95,1.1114137837101608
7,500,20,437,20.4,False,18336,95,1.112565445026178
7,500,20,438,20.4,False,18332,95,1.1128082042330352
7,500,20,439,22.4,False,18344,94,1.2211077191452246
7,500,20,440,20.4,False,18370,95,1.110506260206859
7,500,20,441,20.4,False,18335,95,1.1126261248977365
7,500,20,442,20.4,False,18418,94,1.1076121185796504
7,500,20,443,20.3,False,18474,93,1.0988416152430442
7,500,20,444,20.4,False,18335,95,1.1126261248977365
7,500,20,445,20.5,False,18449,95,1.1111713371998482
7,500,20,446,20.2,False,18327,94,1.1021989414525017
7,500,20,447,20.4,False,18449,95,1.1057509892135076
7,500,20,448,20.3,False,18347,93,1.1064479206409767
7,500,20,449,20.6,False,18654,94,1.104320789106894
7,500,20,450,94.5,True,18469,94,
7,500,20,451,20.1,False,18310,92,1.0977607864554888
7,500,20,452,20.5,False,18406,95,1.1137672498098445
7,500,20,453,20.3,False,18256,93,1.111963190184049
7,500,20,454,20.5,False,18518,93,1.1070309968679124
7,500,20,455,20.5,False,18278,95,1.1215669110405952
7,500,20,456,20.5,False,18482,95,1.109187317389893
7,500,20,457,28.7,False,18302,95,1.5681346300950716
7,500,20,458,20.4,False,18413,95,1.107912887633737
7,500,20,459,20.3,False,18434,94,1.1012259954432029
7,500,20,460,20.3,False,18355,93,1.1059656769272679
7,500,20,461,20.3,False,18358,94,1.1057849438936704
7,500,20,462,20.3,False,18389,93,1.1039208222306813
7,500,20,463,20.6,False,18438,95,1.1172578370756048
7,500,20,464,20.2,False,18359,93,1.1002777929081105
7,500,20,465,20.4,False,18453,95,1.1055112989757763
7,500,20,466,20.3,False,18280,95,1.1105032822757113
7,500,20,467,36.0,False,18274,95,1.9700120389624602
7,500,20,468,27.1,False,18412,93,1.4718661742341952
7,500,20,469,20.2,False,18297,94,1.1040061212220582
7,500,20,470,20.4,False,18457,95,1.1052717126293548
7,500,20,471,20.5,False,18495,95,1.1084076777507434
7,500,20,472,20.4,False,18309,94,1.1142061281337048
7,500,20,473,20.4,False,18368,95,1.1106271777003485
7,500,20,474,20.4,False,18432,93,1.1067708333333333
7,500,20,475,94.5,True,18351,95,
7,500,20,476,20.5,False,18374,95,1.1157069772504626
7,500,20,477,20.7,False,18674,95,1.1084930919995717
7,500,20,478,20.6,False,18581,95,1.108659383240945
7,500,20,479,20.3,False,18323,94,1.1078971784096492
7,500,20,480,20.4,False,18505,94,1.1024047554714942
7,500,20,481,20.4,False,18349,95,1.1117772085672244
7,500,20,482,20.4,False,18427,95,1.107071145601563
7,500,20,483,20.4,False,18375,95,1.110204081632653
7,500,20,484,20.2,False,18257,95,1.1064249329024485
7,500,20,485,20.3,False,18348,95,1.1063876171789842
7,500,20,486,20.7,False,18251,94,1.134184428250507
7,500,20,487,20.5,False,18435,95,1.1120151885001357
7,500,20,488,20.2,False,18356,94,1.1004576160383526
7,500,20,489,20.4,False,18246,95,1.1180532719500165
7,500,20,490,20.3,False,18269,94,1.1111719305928074
7,500,20,491,20.2,False,18326,94,1.1022590854523628
7,500,20,492,20.1,False,18324,93,1.0969220694171578
7,500,20,493,20.2,False,18352,94,1.1006974716652136
7,500,20,494,20.5,False,18553,95,1.104942596884601
7,500,20,495,20.4,False,18369,95,1.110566715662257
7,500,20,496,19.9,False,18165,93,1.09551334984861
7,500,20,497,20.6,False,18225,95,1.1303155006858712
7,500,20,498,20.2,False,18293,95,1.1042475263762095
7,500,20,499,20.2,False,18247,95,1.1070312928152573
7,500,20,500,94.6,True,18272,94,
8,500,40,1,95.9,False,18574,95,5.1631312587487885
8,500,40,2,32.7,False,18578,95,1.7601464097319413
8,500,40,3,26.2,False,18590,95,1.4093598708983324
8,500,40,4,25.9,False,18502,94,1.3998486650091881
8,500,40,5,26.4,False,18889,95,1.3976388374186035
8,500,40,6,26.6,False,18870,95,1.4096449390567038
8,500,40,7,26.3,False,18523,95,1.4198563947524698
8,500,40,8,26.1,False,18545,95,1.407387435966568
8,500,40,9,26.3,False,18546,95,1.4180955462094251
8,500,40,10,26.1,False,18329,95,1.423972939058323
8,500,40,11,26.2,False,18521,95,1.414610442200745
8,500,40,12,26.0,False,18609,94,1.3971734107152454
8,500,40,13,26.4,False,18840,95,1.4012738853503184
8,500,40,14,26.1,False,18590,95,1.4039806347498656
8,500,40,15,25.5,False,18403,92,1.385643645057871
8,500,40,16,26.2,False,18607,95,1.4080722308808513
8,500,40,17,27.2,False,18893,95,1.4396866564335997
8,500,40,18,26.3,False,18591,95,1.4146630089828411
8,500,40,19,26.1,False,18523,95,1.4090590077201317
8,500,40,20,26.2,False,18543,95,1.4129321037588307
8,500,40,21,26.2,False,18568,94,1.4110297285652735
8,500,40,22,26.1,False,18609,94,1.4025471546026116
8,500,40,23,25.9,False,18340,94,1.4122137404580153
8,500,40,24,26.2,False,18539,95,1.413236959922326
8,500,40,25,108.2,True,18460,95,
8,500,40,26,26.9,False,18537,95,1.451151750552948
8,500,40,27,25.9,False,18461,94,1.4029575862629327
8,500,40,28,25.9,False,18434,95,1.405012476944776
8,500,40,29,26.2,False,18589,95,1.4094356877723384
8,500,40,30,26.3,False,18601,95,1.4139024783613785
8,500,40,31,26.3,False,18647,95,1.4104145438944602
8,500,40,32,27.4,False,18557,94,1.4765317669881985
8,500,40,33,26.2,False,18511,95,1.4153746421046944
8,500,40,34,26.7,False,18625,95,1.4335570469798657
8,500,40,35,26.6,False,18595,95,1.4304920677601505
8,500,40,36,26.4,False,18488,95,1.4279532669839896
8,500,40,37,26.5,False,18598,95,1.4248843961716313
8,500,40,38,26.3,False,18663,95,1.4092053796281412
8,500,40,39,26.3,False,18458,95,1.4248564308159064
8,500,40,40,25.8,False,18373,94,1.4042344745006259
8,500,40,41,26.2,False,18491,95,1.4169055216051052
8,500,40,42,26.2,False,18602,95,1.408450704225352
8,500,40,43,26.0,False,18458,95,1.408603315635497
8,500,40,44,26.1,False,18421,95,1.4168611910319744
8,500,40,45,26.2,False,18582,95,1.4099666343773545
8,500,40,46,26.1,False,18495,95,1.4111922141119222
8,500,40,47,26.3,False,18583,95,1.4152720228165527
8,500,40,48,26.3,False,18763,94,1.4016948249213879
8,500,40,49,26.3,False,18698,94,1.4065675473312653
8,500,40,50,106.2,True,18599,95,
8,500,40,51,26.0,False,18482,94,1.4067741586408398
8,500,40,52,26.3,False,18428,94,1.427176036466247
8,500,40,53,31.1,False,18686,95,1.6643476399443433
8,500,40,54,27.1,False,18600,94,1.456989247311828
8,500,40,55,26.5,False,18566,95,1.4273402994721534
8,500,40,56,26.1,False,18411,94,1.4176307642170443
8,500,40,57,25.9,False,18336,94,1.412521815008726
8,500,40,58,27.6,False,18546,95,1.4881915237787124
8,500,40,59,26.3,False,18699,95,1.4064923257928232
8,500,40,60,25.8,False,18415,94,1.4010317675807766
8,500,40,61,26.1,False,18575,95,1.405114401076716
8,500,40,62,25.9,False,18477,94,1.401742707149429
8,500,40,63,26.3,False,18511,94,1.4207768353951704
8,500,40,64,26.0,False,18406,95,1.412582853417364
8,500,40,65,26.7,False,18613,95,1.4344812765271584
8,500,40,66,25.9,False,18339,95,1.4122907464965375
8,500,40,67,32.5,False,18505,95,1.7562820859227235
8,500,40,68,26.2,False,18473,95,1.4182861473501867
8,500,40,69,26.5,False,18602,95,1.4245780023653372
8,500,40,70,26.1,False,18370,94,1.4207947740881872
8,500,40,71,28.9,False,18617,95,1.5523446312510072
8,500,40,72,27.3,False,18518,95,1.4742412787558052
8,500,40,73,26.2,False,18542,94,1.4130083054686657
8,500,40,74,26.3,False,18564,95,1.4167205343675933
8,500,40,75,107.9,True,18479,95,
8,500,40,76,26.1,False,18459,95,1.4139444173573867
8,500,40,77,26.4,False,18638,95,1.4164609936688486
8,500,40,78,26.3,False,18600,95,1.413978494623656
8,500,40,79,27.6,False,18693,95,1.4764885251163538
8,500,40,80,30.7,False,18592,95,1.6512478485370052
8,500,40,81,26.2,False,18509,95,1.415527581176725
8,500,40,82,26.2,False,18506,95,1.4157570517669944
8,500,40,83,26.1,False,18482,95,1.412184828481766
8,500,40,84,26.1,False,18462,95,1.4137146571335717
8,500,40,85,28.6,False,18414,95,1.5531660692951015
8,500,40,86,26.2,False,18364,95,1.4267044216946199
8,500,40,87,26.2,False,18815,95,1.3925059792718575
8,500,40,88,26.0,False,18359,95,1.4161991393866769
8,500,40,89,25.8,False,18424,95,1.40034737299175
8,500,40,90,25.9,False,18518,95,1.398639161896533
8,500,40,91,25.9,False,18466,95,1.4025777103866566
8,500,40,92,28.7,False,18469,94,1.553955276409118
8,500,40,93,28.6,False,18554,94,1.5414465883367467
8,500,40,94,26.8,False,18419,95,1.4550192735761984
8,500,40,95,26.0,False,18471,95,1.4076119322180716
8,500,40,96,27.6,False,18490,95,1.4926987560843699
8,500,40,97,26.1,False,18550,95,1.4070080862533694
8,500,40,98,26.0,False,18461,95,1.4083744109203185
8,500,40,99,26.2,False,18562,95,1.4114858312681824
8,500,40,100,108.3,True,18350,95,
8,500,40,101,26.3,False,18482,95,1.4230061681636186
8,500,40,102,26.4,False,18478,95,1.4287260526030956
8,500,40,103,26.7,False,18894,95,1.4131470308034297
8,500,40,104,26.2,False,18544,95,1.412855910267472
8,500,40,105,26.2,False,18476,95,1.4180558562459407
8,500,40,106,26.2,False,18406,95,1.4234488753667283
8,500,40,107,26.1,False,18445,94,1.4150176199512063
8,500,40,108,26.1,False,18424,95,1.416630481980026
8,500,40,109,26.0,False,18506,94,1.4049497460283151
8,500,40,110,26.3,False,18519,95,1.4201630757600303
8,500,40,111,26.0,False,18393,94,1.413581253737835
8,500,40,112,26.2,False,18474,95,1.4182093753383134
8,500,40,113,28.0,False,18382,94,1.5232292460015233
8,500,40,114,25.6,False,18338,95,1.3960082887992147
8,500,40,115,26.1,False,18717,95,1.394454239461452
8,500,40,116,25.7,False,18406,94,1.3962838204933175
8,500,40,117,25.9,False,18505,95,1.3996217238584165
8,500,40,118,25.9,False,18582,95,1.3938219782585297
8,500,40,119,31.6,False,18475,95,1.7104194857916102
8,500,40,120,25.8,False,18472,95,1.3967085318319619
8,500,40,121,26.5,False,18517,94,1.431117351622833
8,500,40,122,26.2,False,18443,95,1.4205931789838964
8,500,40,123,26.0,False,18652,94,1.3939523911644864
8,500,40,124,26.0,False,18574,94,1.3998061806826747
8,500,40,125,105.0,True,18442,95,
8,500,40,126,26.8,False,18487,94,1.4496673338021313
8,500,40,127,28.0,False,18540,95,1.5102481121898597
8,500,40,128,26.2,False,18846,95,1.3902154303300436
8,500,40,129,25.9,False,18503,94,1.3997730097821974
8,500,40,130,26.0,False,18579,94,1.399429463372625
8,500,40,131,26.2,False,18548,95,1.4125512184602114
8,500,40,132,26.1,False,18551,95,1.40693224084955
8,500,40,133,25.8,False,18336,95,1.4070680628272252
8,500,40,134,25.9,False,18461,95,1.4029575862629327
8,500,40,135,26.0,False,18387,95,1.4140425300484039
8,500,40,136,26.2,False,18573,95,1.4106498680880848
8,500,40,137,25.9,False,18494,94,1.400454201362604
8,500,40,138,26.2,False,18652,95,1.4046751018657517
8,500,40,139,26.8,False,18316,95,1.4632015723957197
8,500,40,140,26.3,False,18643,95,1.4107171592554846
8,500,40,141,26.1,False,18407,95,1.4179388276199272
8,500,40,142,26.4,False,18773,95,1.4062749693709051
8,500,40,143,26.3,False,18565,95,1.4166442230002694
8,500,40,144,26.2,False,18538,94,1.4133131945193655
8,500,40,145,27.2,False,18628,95,1.4601674898003005
8,500,40,146,29.0,False,18991,95,1.5270391237954821
8,500,40,147,26.7,False,18587,95,1.4364878678646367
8,500,40,148,26.3,False,18448,95,1.4256287944492627
8,500,40,149,26.2,False,18499,94,1.4162927725823018
8,500,40,150,109.4,True,18542,94,
8,500,40,151,26.6,False,18657,94,1.4257383287774026
8,500,40,152,26.5,False,18544,95,1.4290336496980156
8,500,40,153,26.4,False,18509,95,1.426333135231509
8,500,40,154,26.5,False,18660,95,1.420150053590568
8,500,40,155,26.4,False,18428,95,1.4326025613197308
8,500,40,156,26.6,False,18605,95,1.429723192690137
8,500,40,157,26.4,False,18456,95,1.4304291287386215
8,500,40,158,26.5,False,18556,94,1.4281095063591291
8,500,40,159,26.6,False,18587,95,1.4311077634906118
8,500,40,160,26.6,False,18530,95,1.4355099838100378
8,500,40,161,26.3,False,18385,95,1.4305140059831385
8,500,40,162,27.0,False,18648,93,1.4478764478764479
8,500,40,163,27.9,False,18387,95,1.5173764072442486
8,500,40,164,26.5,False,18633,95,1.4222079106960768
8,500,40,165,26.2,False,18430,95,1.4215952251763428
8,500,40,166,26.4,False,18532,95,1.4245629181955537
8,500,40,167,26.3,False,18517,95,1.4203164659502079
8,500,40,168,26.2,False,18272,95,1.4338879159369526
8,500,40,169,26.8,False,18459,95,1.4518662982826804
8,500,40,170,28.3,False,18877,95,1.4991788949515283
8,500,40,171,26.6,False,18596,94,1.4304151430415144
8,500,40,172,26.3,False,18708,95,1.4058156938208253
8,500,40,173,26.0,False,18667,93,1.3928322708523062
8,500,40,174,26.1,False,18553,95,1.4067805745701505
8,500,40,175,107.7,True,18685,94,
8,500,40,176,26.4,False,18717,95,1.4104824491104344
8,500,40,177,26.1,False,18570,95,1.4054927302100162
8,500,40,178,28.1,False,18629,95,1.5084008803478448
8,500,40,179,26.6,False,18698,95,1.4226120440688843
8,500,40,180,26.6,False,18671,95,1.4246692732044346
8,500,40,181,26.7,False,18626,95,1.4334800816063566
8,500,40,182,26.3,False,18734,95,1.4038646311519163
8,500,40,183,26.2,False,18465,95,1.4189006227998917
8,500,40,184,26.4,False,18561,95,1.4223371585582674
8,500,40,185,53.6,False,18674,93,2.8703009531969585
8,500,40,186,91.9,False,18425,95,4.987788331071913
8,500,40,187,132.6,False,18596,95,7.130565713056571
8,500,40,188,131.2,False,18543,95,7.075446260044221
8,500,40,189,145.4,False,18486,95,7.8654116628800175
8,500,40,190,153.5,False,18477,95,8.307625696812254
8,500,40,191,169.3,False,18669,95,9.068509293481172
8,500,40,192,185.5,False,18526,95,10.012954766274426
8,500,40,193,149.5,False,18679,95,8.003640451844317
8,500,40,194,137.0,False,18466,95,7.4190403985703455
8,500,40,195,146.3,False,18674,95,7.8344221912819965
8,500,40,196,163.3,False,18574,95,8.791859588672338
8,500,40,197,145.3,False,18558,95,7.829507490031253
8,500,40,198,142.7,False,18574,95,7.682782383977603
8,500,40,199,149.8,False,18634,95,8.039068369646882
8,500,40,200,444.4,True,18467,95,
8,500,40,201,146.2,False,18625,95,7.849664429530201
8,500,40,202,149.0,False,18585,95,8.017218186709712
8,500,40,203,122.6,False,18568,95,6.602757432141319
8,500,40,204,156.3,False,18740,94,8.340448239060832
8,500,40,205,162.4,False,18936,95,8.576256865230249
8,500,40,206,147.8,False,18642,94,7.928333869756464
8,500,40,207,146.7,False,18417,94,7.965466688385731
8,500,40,208,147.0,False,18448,94,7.968343451864701
8,500,40,209,127.4,False,18383,95,6.930316052874939
8,500,40,210,139.8,False,18545,93,7.538420059315179
8,500,40,211,124.3,False,18665,94,6.65952317171176
8,500,40,212,176.6,False,18478,95,9.557311397337374
8,500,40,213,133.1,False,18515,95,7.188765865514448
8,500,40,214,186.2,False,18549,94,10.038276996064479
8,500,40,215,219.9,False,18340,94,11.990185387131952
8,500,40,216,108.5,False,18642,95,5.820190966634481
8,500,40,217,136.6,False,18345,94,7.4461706186971925
8,500,40,218,76.1,False,18514,95,4.110402938316949
8,500,40,219,76.5,False,18500,95,4.135135135135135
8,500,40,220,250.0,False,18378,95,13.603221242790292
8,500,40,221,44.6,False,18625,95,2.3946308724832215
8,500,40,222,206.1,False,18519,95,11.129110643123278
8,500,40,223,67.7,False,18609,95,3.6380246117470043
8,500,40,224,149.9,False,18642,95,8.040982727175196
8,500,40,225,597.2,True,18800,95,
8,500,40,226,38.5,False,18560,95,2.074353448275862
8,500,40,227,153.6,False,18585,95,8.264729620661823
8,500,40,228,102.9,False,18856,95,5.45714891811625
8,500,40,229,154.5,False,18645,95,8.2864038616251
8,500,40,230,180.3,False,19024,95,9.477502102607232
8,500,40,231,113.4,False,18663,94,6.076193538016396
8,500,40,232,168.5,False,18410,95,9.15263443780554
8,500,40,233,172.5,False,18750,95,9.2
8,500,40,234,67.8,False,18616,94,3.642028362698754
8,500,40,235,62.7,False,18442,94,3.399848172649387
8,500,40,236,74.8,False,18896,95,3.9585097375105844
8,500,40,237,123.6,False,18521,95,6.673505750229469
8,500,40,238,45.1,False,18512,94,2.436257562662057
8,500,40,239,108.0,False,18562,95,5.818338541105485
8,500,40,240,131.9,False,18567,94,7.104001723487909
8,500,40,241,46.0,False,18840,93,2.4416135881104033
8,500,40,242,60.9,False,18530,94,3.28656233135456
8,500,40,243,29.8,False,18531,95,1.6081161297285629
8,500,40,244,250.1,False,18603,95,13.444068161049293
8,500,40,245,46.1,False,18513,95,2.490142062334576
8,500,40,246,140.8,False,18588,95,7.574779427587691
8,500,40,247,206.3,False,18985,95,10.866473531735581
8,500,40,248,88.3,False,18588,95,4.750376587045405
8,500,40,249,179.9,False,18619,95,9.662173049035932
8,500,40,250,513.9,True,18595,94,
8,500,40,251,30.9,False,18732,95,1.649583600256246
8,500,40,252,233.6,False,18475,95,12.644113667117727
8,500,40,253,71.7,False,18425,95,3.8914518317503393
8,500,40,254,155.4,False,18695,94,8.312382990104306
8,500,40,255,146.1,False,18557,95,7.873039823247292
8,500,40,256,135.1,False,18749,95,7.2057176382740415
8,500,40,257,163.3,False,18706,95,8.72981930931252
8,500,40,258,167.5,False,18519,95,9.044764836114261
8,500,40,259,141.8,False,18663,93,7.597921020200396
8,500,40,260,152.8,False,18573,95,8.22699617724654
8,500,40,261,139.9,False,18675,94,7.491298527443106
8,500,40,262,147.4,False,18674,95,7.893327621291635
8,500,40,263,149.6,False,18594,95,8.045606109497687
8,500,40,264,194.0,False,18497,95,10.488187273611937
8,500,40,265,54.2,False,18514,93,2.9275143134924924
8,500,40,266,151.5,False,18572,95,8.15744130949817
8,500,40,267,149.0,False,18630,95,7.997852925389157
8,500,40,268,137.5,False,18523,95,7.423203584732494
8,500,40,269,127.6,False,18753,94,6.804244654188663
8,500,40,270,148.8,False,18620,95,7.99140708915145
8,500,40,271,153.2,False,18616,94,8.229480017189514
8,500,40,272,258.9,False,18608,95,13.913370593293205
8,500,40,273,53.5,False,18560,95,2.882543103448276
8,500,40,274,91.9,False,18685,95,4.918383730264918
8,500,40,275,425.6,True,18654,95,
8,500,40,276,87.9,False,18491,95,4.7536639446217075
8,500,40,277,56.9,False,18582,94,3.062103110537079
8,500,40,278,120.9,False,18663,95,6.478058190001607
8,500,40,279,102.3,False,18732,94,5.461242793081358
8,500,40,280,86.7,False,19018,95,4.55883899463666
8,500,40,281,133.6,False,18742,95,7.1283747732365805
8,500,40,282,58.1,False,18686,95,3.1092796746227123
8,500,40,283,130.9,False,18566,95,7.050522460411505
8,500,40,284,108.5,False,18627,95,5.824877865464111
8,500,40,285,33.1,False,18644,93,1.775370092254881
8,500,40,286,143.9,False,18580,95,7.744886975242196
8,500,40,287,123.0,False,18518,95,6.642185981207474
8,500,40,288,86.1,False,18609,94,4.626793487022408
8,500,40,289,85.1,False,18559,94,4.585376367261167
8,500,40,290,127.2,False,18627,95,6.828796907714608
8,500,40,291,135.0,False,18754,95,7.19846432761011
8,500,40,292,74.4,False,18413,95,4.04062347254657
8,500,40,293,84.4,False,18631,95,4.530084268155226
8,500,40,294,131.0,False,18422,95,7.111062859624362
8,500,40,295,147.9,False,18547,95,7.974335472043997
8,500,40,296,118.5,False,18533,95,6.39399989208439
8,500,40,297,109.9,False,18908,95,5.81235455891686
8,500,40,298,96.9,False,18771,95,5.162218315486655
8,500,40,299,82.1,False,18595,95,4.415165367034149
8,500,40,300,337.4,True,18458,95,
8,500,40,301,83.3,False,18980,95,4.388830347734458
8,500,40,302,110.3,False,18551,95,5.945771117459975
8,500,40,303,107.8,False,18536,95,5.81570996978852
8,500,40,304,72.1,False,18665,95,3.862844896865792
8,500,40,305,99.8,False,18592,95,5.367900172117039
8,500,40,306,135.2,False,18926,95,7.143611962379795
8,500,40,307,114.6,False,18723,95,6.120813972119852
8,500,40,308,80.3,False,18498,95,4.341009838901503
8,500,40,309,107.2,False,18467,95,5.804949369144961
8,500,40,310,112.4,False,18405,95,6.1070361314860095
8,500,40,311,28.0,False,18492,95,1.5141682889898334
8,500,40,312,103.8,False,18629,95,5.571957700359654
8,500,40,313,84.4,False,18570,95,4.544964997307485
8,500,40,314,75.2,False,18312,95,4.106596767147225
8,500,40,315,128.2,False,18613,95,6.887659162950625
8,500,40,316,101.9,False,18591,94,5.481146791458232
8,500,40,317,109.7,False,18565,95,5.908968489092378
8,500,40,318,68.6,False,18693,94,3.6698229283689083
8,500,40,319,114.1,False,18521,95,6.160574483019276
8,500,40,320,97.0,False,18417,94,5.266872997773796
8,500,40,321,89.5,False,18530,95,4.830005396654075
8,500,40,322,99.1,False,18505,95,5.355309375844366
8,500,40,323,136.0,False,18546,95,7.3331176534023506
8,500,40,324,121.1,False,18597,95,6.511802978975103
8,500,40,325,355.8,True,18731,95,
8,500,40,326,79.8,False,18632,95,4.282954057535423
8,500,40,327,140.9,False,18409,95,7.653864957357814
8,500,40,328,105.5,False,18450,94,5.718157181571816
8,500,40,329,89.7,False,18600,94,4.82258064516129
8,500,40,330,71.4,False,18341,95,3.8929175072242517
8,500,40,331,137.1,False,18362,94,7.466506916457902
8,500,40,332,129.5,False,18675,95,6.934404283801874
8,500,40,333,113.3,False,18543,95,6.110122418163188
8,500,40,334,127.5,False,18428,95,6.918819188191882
8,500,40,335,87.3,False,18607,95,4.691782662438867
8,500,40,336,88.1,False,18516,95,4.758047094404839
8,500,40,337,120.7,False,18586,94,6.494135370709136
8,500,40,338,126.6,False,18571,95,6.817080394162942
8,500,40,339,119.8,False,18617,95,6.434978782832895
8,500,40,340,97.3,False,18533,95,5.250094426158744
8,500,40,341,115.4,False,18381,95,6.278222077144878
8,500,40,342,133.9,False,18180,95,7.365236523652365
8,500,40,343,56.1,False,18242,95,3.0753206885209954
8,500,40,344,107.8,False,18324,95,5.88299497926217
8,500,40,345,120.8,False,18447,95,6.548490269420502
8,500,40,346,88.7,False,18575,94,4.775235531628533
8,500,40,347,118.4,False,18477,95,6.407966661254533
8,500,40,348,126.1,False,18482,95,6.8228546694080725
8,500,40,349,122.4,False,18503,95,6.615143490244825
8,500,40,350,406.6,True,18415,93,
8,500,40,351,148.0,False,18425,95,8.032564450474899
8,500,40,352,134.3,False,18479,95,7.267709291628335
8,500,40,353,133.7,False,18495,95,7.2289808056231415
8,500,40,354,115.8,False,18485,95,6.264538815255612
8,500,40,355,111.1,False,18315,94,6.066066066066066
8,500,40,356,130.5,False,18627,95,7.0059590916411665
8,500,40,357,93.8,False,18920,95,4.957716701902749
8,500,40,358,143.8,False,18374,95,7.826276259932514
8,500,40,359,142.0,False,18592,94,7.637693631669535
8,500,40,360,132.5,False,18493,95,7.164873195263072
8,500,40,361,152.9,False,18597,94,8.221756197236113
8,500,40,362,132.4,False,18657,95,7.096532132711583
8,500,40,363,101.3,False,18509,95,5.4730131287481765
8,500,40,364,140.7,False,18363,95,7.662146708054239
8,500,40,365,139.9,False,18795,95,7.443469007714818
8,500,40,366,150.2,False,18526,95,8.107524560077728
8,500,40,367,105.3,False,18437,93,5.711341324510495
8,500,40,368,118.2,False,18480,95,6.396103896103896
8,500,40,369,122.2,False,18670,94,6.545259775040171
8,500,40,370,133.1,False,18498,94,7.195372472699751
8,500,40,371,104.9,False,18480,95,5.676406926406926
8,500,40,372,88.0,False,18499,95,4.757013892642846
8,500,40,373,120.3,False,18535,95,6.4904235230644725
8,500,40,374,128.0,False,18636,95,6.8684267010088
8,500,40,375,432.3,True,18500,95,
8,500,40,376,144.6,False,18536,95,7.8010358221838585
8,500,40,377,142.7,False,18655,95,7.649423746984723
8,500,40,378,146.8,False,18624,95,7.882302405498282
8,500,40,379,122.1,False,18588,95,6.5687540348612
8,500,40,380,112.6,False,18541,95,6.073027344803409
8,500,40,381,84.2,False,18433,95,4.567894536971735
8,500,40,382,83.2,False,18584,94,4.476969436074042
8,500,40,383,120.8,False,18548,95,6.5128315721371575
8,500,40,384,108.2,False,18748,95,5.771282270108812
8,500,40,385,106.7,False,19091,95,5.589021004661882
8,500,40,386,104.9,False,18549,95,5.655291390371449
8,500,40,387,132.8,False,19046,95,6.972592670376982
8,500,40,388,140.9,False,18625,95,7.565100671140939
8,500,40,389,141.9,False,18552,95,7.648771021992238
8,500,40,390,138.0,False,18596,95,7.420950742095074
8,500,40,391,114.5,False,18576,95,6.163867355727821
8,500,40,392,85.9,False,19064,95,4.505874947545111
8,500,40,393,100.7,False,18687,92,5.388772943757693
8,500,40,394,164.1,False,18668,95,8.79044353974716
8,500,40,395,127.4,False,18642,94,6.834030683403069
8,500,40,396,183.6,False,18693,94,9.82185844968705
8,500,40,397,113.6,False,18593,94,6.1098262787070405
8,500,40,398,70.8,False,18563,95,3.814038679092819
8,500,40,399,104.4,False,18779,95,5.5594014590766285
8,500,40,400,505.6,True,18758,95,
8,500,40,401,76.0,False,18643,95,4.076597114198359
8,500,40,402,26.5,False,18638,95,1.4218263762206245
8,500,40,403,26.4,False,18628,95,1.4172213871591153
8,500,40,404,26.3,False,18477,95,1.423391243167181
8,500,40,405,26.3,False,18519,95,1.4201630757600303
8,500,40,406,28.6,False,18560,95,1.540948275862069
8,500,40,407,34.4,False,18942,95,1.8160701087530355
8,500,40,408,28.2,False,19024,95,1.4823380992430615
8,500,40,409,26.5,False,18661,95,1.4200739510208455
8,500,40,410,26.1,False,18528,95,1.4086787564766838
8,500,40,411,26.6,False,19060,94,1.3955928646379854
8,500,40,412,27.5,False,18677,95,1.4723992075815173
8,500,40,413,27.3,False,18695,95,1.4602834982615673
8,500,40,414,26.3,False,18655,95,1.4098097024926293
8,500,40,415,26.7,False,19119,95,1.3965165542130864
8,500,40,416,26.1,False,18665,95,1.398339137422984
8,500,40,417,26.2,False,18558,95,1.411790063584438
8,500,40,418,25.9,False,18453,94,1.4035658158565003
8,500,40,419,26.5,False,18708,95,1.4165063074620483
8,500,40,420,25.9,False,18584,94,1.3936719758932414
8,500,40,421,26.8,False,19035,95,1.407932755450486
8,500,40,422,27.2,False,18418,95,1.4768161581062005
8,500,40,423,26.1,False,18614,95,1.402170409369292
8,500,40,424,26.2,False,18559,95,1.4117139932108411
8,500,40,425,111.0,True,18617,95,
8,500,40,426,26.0,False,18464,95,1.4081455805892549
8,500,40,427,25.8,False,18778,93,1.3739482372989669
8,500,40,428,25.8,False,18595,94,1.3874697499327777
8,500,40,429,26.1,False,18607,95,1.4026979093889396
8,500,40,430,26.0,False,18552,95,1.4014661492022424
8,500,40,431,25.9,False,18546,95,1.396527553111183
8,500,40,432,25.9,False,18583,95,1.393746973039875
8,500,40,433,26.0,False,18604,95,1.3975489142119975
8,500,40,434,25.9,False,18594,95,1.392922448101538
8,500,40,435,25.7,False,18325,95,1.4024556616643928
8,500,40,436,26.3,False,18563,95,1.4167968539567959
8,500,40,437,26.1,False,18541,95,1.407691063049458
8,500,40,438,25.9,False,18409,95,1.4069205280026074
8,500,40,439,26.8,False,18658,95,1.436381176975024
8,500,40,440,28.0,False,18653,94,1.5010990189245699
8,500,40,441,26.4,False,18411,95,1.4339253707022976
8,500,40,442,26.2,False,18440,95,1.420824295010846
8,500,40,443,26.0,False,18400,95,1.4130434782608696
8,500,40,444,26.0,False,18388,95,1.4139656297585381
8,500,40,445,26.4,False,18387,95,1.4357970305106869
8,500,40,446,25.9,False,18540,95,1.3969795037756203
8,500,40,447,26.0,False,18762,94,1.385779767615393
8,500,40,448,25.8,False,18646,95,1.3836747827952376
8,500,40,449,26.4,False,19056,95,1.385390428211587
8,500,40,450,107.9,True,18542,95,
8,500,40,451,25.8,False,18472,95,1.3967085318319619
8,500,40,452,25.7,False,18634,94,1.3791993130836107
8,500,40,453,25.7,False,18506,94,1.388738787420296
8,500,40,454,26.2,False,18905,95,1.3858767521819624
8,500,40,455,25.9,False,18694,94,1.3854712742056274
8,500,40,456,26.2,False,18757,95,1.396811856906755
8,500,40,457,25.7,False,18389,95,1.3975746370112567
8,500,40,458,25.9,False,18631,95,1.3901561912940799
8,500,40,459,25.9,False,18709,94,1.3843604682238495
8,500,40,460,26.0,False,18649,95,1.3941766314547697
8,500,40,461,26.0,False,18722,95,1.3887405191753017
8,500,40,462,26.0,False,18706,95,1.3899283652304073
8,500,40,463,26.3,False,18955,95,1.3874967027169611
8,500,40,464,25.9,False,18659,95,1.388070100219733
8,500,40,465,26.3,False,18927,95,1.389549321075712
8,500,40,466,25.8,False,18651,94,1.3833038442978929
8,500,40,467,26.0,False,18779,95,1.3845252675861335
8,500,40,468,26.0,False,18642,95,1.394700139470014
8,500,40,469,25.8,False,18562,95,1.389936429264088
8,500,40,470,26.6,False,18761,95,1.4178348702094772
8,500,40,471,26.0,False,18693,95,1.390894987428449
8,500,40,472,26.1,False,18646,95,1.3997640244556473
8,500,40,473,25.8,False,18511,95,1.3937658689427908
8,500,40,474,25.6,False,18576,95,1.3781223083548666
8,500,40,475,104.2,True,18466,95,
8,500,40,476,25.8,False,18691,95,1.3803434808196458
8,500,40,477,26.1,False,18971,95,1.3757840915080912
8,500,40,478,26.2,False,19046,94,1.3756169274388323
8,500,40,479,25.9,False,18667,94,1.3874752236567205
8,500,40,480,25.8,False,18657,95,1.3828589805434957
8,500,40,481,25.7,False,18568,95,1.384101680310211
8,500,40,482,25.9,False,18677,95,1.3867323445949564
8,500,40,483,26.3,False,18745,95,1.403040810882902
8,500,40,484,27.9,False,18596,95,1.500322650032265
8,500,40,485,26.6,False,18558,95,1.4333441103567195
8,500,40,486,26.0,False,18772,95,1.3850415512465375
8,500,40,487,26.6,False,18719,94,1.4210160799187992
8,500,40,488,29.5,False,18718,95,1.5760230793888237
8,500,40,489,29.2,False,18490,95,1.5792320173066523
8,500,40,490,32.0,False,18509,95,1.7288886487654656
8,500,40,491,27.4,False,18679,95,1.4668879490336741
8,500,40,492,26.9,False,18766,95,1.4334434615794522
8,500,40,493,34.7,False,18862,94,1.8396776587848584
8,500,40,494,30.4,False,19084,95,1.592957451268078
8,500,40,495,28.2,False,18829,95,1.4976897339210793
8,500,40,496,30.5,False,18847,95,1.6182946888098901
8,500,40,497,28.3,False,18697,95,1.5136118093811841
8,500,40,498,28.3,False,18607,95,1.5209329822109958
8,500,40,499,29.8,False,18798,95,1.5852750292584317
8,500,40,500,116.0,True,18820,95,
9,1000,5,1,41.9,False,33554,94,1.248733384991357
9,1000,5,2,42.1,False,33702,95,1.249184024686962
9,1000,5,3,42.0,False,33729,95,1.2452192475317976
9,1000,5,4,41.7,False,33542,94,1.243217458708485
9,1000,5,5,42.4,False,33950,95,1.2488954344624448
9,1000,5,6,42.0,False,33934,94,1.2376967053692463
9,1000,5,7,41.9,False,33642,94,1.2454669758040544
9,1000,5,8,41.9,False,33856,94,1.237594517958412
9,1000,5,9,41.7,False,33356,95,1.2501498980693129
9,1000,5,10,42.0,False,33561,95,1.2514525788862072
9,1000,5,11,41.9,False,33543,94,1.2491428912142624
9,1000,5,12,42.0,False,33754,94,1.244296972210701
9,1000,5,13,42.0,False,33811,93,1.242199284256603
9,1000,5,14,41.5,False,33555,93,1.2367754433020415
9,1000,5,15,41.5,False,33266,94,1.2475199903805687
9,1000,5,16,41.7,False,33639,94,1.2396325693391599
9,1000,5,17,41.9,False,33798,93,1.239718326528197
9,1000,5,18,41.6,False,33617,94,1.2374691376386948
9,1000,5,19,41.7,False,33326,95,1.2512752805617235
9,1000,5,20,41.6,False,33482,94,1.2424586344901738
9,1000,5,21,42.5,False,33511,93,1.268240279311271
9,1000,5,22,41.8,False,33775,93,1.23760177646188
9,1000,5,23,41.5,False,33617,93,1.2344944522116785
9,1000,5,24,41.6,False,33565,94,1.2393862654550871
9,1000,5,25,191.6,True,33472,94,
9,1000,5,26,42.5,False,33443,93,1.2708190054719972
9,1000,5,27,41.8,False,33643,94,1.2424575691822966
9,1000,5,28,41.7,False,33502,95,1.244701808847233
9,1000,5,29,41.6,False,33625,94,1.2371747211895912
9,1000,5,30,41.4,False,33221,94,1.246199692965293
9,1000,5,31,41.7,False,33790,94,1.2340929269014502
9,1000,5,32,41.4,False,33624,93,1.2312633832976445
9,1000,5,33,41.6,False,33496,94,1.2419393360401243
9,1000,5,34,41.8,False,33563,93,1.2454190626582844
9,1000,5,35,41.5,False,33321,94,1.2454608205035864
9,1000,5,36,41.9,False,33766,93,1.2408932061837352
9,1000,5,37,42.1,False,33435,95,1.259159563331838
9,1000,5,38,41.8,False,33236,94,1.2576724034179805
9,1000,5,39,42.1,False,33536,95,1.2553673664122138
9,1000,5,40,42.4,False,33605,95,1.2617170063978576
9,1000,5,41,42.2,False,33715,95,1.2516683968559987
9,1000,5,42,41.9,False,33611,94,1.2466156912915414
9,1000,5,43,41.7,False,33457,92,1.246375945243148
9,1000,5,44,42.0,False,33644,93,1.2483652360004756
9,1000,5,45,41.6,False,33308,93,1.2489492013930588
9,1000,5,46,41.9,False,33756,95,1.2412608128925229
9,1000,5,47,42.0,False,33694,95,1.2465127322371936
9,1000,5,48,41.7,False,33505,93,1.2445903596478138
9,1000,5,49,41.8,False,33521,93,1.2469795053846842
9,1000,5,50,178.2,True,33387,94,
9,1000,5,51,41.4,False,33436,93,1.2381863859313316
9,1000,5,52,41.8,False,33682,94,1.2410189418680602
9,1000,5,53,42.1,False,33725,94,1.2483320978502594
9,1000,5,54,41.7,False,33586,94,1.2415887572202704
9,1000,5,55,41.9,False,33408,95,1.25419061302682
9,1000,5,56,42.1,False,33553,95,1.254731320597264
9,1000,5,57,42.0,False,33480,93,1.2544802867383513
9,1000,5,58,41.2,False,33449,91,1.2317259110885228
9,1000,5,59,41.5,False,33551,94,1.2369228935054097
9,1000,5,60,42.0,False,33619,95,1.2492935542401618
9,1000,5,61,41.9,False,33529,94,1.2496644695636614
9,1000,5,62,41.8,False,33872,93,1.2340576287198866
9,1000,5,63,41.8,False,33452,95,1.249551596317111
9,1000,5,64,41.7,False,33595,93,1.2412561393064445
9,1000,5,65,41.4,False,33733,90,1.2272848545934247
9,1000,5,66,41.8,False,33700,94,1.2403560830860534
9,1000,5,67,41.9,False,33623,94,1.2461707759569343
9,1000,5,68,42.4,False,33791,95,1.2547719807049214
9,1000,5,69,42.2,False,33647,95,1.2541979968496448
9,1000,5,70,41.9,False,33547,93,1.2489939487882673
9,1000,5,71,42.6,False,33394,93,1.2756782655566867
9,1000,5,72,41.8,False,33262,94,1.2566893151343876
9,1000,5,73,42.0,False,33430,95,1.2563565659587197
9,1000,5,74,41.9,False,33543,95,1.2491428912142624
9,1000,5,75,176.9,True,33594,93,
9,1000,5,76,41.6,False,33569,94,1.2392385832166581
9,1000,5,77,42.1,False,33772,95,1.24659481227052
9,1000,5,78,42.2,False,34023,95,1.240337418804926
9,1000,5,79,41.7,False,33579,94,1.2418475833109979
9,1000,5,80,41.5,False,33398,93,1.2425893766093778
9,1000,5,81,41.4,False,33430,92,1.2384086150164524
9,1000,5,82,43.6,False,33553,94,1.2994367120674752
9,1000,5,83,42.0,False,33831,94,1.2414649286157666
9,1000,5,84,41.5,False,33267,93,1.2474824901554094
9,1000,5,85,41.7,False,33531,94,1.2436253019593808
9,1000,5,86,41.8,False,33470,94,1.2488795936659696
9,1000,5,87,41.9,False,33763,92,1.2410034653318722
9,1000,5,88,41.5,False,33398,93,1.2425893766093778
9,1000,5,89,42.3,False,33792,95,1.2517755681818181
9,1000,5,90,41.8,False,33638,94,1.2426422498364944
9,1000,5,91,42.3,False,33769,95,1.2526281500784744
9,1000,5,92,41.5,False,33531,93,1.2376606722137724
9,1000,5,93,41.6,False,33501,94,1.2417539774932091
9,1000,5,94,41.8,False,33621,93,1.2432705749382826
9,1000,5,95,41.7,False,33638,94,1.2396694214876034
9,1000,5,96,41.6,False,33694,93,1.2346411824063632
9,1000,5,97,42.1,False,33453,95,1.2584820494425015
9,1000,5,98,41.8,False,33702,94,1.2402824758174589
9,1000,5,99,41.9,False,33624,94,1.2461337140137996
9,1000,5,100,178.3,True,33532,93,
9,1000,5,101,41.9,False,33291,95,1.2585984199933915
9,1000,5,102,41.9,False,33409,95,1.2541530725253673
9,1000,5,103,42.0,False,33841,93,1.2410980762979817
9,1000,5,104,42.2,False,33662,94,1.2536391182936248
9,1000,5,105,42.2,False,33604,95,1.2558028806094512
9,1000,5,106,41.8,False,33618,93,1.2433815218037956
9,1000,5,107,42.1,False,33370,95,1.261612226550794
9,1000,5,108,41.4,False,33568,92,1.2333174451858913
9,1000,5,109,41.9,False,33622,94,1.2462078401046934
9,1000,5,110,42.4,False,33529,94,1.2645769334009365
9,1000,5,111,41.7,False,33661,93,1.2388223760434924
9,1000,5,112,41.5,False,33500,93,1.2388059701492538
9,1000,5,113,42.3,False,33627,95,1.257917744669462
9,1000,5,114,42.1,False,33751,95,1.247370448283014
9,1000,5,115,42.0,False,33662,93,1.24769770067138
9,1000,5,116,41.8,False,33582,92,1.244714430349592
9,1000,5,117,41.5,False,33401,93,1.242477770126643
9,1000,5,118,41.6,False,33755,93,1.2324100133313582
9,1000,5,119,41.7,False,33534,94,1.2435140454464126
9,1000,5,120,42.3,False,33783,95,1.2521090489299351
9,1000,5,121,41.5,False,33518,93,1.238140700519124
9,1000,5,122,41.7,False,33642,94,1.23952202603888
9,1000,5,123,41.7,False,33588,94,1.2415148267238298
9,1000,5,124,42.1,False,33684,95,1.2498515615722599
9,1000,5,125,177.1,True,33482,94,
9,1000,5,126,41.9,False,33676,94,1.24420952607198
9,1000,5,127,42.0,False,33759,95,1.2441126810628278
9,1000,5,128,42.0,False,33899,94,1.238974601020679
9,1000,5,129,41.9,False,33755,94,1.2412975855428825
9,1000,5,130,41.2,False,33514,90,1.2293369934952556
9,1000,5,131,42.0,False,33945,94,1.237295625276182
9,1000,5,132,42.3,False,33825,95,1.2505543237250554
9,1000,5,133,41.8,False,33554,95,1.245753114382786
9,1000,5,134,41.8,False,33471,94,1.2488422813779092
9,1000,5,135,41.9,False,33374,94,1.2554683286390604
9,1000,5,136,41.8,False,33649,94,1.2422360248447204
9,1000,5,137,42.3,False,33416,95,1.2658606655494373
9,1000,5,138,42.3,False,33857,95,1.2493723602209292
9,1000,5,139,42.0,False,33491,93,1.2540682571437103
9,1000,5,140,41.8,False,33433,93,1.2502617174647803
9,1000,5,141,41.9,False,33574,93,1.24798951569667
9,1000,5,142,42.2,False,33882,94,1.245499085059914
9,1000,5,143,42.4,False,33699,93,1.258197572628268
9,1000,5,144,41.6,False,33452,93,1.2435728805452588
9,1000,5,145,41.6,False,33635,92,1.2368068975769289
9,1000,5,146,42.0,False,33962,95,1.2366762852599964
9,1000,5,147,41.4,False,33712,91,1.2280493592785953
9,1000,5,148,41.5,False,33235,95,1.2486836166691742
9,1000,5,149,41.2,False,33518,93,1.2291902858165762
9,1000,5,150,175.8,True,33341,93,
9,1000,5,151,42.3,False,33421,94,1.265671284521708
9,1000,5,152,41.2,False,33610,93,1.2258256471288307
9,1000,5,153,41.6,False,33682,95,1.2350810521940503
9,1000,5,154,42.0,False,33731,93,1.2451454151967034
9,1000,5,155,41.1,False,33622,93,1.2224138956635535
9,1000,5,156,41.2,False,33508,93,1.229557120687597
9,1000,5,157,41.7,False,33748,94,1.2356287780016593
9,1000,5,158,41.7,False,33734,94,1.2361415782296792
9,1000,5,159,43.0,False,33624,95,1.2788484415893409
9,1000,5,160,41.6,False,33619,94,1.2373955203902556
9,1000,5,161,41.6,False,33572,93,1.2391278446324319
9,1000,5,162,41.7,False,33573,93,1.2420695201501206
9,1000,5,163,42.0,False,33694,94,1.2465127322371936
9,1000,5,164,42.3,False,33709,95,1.2548577531223115
9,1000,5,165,42.6,False,33654,95,1.2658227848101267
9,1000,5,166,41.7,False,33305,93,1.252064254616424
9,1000,5,167,41.5,False,33230,94,1.2488715016551308
9,1000,5,168,41.6,False,33253,94,1.251014946019908
9,1000,5,169,41.8,False,33527,91,1.2467563456318789
9,1000,5,170,42.1,False,33831,95,1.2444207974934232
9,1000,5,171,41.5,False,33261,92,1.247707525329966
9,1000,5,172,41.7,False,33518,93,1.244107643654156
9,1000,5,173,41.6,False,33210,95,1.252634748569708
9,1000,5,174,41.8,False,33709,94,1.2400249191610548
9,1000,5,175,176.9,True,33709,94,
9,1000,5,176,42.0,False,33587,95,1.2504838181439248
9,1000,5,177,41.5,False,33545,93,1.2371441347443732
9,1000,5,178,42.0,False,33576,95,1.2508934953538242
9,1000,5,179,42.0,False,33626,95,1.2490334859929817
9,1000,5,180,41.7,False,33410,92,1.2481293026040108
9,1000,5,181,41.5,False,33348,92,1.2444524409259925
9,1000,5,182,42.3,False,33598,94,1.2590035121138163
9,1000,5,183,41.6,False,33545,93,1.2401252049485765
9,1000,5,184,42.9,False,33570,94,1.2779267202859697
9,1000,5,185,42.2,False,33514,95,1.2591752700364027
9,1000,5,186,42.0,False,33739,94,1.2448501733898456
9,1000,5,187,41.8,False,33098,92,1.2629161882893227
9,1000,5,188,42.0,False,33519,94,1.2530206748411348
9,1000,5,189,41.8,False,33551,94,1.245864504783762
9,1000,5,190,41.7,False,33331,95,1.251087576130329
9,1000,5,191,41.9,False,33698,93,1.243397234257226
9,1000,5,192,41.6,False,33478,94,1.2426070852500148
9,1000,5,193,41.6,False,33349,93,1.2474137155536897
9,1000,5,194,41.6,False,33627,93,1.237101138965712
9,1000,5,195,41.6,False,33463,92,1.2431640916833517
9,1000,5,196,41.8,False,33629,93,1.2429748134050969
9,1000,5,197,41.7,False,33719,94,1.236691479581245
9,1000,5,198,41.4,False,33645,92,1.2304948729380294
9,1000,5,199,41.6,False,33470,93,1.242904093217807
9,1000,5,200,176.1,True,33514,93,
9,1000,5,201,41.7,False,33440,94,1.2470095693779903
9,1000,5,202,41.8,False,33539,93,1.2463102656608724
9,1000,5,203,41.9,False,33430,93,1.253365240801675
9,1000,5,204,41.6,False,33512,94,1.2413463833850562
9,1000,5,205,42.2,False,33879,95,1.2456093745388
9,1000,5,206,42.3,False,33587,94,1.2594158454163813
9,1000,5,207,42.0,False,33654,95,1.2479942948832234
9,1000,5,208,41.7,False,33316,94,1.2516508584463921
9,1000,5,209,42.1,False,33652,94,1.2510400570545583
9,1000,5,210,41.9,False,33618,94,1.24635611874591
9,1000,5,211,42.1,False,33598,95,1.2530507768319543
9,1000,5,212,42.3,False,33572,94,1.259978553556535
9,1000,5,213,41.3,False,33514,92,1.2323208211493704
9,1000,5,214,41.7,False,33771,94,1.2347872434929377
9,1000,5,215,41.6,False,33475,94,1.2427184466019416
9,1000,5,216,42.1,False,33745,95,1.2475922358867981
9,1000,5,217,44.7,False,33717,94,1.3257407242637245
9,1000,5,218,41.7,False,33671,95,1.2384544563571025
9,1000,5,219,41.7,False,33572,94,1.2421065173358752
9,1000,5,220,41.5,False,33089,94,1.2541932364229804
9,1000,5,221,41.8,False,33596,94,1.244195737587808
9,1000,5,222,41.4,False,33523,93,1.2349730036094622
9,1000,5,223,41.3,False,33458,93,1.2343834060613306
9,1000,5,224,42.0,False,33833,95,1.2413915408033576
9,1000,5,225,182.5,True,33242,95,
9,1000,5,226,41.8,False,33752,95,1.2384451291775302
9,1000,5,227,41.5,False,33619,94,1.234421011927779
9,1000,5,228,41.8,False,33920,93,1.232311320754717
9,1000,5,229,41.7,False,33580,95,1.2418106015485408
9,1000,5,230,42.0,False,33805,94,1.2424197603904747
9,1000,5,231,41.6,False,33699,94,1.2344579957862252
9,1000,5,232,41.3,False,33640,92,1.227705112960761
9,1000,5,233,41.9,False,33781,94,1.240342204197626
9,1000,5,234,42.0,False,33753,94,1.2443338369922674
9,1000,5,235,41.9,False,33775,94,1.2405625462620282
9,1000,5,236,41.8,False,33844,93,1.235078595910649
9,1000,5,237,41.3,False,33121,92,1.2469430270825157
9,1000,5,238,41.7,False,33587,94,1.2415517908714682
9,1000,5,239,41.9,False,33865,94,1.2372656134652296
9,1000,5,240,41.6,False,33479,93,1.2425699692344454
9,1000,5,241,41.7,False,33720,94,1.2366548042704626
9,1000,5,242,42.9,False,33689,95,1.2734126866336193
9,1000,5,243,41.3,False,33154,92,1.2457018760933825
9,1000,5,244,42.2,False,33607,94,1.255690778706817
9,1000,5,245,43.5,False,33647,94,1.2928344280322168
9,1000,5,246,41.6,False,33440,93,1.244019138755981
9,1000,5,247,42.5,False,33802,94,1.2573220519495887
9,1000,5,248,42.4,False,33825,95,1.253510716925351
9,1000,5,249,41.8,False,33326,93,1.2542759407069555
9,1000,5,250,177.2,True,33342,95,
9,1000,5,251,42.2,False,33490,92,1.2600776351149596
9,1000,5,252,41.9,False,33687,95,1.2438032475435628
9,1000,5,253,41.5,False,33537,93,1.2374392462056834
9,1000,5,254,41.1,False,33335,94,1.232938353082346
9,1000,5,255,41.3,False,33575,94,1.2300819061801935
9,1000,5,256,41.3,False,33515,94,1.2322840519170521
9,1000,5,257,41.6,False,33733,93,1.2332137669344558
9,1000,5,258,42.0,False,33688,93,1.2467347423414865
9,1000,5,259,41.8,False,33533,95,1.246533265738228
9,1000,5,260,41.6,False,33727,94,1.2334331544459929
9,1000,5,261,41.6,False,33711,95,1.23401856960636
9,1000,5,262,41.7,False,33722,94,1.236581460174367
9,1000,5,263,41.3,False,33647,93,1.2274496983386334
9,1000,5,264,41.1,False,33401,93,1.2305020807760247
9,1000,5,265,41.7,False,33428,95,1.2474572214909656
9,1000,5,266,42.1,False,33688,95,1.2497031583946805
9,1000,5,267,41.5,False,33567,93,1.2363333035421693
9,1000,5,268,41.7,False,33700,95,1.2373887240356083
9,1000,5,269,41.7,False,33585,95,1.2416257257704333
9,1000,5,270,41.8,False,33594,93,1.2442698100851342
9,1000,5,271,41.4,False,33503,94,1.235710234904337
9,1000,5,272,41.4,False,33483,93,1.2364483469223189
9,1000,5,273,40.8,False,33102,91,1.2325539242341852
9,1000,5,274,41.4,False,33582,94,1.2328032874754333
9,1000,5,275,176.2,True,33716,94,
9,1000,5,276,41.0,False,33286,93,1.2317490836988523
9,1000,5,277,41.6,False,33452,94,1.2435728805452588
9,1000,5,278,41.6,False,33477,95,1.2426442034829883
9,1000,5,279,41.5,False,33467,95,1.2400274897660382
9,1000,5,280,41.6,False,33872,93,1.2281530467642892
9,1000,5,281,41.7,False,33510,95,1.244404655326768
9,1000,5,282,41.6,False,33571,95,1.2391647552947485
9,1000,5,283,41.3,False,33479,92,1.2336091281101587
9,1000,5,284,42.3,False,33341,94,1.2687081971146636
9,1000,5,285,41.8,False,33467,95,1.2489915439089252
9,1000,5,286,41.6,False,33568,94,1.2392755004766445
9,1000,5,287,41.4,False,33401,94,1.2394838477889885
9,1000,5,288,41.8,False,33661,95,1.241793173108345
9,1000,5,289,41.4,False,33577,93,1.2329868660094707
9,1000,5,290,41.7,False,33589,95,1.2414778647771592
9,1000,5,291,41.4,False,33416,93,1.2389274598994493
9,1000,5,292,41.9,False,33534,94,1.2494781415876424
9,1000,5,293,42.8,False,33302,95,1.2852080956098733
9,1000,5,294,42.6,False,33659,93,1.2656347485070858
9,1000,5,295,42.6,False,33533,94,1.270390361733218
9,1000,5,296,42.9,False,33325,93,1.2873218304576144
9,1000,5,297,41.8,False,33695,92,1.2405401394865707
9,1000,5,298,41.8,False,33509,94,1.2474260646393507
9,1000,5,299,41.8,False,33712,94,1.2399145704793546
9,1000,5,300,177.1,True,33404,92,
9,1000,5,301,42.3,False,33782,91,1.252146113314783
9,1000,5,302,42.8,False,33642,95,1.2722192497473397
9,1000,5,303,42.8,False,33361,95,1.2829351638140343
9,1000,5,304,42.6,False,33447,92,1.2736568302089875
9,1000,5,305,42.3,False,33214,92,1.2735593424459566
9,1000,5,306,43.5,False,33908,94,1.2828830954347057
9,1000,5,307,42.8,False,33525,95,1.2766592095451157
9,1000,5,308,42.1,False,33580,94,1.2537224538415723
9,1000,5,309,41.8,False,33029,94,1.2655545127009598
9,1000,5,310,41.9,False,33113,95,1.2653640564128892
9,1000,5,311,41.5,False,33358,90,1.2440793812578692
9,1000,5,312,42.0,False,33065,95,1.2702253137758959
9,1000,5,313,42.0,False,33624,95,1.2491077801570307
9,1000,5,314,41.1,False,33096,93,1.2418419144307469
9,1000,5,315,41.3,False,33350,95,1.2383808095952025
9,1000,5,316,41.5,False,33696,95,1.2316001899335232
9,1000,5,317,41.3,False,33575,93,1.2300819061801935
9,1000,5,318,41.7,False,33504,95,1.2446275071633237
9,1000,5,319,71.5,False,33547,92,2.1313381226339168
9,1000,5,320,38.5,False,33356,95,1.1542151337090778
9,1000,5,321,38.6,False,33141,95,1.1647204369210344
9,1000,5,322,38.5,False,33482,94,1.1498715727853772
9,1000,5,323,38.6,False,33607,95,1.1485702383432024
9,1000,5,324,38.3,False,33439,94,1.1453691797003498
9,1000,5,325,173.8,True,33370,95,
9,1000,5,326,41.7,False,33736,95,1.236068294996443
9,1000,5,327,41.6,False,33520,95,1.2410501193317423
9,1000,5,328,41.5,False,33459,94,1.2403239786006754
9,1000,5,329,41.4,False,33503,93,1.235710234904337
9,1000,5,330,42.0,False,33408,94,1.257183908045977
9,1000,5,331,42.5,False,33317,94,1.275625056277576
9,1000,5,332,43.2,False,33274,95,1.298310993568552
9,1000,5,333,43.0,False,33615,94,1.279190837423769
9,1000,5,334,43.0,False,33356,93,1.2891233960906583
9,1000,5,335,42.8,False,33152,95,1.291023166023166
9,1000,5,336,42.3,False,33394,92,1.2666946157992454
9,1000,5,337,42.9,False,33493,94,1.2808646582868062
9,1000,5,338,42.7,False,33372,93,1.279515761716409
9,1000,5,339,42.8,False,33447,94,1.279636439740485
9,1000,5,340,42.9,False,33606,93,1.2765577575432958
9,1000,5,341,43.0,False,33394,95,1.2876564652332754
9,1000,5,342,44.2,False,33292,94,1.3276462813889223
9,1000,5,343,42.9,False,33235,95,1.290807883255604
9,1000,5,344,42.3,False,33377,92,1.2673397848818049
9,1000,5,345,43.3,False,33483,95,1.2931935609115073
9,1000,5,346,43.1,False,33728,95,1.277870018975332
9,1000,5,347,42.5,False,33370,94,1.2735990410548397
9,1000,5,348,43.2,False,33576,94,1.2866333095067906
9,1000,5,349,42.9,False,32923,95,1.3030404276645506
9,1000,5,350,178.9,True,33471,95,
9,1000,5,351,38.8,False,33320,95,1.1644657863145258
9,1000,5,352,41.9,False,33476,95,1.2516429680965468
9,1000,5,353,41.7,False,33497,95,1.2448876018747947
9,1000,5,354,41.7,False,33743,94,1.2358118720919895
9,1000,5,355,41.3,False,33216,94,1.2433766859344895
9,1000,5,356,41.1,False,33416,92,1.2299497246827866
9,1000,5,357,41.8,False,33776,94,1.2375651350071057
9,1000,5,358,42.5,False,33237,95,1.2786954297920992
9,1000,5,359,43.7,False,33367,94,1.3096772260017382
9,1000,5,360,42.5,False,33464,93,1.2700215156586183
9,1000,5,361,42.1,False,33471,94,1.257805264258612
9,1000,5,362,41.4,False,33124,92,1.2498490520468541
9,1000,5,363,42.0,False,33333,94,1.2600126001260012
9,1000,5,364,42.0,False,32958,95,1.2743491716730384
9,1000,5,365,42.1,False,33166,94,1.2693722486884158
9,1000,5,366,41.7,False,33147,93,1.2580324011222734
9,1000,5,367,42.1,False,33356,93,1.2621417436143423
9,1000,5,368,42.1,False,33442,94,1.2588959990431194
9,1000,5,369,41.6,False,33363,91,1.246890267661781
9,1000,5,370,41.7,False,33230,93,1.2548901594944328
9,1000,5,371,42.2,False,33239,94,1.2695929480429615
9,1000,5,372,41.4,False,32997,92,1.2546595145013184
9,1000,5,373,42.2,False,33451,94,1.2615467400077727
9,1000,5,374,42.2,False,33326,94,1.2662785812878834
9,1000,5,375,176.5,True,33461,95,
9,1000,5,376,41.3,False,33429,93,1.2354542463130815
9,1000,5,377,40.7,False,33329,93,1.221158750637583
9,1000,5,378,40.6,False,33237,92,1.2215302223425701
9,1000,5,379,41.0,False,33329,95,1.2301599207897027
9,1000,5,380,41.1,False,33463,94,1.2282222155813884
9,1000,5,381,40.6,False,33021,92,1.229520608097877
9,1000,5,382,41.0,False,33349,94,1.2294221715793576
9,1000,5,383,41.1,False,33494,93,1.2270854481399653
9,1000,5,384,41.1,False,33269,95,1.235384291682948
9,1000,5,385,41.5,False,33810,94,1.227447500739426
9,1000,5,386,41.2,False,33386,94,1.234050200682921
9,1000,5,387,41.5,False,33723,93,1.2306141209263708
9,1000,5,388,41.3,False,33258,94,1.2418064826507909
9,1000,5,389,41.1,False,33347,94,1.2324946771823553
9,1000,5,390,41.2,False,33332,94,1.236049441977679
9,1000,5,391,40.7,False,33424,93,1.2176878889420775
9,1000,5,392,41.2,False,33766,92,1.2201622934312621
9,1000,5,393,41.4,False,33565,95,1.2334276776403992
9,1000,5,394,41.1,False,33307,94,1.2339748401236976
9,1000,5,395,41.1,False,33070,95,1.2428182642878742
9,1000,5,396,40.6,False,33474,89,1.2128816394813886
9,1000,5,397,41.1,False,33384,95,1.2311286843997125
9,1000,5,398,41.0,False,33242,94,1.2333794597196317
9,1000,5,399,41.1,False,33200,95,1.2379518072289157
9,1000,5,400,173.5,True,33483,93,
9,1000,5,401,40.8,False,33226,95,1.2279540119183772
9,1000,5,402,40.8,False,33265,95,1.2265143544265744
9,1000,5,403,40.9,False,33401,92,1.2245142361007155
9,1000,5,404,40.9,False,33216,92,1.23133429672447
9,1000,5,405,41.1,False,33103,95,1.2415793130531976
9,1000,5,406,40.9,False,33285,93,1.2287817335135947
9,1000,5,407,41.3,False,33578,94,1.2299720054797785
9,1000,5,408,41.6,False,33823,94,1.2299322945924371
9,1000,5,409,40.9,False,33228,95,1.2308896111713012
9,1000,5,410,40.9,False,33102,95,1.2355748897347592
9,1000,5,411,41.5,False,33913,95,1.2237195175891251
9,1000,5,412,41.2,False,33544,93,1.228237538755068
9,1000,5,413,40.6,False,33228,93,1.2218610810160107
9,1000,5,414,41.2,False,33522,94,1.2290436131495734
9,1000,5,415,41.3,False,33770,94,1.2229789754219722
9,1000,5,416,41.1,False,33254,94,1.235941540867264
9,1000,5,417,41.0,False,33121,94,1.2378853295492287
9,1000,5,418,40.9,False,33243,94,1.23033420569744
9,1000,5,419,41.3,False,33170,94,1.245100994874887
9,1000,5,420,41.1,False,33375,94,1.2314606741573033
9,1000,5,421,42.0,False,33804,94,1.2424565140220092
9,1000,5,422,41.6,False,33389,93,1.2459193147443768
9,1000,5,423,41.6,False,33398,94,1.245583567878316
9,1000,5,424,41.5,False,33322,94,1.2454234439709502
9,1000,5,425,173.5,True,33478,93,
9,1000,5,426,40.7,False,33134,94,1.2283455061266373
9,1000,5,427,41.0,False,33478,93,1.2246848676742936
9,1000,5,428,41.2,False,33494,94,1.2300710575028364
9,1000,5,429,40.6,False,33101,94,1.2265490468565905
9,1000,5,430,40.9,False,33366,94,1.225798717257088
9,1000,5,431,41.0,False,33382,95,1.2282068180456533
9,1000,5,432,40.7,False,33288,94,1.2226628214371544
9,1000,5,433,41.1,False,33490,95,1.227232009555091
9,1000,5,434,40.7,False,33262,94,1.2236185436834826
9,1000,5,435,40.6,False,33114,94,1.2260675243099595
9,1000,5,436,40.1,False,32897,92,1.2189561358178558
9,1000,5,437,40.7,False,33095,95,1.2297930200936698
9,1000,5,438,40.6,False,33083,94,1.2272163951274069
9,1000,5,439,40.9,False,33247,94,1.2301861822119289
9,1000,5,440,40.4,False,33423,91,1.2087484666247794
9,1000,5,441,40.5,False,33102,93,1.2234910277324633
9,1000,5,442,40.7,False,33234,94,1.2246494553770235
9,1000,5,443,40.9,False,33256,95,1.2298532595621843
9,1000,5,444,40.8,False,33329,94,1.2241591406882895
9,1000,5,445,40.6,False,33223,93,1.222044968846883
9,1000,5,446,40.8,False,33325,93,1.2243060765191298
9,1000,5,447,40.9,False,33246,95,1.2302231847440293
9,1000,5,448,40.5,False,33052,92,1.225341885513736
9,1000,5,449,41.3,False,33696,94,1.225664767331434
9,1000,5,450,172.5,True,33222,95,
9,1000,5,451,40.2,False,33003,92,1.2180710844468685
9,1000,5,452,41.3,False,33190,94,1.2443507080445917
9,1000,5,453,40.7,False,32884,95,1.2376839800510886
9,1000,5,454,40.8,False,33323,92,1.2243795576628755
9,1000,5,455,40.5,False,32685,94,1.2391005048187242
9,1000,5,456,40.9,False,33403,93,1.224440918480376
9,1000,5,457,40.5,False,32950,93,1.2291350531107739
9,1000,5,458,40.7,False,33225,93,1.2249811888638074
9,1000,5,459,40.2,False,33276,92,1.2080778939776415
9,1000,5,460,40.6,False,33256,95,1.2208323310079383
9,1000,5,461,40.6,False,33241,94,1.2213832315513973
9,1000,5,462,40.5,False,33066,94,1.2248230811105063
9,1000,5,463,40.5,False,33205,93,1.2196958289414246
9,1000,5,464,40.9,False,33288,94,1.2286709925498678
9,1000,5,465,40.6,False,33038,94,1.2288879472123009
9,1000,5,466,40.7,False,33103,95,1.2294958160891762
9,1000,5,467,40.3,False,32882,94,1.2255945502098413
9,1000,5,468,40.6,False,33201,95,1.222854733291166
9,1000,5,469,40.8,False,33307,94,1.224967724502357
9,1000,5,470,40.6,False,33140,94,1.2251056125528064
9,1000,5,471,40.6,False,33295,94,1.2194023126595586
9,1000,5,472,40.7,False,32753,94,1.2426342625103044
9,1000,5,473,41.0,False,33354,95,1.2292378725190383
9,1000,5,474,40.5,False,33205,92,1.2196958289414246
9,1000,5,475,178.1,True,33173,95,
9,1000,5,476,44.7,False,32958,94,1.356271618423448
9,1000,5,477,44.1,False,33685,92,1.3091880659047053
9,1000,5,478,44.8,False,33697,94,1.3294952072884827
9,1000,5,479,43.7,False,33250,95,1.3142857142857143
9,1000,5,480,41.2,False,33275,95,1.2381667918858001
9,1000,5,481,43.7,False,33234,94,1.3149184570018655
9,1000,5,482,43.3,False,33253,94,1.3021381529486062
9,1000,5,483,43.3,False,33226,93,1.3031962920604345
9,1000,5,484,42.8,False,33032,92,1.2957132477597482
9,1000,5,485,42.4,False,32985,90,1.285432772472336
9,1000,5,486,43.2,False,33271,93,1.2984280604730847
9,1000,5,487,43.8,False,33486,95,1.308009317326644
9,1000,5,488,41.7,False,33265,93,1.2535698181271606
9,1000,5,489,41.6,False,32847,94,1.2664779127469785
9,1000,5,490,42.3,False,32834,93,1.2882987147469087
9,1000,5,491,42.0,False,33191,95,1.2654032719713175
9,1000,5,492,41.9,False,33065,94,1.2672009677907152
9,1000,5,493,42.0,False,33268,94,1.2624744499218468
9,1000,5,494,44.6,False,33730,94,1.3222650459531575
9,1000,5,495,42.7,False,33199,92,1.2861833187746619
9,1000,5,496,43.2,False,33285,93,1.2978819287967553
9,1000,5,497,43.8,False,33282,93,1.3160266810888768
9,1000,5,498,43.6,False,33336,95,1.3078953683705303
9,1000,5,499,43.6,False,33068,94,1.3184952219668562
9,1000,5,500,179.1,True,33089,95,
10,1000,10,1,43.8,False,34260,95,1.2784588441330997
10,1000,10,2,43.4,False,34244,95,1.267375306623058
10,1000,10,3,42.1,False,34223,94,1.2301668468573765
10,1000,10,4,40.5,False,34213,93,1.1837605588518985
10,1000,10,5,44.2,False,34398,95,1.2849584278155706
10,1000,10,6,40.9,False,34420,95,1.188262638001162
10,1000,10,7,43.3,False,34354,95,1.2604063573383013
10,1000,10,8,40.4,False,34380,93,1.1751018033740548
10,1000,10,9,42.9,False,33866,95,1.2667572196303076
10,1000,10,10,40.6,False,34087,95,1.1910699093496053
10,1000,10,11,43.2,False,34053,95,1.2686106950929434
10,1000,10,12,40.6,False,34380,94,1.1809191390343223
10,1000,10,13,43.2,False,34284,94,1.2600630031501574
10,1000,10,14,42.6,False,34282,94,1.2426346187503645
10,1000,10,15,40.7,False,33752,95,1.2058544678833847
10,1000,10,16,40.6,False,34222,95,1.1863713400736369
10,1000,10,17,40.3,False,34225,93,1.1775018261504748
10,1000,10,18,43.1,False,34056,95,1.2655626027719051
10,1000,10,19,40.4,False,33889,95,1.1921272389270854
10,1000,10,20,43.1,False,34088,95,1.26437455996245
10,1000,10,21,40.3,False,33954,94,1.1868999234258113
10,1000,10,22,43.4,False,34428,95,1.2606018357151156
10,1000,10,23,43.0,False,34175,94,1.2582297000731528
10,1000,10,24,40.7,False,34266,95,1.1877662989552327
10,1000,10,25,190.8,True,33969,94,
10,1000,10,26,42.8,False,33850,94,1.2644017725258494
10,1000,10,27,42.7,False,34186,92,1.2490493184344469
10,1000,10,28,40.3,False,34060,94,1.183206106870229
10,1000,10,29,43.1,False,34185,95,1.2607868948369167
10,1000,10,30,40.2,False,33878,94,1.1866107798571344
10,1000,10,31,43.2,False,34242,95,1.2616085509024006
10,1000,10,32,40.5,False,34160,94,1.1855971896955504
10,1000,10,33,40.6,False,33984,95,1.1946798493408664
10,1000,10,34,43.0,False,34058,94,1.2625521169769218
10,1000,10,35,40.4,False,33873,95,1.1926903433413043
10,1000,10,36,43.1,False,34093,94,1.2641891297333763
10,1000,10,37,40.4,False,34046,94,1.1866298537273101
10,1000,10,38,43.0,False,33671,94,1.2770633482819043
10,1000,10,39,40.4,False,33819,95,1.1945947544279842
10,1000,10,40,43.1,False,33980,94,1.2683931724543849
10,1000,10,41,43.1,False,34144,94,1.2623008434864105
10,1000,10,42,41.6,False,34105,94,1.2197624981674242
10,1000,10,43,43.8,False,34133,94,1.2832156564028945
10,1000,10,44,40.8,False,34345,95,1.1879458436453632
10,1000,10,45,40.3,False,33668,95,1.196982297730783
10,1000,10,46,43.2,False,34091,94,1.267196620809011
10,1000,10,47,40.4,False,34224,93,1.1804581580177653
10,1000,10,48,43.0,False,33926,94,1.2674644815185994
10,1000,10,49,40.8,False,34005,95,1.199823555359506
10,1000,10,50,183.8,True,33926,95,
10,1000,10,51,40.4,False,33920,95,1.1910377358490567
10,1000,10,52,40.6,False,34238,94,1.185816928558911
10,1000,10,53,40.5,False,34179,94,1.184938119898183
10,1000,10,54,40.1,False,34010,93,1.179064980887974
10,1000,10,55,43.1,False,33945,95,1.2697009868905582
10,1000,10,56,40.2,False,34079,93,1.1796120778191848
10,1000,10,57,43.3,False,34030,95,1.272406699970614
10,1000,10,58,40.8,False,34127,95,1.1955343276584522
10,1000,10,59,42.7,False,34121,93,1.2514287388997978
10,1000,10,60,40.4,False,34067,95,1.185898376728212
10,1000,10,61,43.0,False,34177,94,1.258156069871551
10,1000,10,62,40.3,False,34287,93,1.1753725901945344
10,1000,10,63,42.8,False,33824,94,1.2653736991485336
10,1000,10,64,43.0,False,33973,94,1.2657110057987224
10,1000,10,65,40.4,False,34338,93,1.1765391111887704
10,1000,10,66,40.5,False,34176,95,1.1850421348314606
10,1000,10,67,43.0,False,34198,95,1.257383472717703
10,1000,10,68,45.9,False,34227,93,1.3410465422035236
10,1000,10,69,40.6,False,33937,93,1.1963343843003211
10,1000,10,70,40.2,False,34069,93,1.179958319880243
10,1000,10,71,40.2,False,33836,94,1.1880836978366238
10,1000,10,72,42.9,False,33593,95,1.277051766737118
10,1000,10,73,43.1,False,33992,95,1.2679453989173923
10,1000,10,74,40.3,False,34067,94,1.1829629847066077
10,1000,10,75,183.5,True,34223,94,
10,1000,10,76,40.6,False,34161,95,1.188489798308012
10,1000,10,77,40.4,False,34167,94,1.1824274885123072
10,1000,10,78,40.9,False,34477,95,1.186298111784668
10,1000,10,79,40.6,False,34061,95,1.1919790963271777
10,1000,10,80,40.2,False,33752,94,1.1910405309315004
10,1000,10,81,43.3,False,34011,95,1.2731175208020935
10,1000,10,82,43.9,False,34165,94,1.2849407288160397
10,1000,10,83,83.8,False,34237,94,2.4476443613634373
10,1000,10,84,101.3,False,33681,94,3.0076304147739084
10,1000,10,85,40.4,False,34059,94,1.1861769282715289
10,1000,10,86,40.1,False,33801,94,1.186355433271205
10,1000,10,87,40.7,False,34321,94,1.1858628827831357
10,1000,10,88,40.3,False,33935,94,1.1875644614704581
10,1000,10,89,40.7,False,34206,95,1.1898497339648015
10,1000,10,90,40.4,False,34061,94,1.1861072781186695
10,1000,10,91,40.5,False,34077,95,1.1884849018399506
10,1000,10,92,40.4,False,34079,94,1.1854807946242554
10,1000,10,93,40.1,False,34037,93,1.1781296824044423
10,1000,10,94,41.1,False,34065,95,1.206516952884192
10,1000,10,95,40.7,False,34199,95,1.1900932775812159
10,1000,10,96,40.9,False,34151,95,1.1976223243828878
10,1000,10,97,40.5,False,33978,95,1.1919477308846902
10,1000,10,98,40.3,False,34122,94,1.1810562100697497
10,1000,10,99,40.3,False,34006,95,1.1850849850026466
10,1000,10,100,179.0,True,34254,95,
10,1000,10,101,40.0,False,33705,94,1.1867675419077288
10,1000,10,102,40.3,False,33903,94,1.18868536707666
10,1000,10,103,41.0,False,34200,93,1.1988304093567252
10,1000,10,104,40.7,False,34137,95,1.1922547382605384
10,1000,10,105,40.2,False,34008,94,1.1820748059280168
10,1000,10,106,40.6,False,34031,95,1.193029884517058
10,1000,10,107,40.7,False,33793,95,1.2043914420146185
10,1000,10,108,40.4,False,34153,94,1.1829121892659502
10,1000,10,109,40.5,False,34048,95,1.1894971804511278
10,1000,10,110,40.4,False,34052,94,1.1864207682368142
10,1000,10,111,40.6,False,34216,95,1.1865793780687397
10,1000,10,112,40.5,False,34015,95,1.1906511833014846
10,1000,10,113,40.2,False,34033,94,1.1812064760673464
10,1000,10,114,40.3,False,34145,94,1.180260653097086
10,1000,10,115,40.1,False,34129,93,1.1749538515631868
10,1000,10,116,40.5,False,34094,95,1.1878922977650026
10,1000,10,117,40.2,False,33786,94,1.1898419463683183
10,1000,10,118,40.2,False,34190,93,1.1757823925124304
10,1000,10,119,40.1,False,34061,93,1.177299550805907
10,1000,10,120,40.5,False,34194,95,1.184418319003334
10,1000,10,121,40.4,False,34093,94,1.1849939870354618
10,1000,10,122,40.5,False,33989,95,1.1915619759333902
10,1000,10,123,40.6,False,34111,95,1.1902318900061564
10,1000,10,124,40.3,False,34097,93,1.1819221632401677
10,1000,10,125,178.4,True,33783,94,
10,1000,10,126,40.6,False,34214,95,1.186648740281756
10,1000,10,127,40.3,False,34256,93,1.176436244745446
10,1000,10,128,40.6,False,34255,95,1.1852284338052839
10,1000,10,129,40.3,False,34261,93,1.1762645573684365
10,1000,10,130,40.4,False,34177,94,1.1820815168095502
10,1000,10,131,40.3,False,34351,93,1.1731827312159762
10,1000,10,132,40.3,False,34246,94,1.1767797699001343
10,1000,10,133,39.7,False,34065,92,1.165419051812711
10,1000,10,134,40.0,False,33995,95,1.1766436240623621
10,1000,10,135,39.8,False,33784,94,1.1780724603362538
10,1000,10,136,40.7,False,34123,95,1.192743897078217
10,1000,10,137,40.6,False,33913,94,1.1971810220269514
10,1000,10,138,42.1,False,34247,94,1.2293047566210178
10,1000,10,139,39.9,False,34005,94,1.1733568592853991
10,1000,10,140,39.8,False,33853,94,1.1756712846719641
10,1000,10,141,40.1,False,34033,94,1.1782681515000146
10,1000,10,142,40.5,False,34337,95,1.1794856859946996
10,1000,10,143,40.2,False,34147,95,1.1772630099276657
10,1000,10,144,40.0,False,34037,94,1.1751917031465757
10,1000,10,145,40.2,False,34057,95,1.1803740787503303
10,1000,10,146,40.4,False,34280,95,1.1785297549591598
10,1000,10,147,40.0,False,34171,94,1.170583243100875
10,1000,10,148,39.8,False,33694,94,1.1812192081676263
10,1000,10,149,40.6,False,34128,95,1.1896390060947022
10,1000,10,150,179.1,True,33895,95,
10,1000,10,151,40.3,False,33884,94,1.1893519065045448
10,1000,10,152,40.5,False,34093,95,1.187927140468718
10,1000,10,153,40.6,False,34115,95,1.19009233475011
10,1000,10,154,41.3,False,34079,94,1.211890020247073
10,1000,10,155,40.3,False,34120,93,1.1811254396248534
10,1000,10,156,40.9,False,33980,95,1.20364920541495
10,1000,10,157,40.3,False,34200,95,1.1783625730994152
10,1000,10,158,40.3,False,34242,94,1.1769172361427487
10,1000,10,159,40.3,False,34084,95,1.1823729609200797
10,1000,10,160,40.6,False,34184,95,1.1876901474373975
10,1000,10,161,40.0,False,34056,92,1.1745360582569886
10,1000,10,162,40.6,False,34184,95,1.1876901474373975
10,1000,10,163,42.8,False,34168,94,1.25263404354952
10,1000,10,164,40.5,False,34181,95,1.1848687867528744
10,1000,10,165,43.2,False,34210,95,1.2627886582870507
10,1000,10,166,43.2,False,33897,94,1.2744490662890522
10,1000,10,167,40.7,False,33783,95,1.2047479501524436
10,1000,10,168,40.0,False,33753,94,1.1850798447545403
10,1000,10,169,43.1,False,34118,95,1.2632627938331673
10,1000,10,170,40.3,False,34207,93,1.1781214371327506
10,1000,10,171,42.8,False,33791,94,1.2666094522210056
10,1000,10,172,43.5,False,33967,94,1.2806547531427561
10,1000,10,173,41.1,False,33778,93,1.2167683107347977
10,1000,10,174,41.8,False,34067,95,1.2269938650306749
10,1000,10,175,183.5,True,34232,92,
10,1000,10,176,41.3,False,33970,94,1.215778628201354
10,1000,10,177,41.4,False,33992,94,1.2179336314426923
10,1000,10,178,41.5,False,34176,94,1.2143024344569289
10,1000,10,179,42.1,False,34048,95,1.2364896616541354
10,1000,10,180,41.7,False,33962,95,1.227842883222425
10,1000,10,181,41.7,False,33969,95,1.2275898613441667
10,1000,10,182,41.1,False,34048,92,1.2071193609022557
10,1000,10,183,41.5,False,33986,94,1.2210910374860238
10,1000,10,184,41.4,False,34062,94,1.2154306852210675
10,1000,10,185,41.3,False,33990,94,1.2150632538982054
10,1000,10,186,41.5,False,34228,94,1.212457637022321
10,1000,10,187,41.1,False,33710,94,1.2192227825571047
10,1000,10,188,41.4,False,33946,95,1.2195840452483355
10,1000,10,189,40.5,False,33883,94,1.1952896732874894
10,1000,10,190,42.0,False,33549,91,1.2519002056693196
10,1000,10,191,40.2,False,34106,94,1.1786782384331203
10,1000,10,192,43.0,False,33824,95,1.271286660359508
10,1000,10,193,42.9,False,33923,95,1.2646287179789524
10,1000,10,194,40.3,False,34108,95,1.1815409874516243
10,1000,10,195,43.0,False,33972,95,1.2657482632756387
10,1000,10,196,40.4,False,34130,95,1.1837093466158806
10,1000,10,197,42.7,False,34032,94,1.25470145745181
10,1000,10,198,75.8,False,34148,95,2.219749326461286
10,1000,10,199,40.1,False,33969,93,1.1804880920839589
10,1000,10,200,179.1,True,34057,95,
10,1000,10,201,40.6,False,34002,95,1.1940474089759425
10,1000,10,202,40.2,False,34107,93,1.1786436801829536
10,1000,10,203,40.2,False,34003,94,1.182248625121313
10,1000,10,204,40.5,False,34048,95,1.1894971804511278
10,1000,10,205,40.7,False,34253,95,1.1882170904738272
10,1000,10,206,40.4,False,34062,94,1.1860724561094476
10,1000,10,207,40.4,False,34101,94,1.1847159907334095
10,1000,10,208,40.6,False,33972,95,1.1951018485811844
10,1000,10,209,40.5,False,34053,95,1.1893225266496343
10,1000,10,210,40.6,False,34212,95,1.1867181106044662
10,1000,10,211,40.3,False,34067,94,1.1829629847066077
10,1000,10,212,40.6,False,34130,95,1.1895692938763551
10,1000,10,213,40.3,False,34000,94,1.1852941176470588
10,1000,10,214,40.6,False,34253,95,1.1852976381630806
10,1000,10,215,40.1,False,33913,93,1.1824374133812992
10,1000,10,216,40.6,False,34189,94,1.1875164526602124
10,1000,10,217,40.3,False,34125,94,1.180952380952381
10,1000,10,218,40.6,False,34237,94,1.1858515640973215
10,1000,10,219,40.1,False,34128,92,1.1749882794186592
10,1000,10,220,39.9,False,33566,93,1.1887028540785318
10,1000,10,221,40.9,False,34094,95,1.1996245673725583
10,1000,10,222,40.3,False,34006,95,1.1850849850026466
10,1000,10,223,40.3,False,34190,94,1.1787072243346008
10,1000,10,224,41.4,False,34352,94,1.2051700046576619
10,1000,10,225,178.4,True,33658,93,
10,1000,10,226,42.9,False,34034,94,1.2605042016806722
10,1000,10,227,43.1,False,34067,94,1.2651539613115332
10,1000,10,228,40.3,False,34318,92,1.174310857276065
10,1000,10,229,43.1,False,34016,95,1.2670507996237066
10,1000,10,230,43.4,False,34245,95,1.2673382975616878
10,1000,10,231,40.6,False,34118,95,1.1899876897825195
10,1000,10,232,40.2,False,34190,93,1.1757823925124304
10,1000,10,233,43.4,False,34276,95,1.2661920877581982
10,1000,10,234,40.4,False,34321,93,1.1771218787331372
10,1000,10,235,43.3,False,34233,94,1.2648613910554143
10,1000,10,236,40.7,False,34375,94,1.184
10,1000,10,237,42.9,False,33658,95,1.2745855368708776
10,1000,10,238,40.3,False,34105,94,1.1816449200996921
10,1000,10,239,43.1,False,34214,93,1.2597182439936867
10,1000,10,240,40.3,False,34082,94,1.1824423449328092
10,1000,10,241,43.0,False,34147,95,1.2592614285295927
10,1000,10,242,40.5,False,34163,95,1.1854930773058572
10,1000,10,243,42.6,False,33751,94,1.2621848241533584
10,1000,10,244,43.2,False,33946,95,1.2726094385200024
10,1000,10,245,40.4,False,34126,94,1.1838480923635937
10,1000,10,246,43.1,False,33951,94,1.2694765986274337
10,1000,10,247,43.4,False,34168,95,1.2701943338796535
10,1000,10,248,43.0,False,34099,95,1.2610340479192939
10,1000,10,249,40.2,False,33804,95,1.1892083777067803
10,1000,10,250,181.0,True,33823,93,
10,1000,10,251,40.1,False,33836,94,1.1851282657524531
10,1000,10,252,40.6,False,33948,95,1.1959467420761165
10,1000,10,253,43.9,False,34053,95,1.289166886911579
10,1000,10,254,40.4,False,33673,95,1.1997742998841803
10,1000,10,255,40.4,False,34065,95,1.1859680023484516
10,1000,10,256,40.6,False,34042,95,1.1926443804711826
10,1000,10,257,44.1,False,34234,95,1.2881930244785886
10,1000,10,258,41.4,False,34142,95,1.2125827426629958
10,1000,10,259,41.1,False,34010,95,1.2084680976183475
10,1000,10,260,41.4,False,34241,95,1.209076837709179
10,1000,10,261,40.4,False,34155,94,1.1828429219733567
10,1000,10,262,43.1,False,34133,95,1.2627076436293323
10,1000,10,263,40.5,False,34094,95,1.1878922977650026
10,1000,10,264,42.9,False,33895,94,1.2656734031568078
10,1000,10,265,40.1,False,33912,94,1.1824722811983959
10,1000,10,266,44.6,False,34022,94,1.3109164658162364
10,1000,10,267,40.5,False,34005,95,1.1910013233348038
10,1000,10,268,40.6,False,34175,95,1.1880029261155816
10,1000,10,269,40.4,False,33963,95,1.18952978241027
10,1000,10,270,43.3,False,34115,94,1.2692364062729005
10,1000,10,271,40.7,False,33876,95,1.2014405478805055
10,1000,10,272,43.0,False,34114,94,1.260479568505599
10,1000,10,273,39.8,False,33734,93,1.1798185806604613
10,1000,10,274,40.5,False,34034,95,1.1899864841041312
10,1000,10,275,181.4,True,34070,93,
10,1000,10,276,40.4,False,33954,94,1.1898450845261235
10,1000,10,277,40.5,False,33863,95,1.1959956294480703
10,1000,10,278,40.6,False,33976,95,1.1949611490463856
10,1000,10,279,40.4,False,33969,95,1.1893196738202478
10,1000,10,280,40.5,False,34261,93,1.1821020985960713
10,1000,10,281,43.0,False,34049,94,1.2628858409938617
10,1000,10,282,40.6,False,34101,95,1.1905809213806047
10,1000,10,283,43.6,False,34166,95,1.2761224609260668
10,1000,10,284,40.4,False,33767,95,1.1964343886042585
10,1000,10,285,40.8,False,33800,95,1.2071005917159763
10,1000,10,286,43.4,False,34014,95,1.2759451990356911
10,1000,10,287,40.5,False,34016,95,1.1906161806208844
10,1000,10,288,42.7,False,34053,93,1.253927700936775
10,1000,10,289,40.4,False,34127,95,1.183813402877487
10,1000,10,290,43.2,False,33980,95,1.2713360800470865
10,1000,10,291,40.5,False,34053,95,1.1893225266496343
10,1000,10,292,40.3,False,33999,94,1.1853289802641254
10,1000,10,293,43.0,False,33676,95,1.276873737973631
10,1000,10,294,43.2,False,34137,95,1.2654890587925125
10,1000,10,295,43.0,False,34146,94,1.2592983072687869
10,1000,10,296,42.9,False,33805,95,1.2690430409702707
10,1000,10,297,43.3,False,34255,93,1.264049043935192
10,1000,10,298,40.6,False,34121,95,1.1898830632162012
10,1000,10,299,40.8,False,34124,95,1.1956394326573672
10,1000,10,300,182.1,True,34079,94,
10,1000,10,301,40.7,False,34324,94,1.1857592355203357
10,1000,10,302,40.6,False,34192,95,1.1874122601778194
10,1000,10,303,40.1,False,33946,94,1.181287927885465
10,1000,10,304,42.9,False,34090,94,1.2584335582282193
10,1000,10,305,42.9,False,33917,95,1.2648524338827136
10,1000,10,306,43.3,False,34292,94,1.262685174384696
10,1000,10,307,43.3,False,34238,95,1.2646766750394298
10,1000,10,308,43.3,False,33989,94,1.2739415693312541
10,1000,10,309,40.2,False,33770,94,1.190405685519692
10,1000,10,310,42.6,False,33587,94,1.268347872688838
10,1000,10,311,43.2,False,34157,95,1.2647480750651403
10,1000,10,312,40.1,False,33780,94,1.1870929544108941
10,1000,10,313,43.3,False,34159,95,1.2676015105828624
10,1000,10,314,40.0,False,33762,93,1.1847639357857946
10,1000,10,315,42.8,False,34019,94,1.2581204620947117
10,1000,10,316,40.6,False,34320,95,1.182983682983683
10,1000,10,317,43.1,False,34110,95,1.2635590735854587
10,1000,10,318,40.3,False,34101,94,1.1817835254098121
10,1000,10,319,40.5,False,34088,95,1.1881013846514903
10,1000,10,320,43.1,False,33916,95,1.2707866493690294
10,1000,10,321,43.0,False,33720,95,1.2752075919335706
10,1000,10,322,43.0,False,33943,94,1.266829685060248
10,1000,10,323,43.4,False,34235,95,1.2677084854680882
10,1000,10,324,43.2,False,34223,95,1.2623089734973556
10,1000,10,325,182.3,True,34072,95,
10,1000,10,326,40.4,False,34164,94,1.1825313195176208
10,1000,10,327,42.9,False,34003,94,1.261653383524983
10,1000,10,328,40.6,False,34181,95,1.187794388695474
10,1000,10,329,40.6,False,34022,95,1.1933454823349596
10,1000,10,330,43.3,False,34094,95,1.2700181850178918
10,1000,10,331,40.6,False,34091,95,1.1909301575195799
10,1000,10,332,42.9,False,33699,95,1.2730348081545446
10,1000,10,333,43.3,False,34045,95,1.2718460860625642
10,1000,10,334,42.8,False,33983,93,1.2594532560397846
10,1000,10,335,42.7,False,33834,94,1.2620440976532483
10,1000,10,336,43.2,False,34169,95,1.2643039011969914
10,1000,10,337,43.2,False,34152,94,1.264933239634575
10,1000,10,338,43.0,False,33999,94,1.2647430806788436
10,1000,10,339,43.1,False,34163,94,1.2615988057254925
10,1000,10,340,40.4,False,34135,94,1.1835359601581954
10,1000,10,341,43.0,False,33982,94,1.265375787181449
10,1000,10,342,43.4,False,33914,95,1.2797074954296161
10,1000,10,343,42.8,False,33612,94,1.273354754254433
10,1000,10,344,43.1,False,34007,94,1.2673861263857442
10,1000,10,345,43.0,False,34036,93,1.2633681983781877
10,1000,10,346,43.5,False,34351,94,1.2663386800966494
10,1000,10,347,43.5,False,34257,95,1.2698134687801033
10,1000,10,348,43.1,False,34170,94,1.2613403570383377
10,1000,10,349,42.6,False,33572,93,1.2689145716668653
10,1000,10,350,182.5,True,34334,95,
10,1000,10,351,40.7,False,33992,95,1.1973405507178159
10,1000,10,352,40.7,False,34117,94,1.1929536594659553
10,1000,10,353,40.4,False,34142,94,1.183293304434421
10,1000,10,354,40.8,False,34248,95,1.1913104414856341
10,1000,10,355,43.2,False,33932,95,1.2731345043027231
10,1000,10,356,40.4,False,34069,94,1.1858287592826322
10,1000,10,357,40.9,False,34274,95,1.1933243858318259
10,1000,10,358,41.4,False,33778,95,1.2256498312511102
10,1000,10,359,43.4,False,34134,95,1.271459541805824
10,1000,10,360,43.2,False,34071,94,1.2679404772387075
10,1000,10,361,43.3,False,34132,93,1.268604242353217
10,1000,10,362,40.3,False,33820,94,1.1916026020106445
10,1000,10,363,43.3,False,34095,95,1.2699809356210587
10,1000,10,364,40.5,False,33594,95,1.2055724236470797
10,1000,10,365,42.7,False,33838,93,1.261894911046752
10,1000,10,366,40.2,False,34031,93,1.1812758955070377
10,1000,10,367,43.3,False,34028,95,1.2724814858351945
10,1000,10,368,43.1,False,34101,94,1.2638925544705435
10,1000,10,369,40.6,False,34084,94,1.191174744748269
10,1000,10,370,43.3,False,33996,95,1.2736792563831039
10,1000,10,371,40.5,False,34014,95,1.1906861880402186
10,1000,10,372,43.1,False,34076,94,1.264819814532222
10,1000,10,373,40.3,False,34159,93,1.1797769255540267
10,1000,10,374,43.3,False,34105,95,1.2696085617944584
10,1000,10,375,179.3,True,34118,93,
10,1000,10,376,40.6,False,34022,95,1.1933454823349596
10,1000,10,377,40.5,False,33813,95,1.1977641735427202
10,1000,10,378,40.4,False,34025,94,1.1873622336517267
10,1000,10,379,40.6,False,34064,95,1.1918741193048379
10,1000,10,380,40.4,False,34019,94,1.1875716511361298
10,1000,10,381,40.5,False,33708,95,1.201495194019224
10,1000,10,382,40.8,False,34220,95,1.1922852133255406
10,1000,10,383,40.7,False,34135,95,1.1923245935257067
10,1000,10,384,40.7,False,34125,95,1.1926739926739927
10,1000,10,385,40.6,False,34362,93,1.181537745183633
10,1000,10,386,43.3,False,34085,95,1.2703535279448437
10,1000,10,387,40.8,False,34283,94,1.1900942157920835
10,1000,10,388,40.6,False,33980,94,1.1948204826368451
10,1000,10,389,40.8,False,34194,95,1.1931917880329883
10,1000,10,390,43.2,False,33887,95,1.274825154188922
10,1000,10,391,40.5,False,34195,94,1.1843836818248281
10,1000,10,392,40.8,False,34331,94,1.188430281669628
10,1000,10,393,40.4,False,34120,93,1.1840562719812426
10,1000,10,394,40.5,False,34058,94,1.1891479241294263
10,1000,10,395,42.8,False,33606,94,1.2735820984348034
10,1000,10,396,40.8,False,34275,95,1.1903719912472648
10,1000,10,397,40.6,False,34159,95,1.1885593840569104
10,1000,10,398,40.6,False,34064,94,1.1918741193048379
10,1000,10,399,40.8,False,33997,94,1.200105891696326
10,1000,10,400,180.0,True,34239,94,
10,1000,10,401,40.5,False,33967,95,1.192333735684635
10,1000,10,402,40.2,False,33942,93,1.184373342761181
10,1000,10,403,40.8,False,34283,95,1.1900942157920835
10,1000,10,404,40.7,False,34026,95,1.1961441250808205
10,1000,10,405,40.6,False,34055,95,1.1921891058581706
10,1000,10,406,40.7,False,34114,95,1.193058568329718
10,1000,10,407,40.8,False,34293,95,1.189747178724521
10,1000,10,408,40.9,False,34340,95,1.1910308677926615
10,1000,10,409,40.5,False,33944,95,1.193141645062456
10,1000,10,410,40.5,False,34079,94,1.1884151530267908
10,1000,10,411,40.7,False,34259,94,1.1880089903383053
10,1000,10,412,40.6,False,34224,94,1.18630201028518
10,1000,10,413,40.7,False,34128,95,1.1925691514299108
10,1000,10,414,40.8,False,34265,95,1.190719392966584
10,1000,10,415,40.9,False,34270,95,1.1934636708491393
10,1000,10,416,40.6,False,33957,95,1.1956297670583385
10,1000,10,417,40.4,False,33817,95,1.1946654049738297
10,1000,10,418,43.2,False,34014,95,1.2700652672429
10,1000,10,419,40.0,False,33790,93,1.1837821840781295
10,1000,10,420,40.2,False,34098,94,1.1789547774062994
10,1000,10,421,43.1,False,34266,94,1.257806572112298
10,1000,10,422,40.4,False,34054,95,1.1863510894461737
10,1000,10,423,40.6,False,34200,95,1.1871345029239766
10,1000,10,424,43.7,False,34091,95,1.281863248364671
10,1000,10,425,179.2,True,34158,94,
10,1000,10,426,40.3,False,33922,94,1.1880195743175521
10,1000,10,427,40.6,False,34176,95,1.1879681647940075
10,1000,10,428,40.6,False,34115,95,1.19009233475011
10,1000,10,429,40.5,False,33935,95,1.1934580816266391
10,1000,10,430,40.4,False,34068,94,1.1858635669836797
10,1000,10,431,40.4,False,34194,94,1.1814938293267825
10,1000,10,432,40.4,False,34142,94,1.183293304434421
10,1000,10,433,40.6,False,34062,95,1.1919441019317716
10,1000,10,434,40.5,False,34029,95,1.190161332980693
10,1000,10,435,40.3,False,33808,95,1.1920255560814008
10,1000,10,436,40.9,False,33770,95,1.211134142730234
10,1000,10,437,40.3,False,33996,93,1.185433580421226
10,1000,10,438,40.3,False,33876,95,1.1896327783681662
10,1000,10,439,40.3,False,34032,94,1.1841795956746592
10,1000,10,440,40.4,False,34136,95,1.1835012889618
10,1000,10,441,40.1,False,34019,94,1.178753049766307
10,1000,10,442,40.4,False,34053,95,1.1863859278184008
10,1000,10,443,40.1,False,33953,93,1.181044384884988
10,1000,10,444,40.3,False,34102,94,1.181748871033957
10,1000,10,445,40.1,False,33987,93,1.1798628887515814
10,1000,10,446,40.4,False,34129,94,1.1837440300038091
10,1000,10,447,42.8,False,34015,94,1.2582684109951492
10,1000,10,448,40.4,False,34007,95,1.187990707795454
10,1000,10,449,40.7,False,34276,95,1.1874197689345314
10,1000,10,450,179.1,True,34028,94,
10,1000,10,451,40.2,False,33920,94,1.1851415094339623
10,1000,10,452,40.1,False,33872,94,1.1838686820973074
10,1000,10,453,40.1,False,33618,95,1.1928133737878517
10,1000,10,454,40.5,False,34194,95,1.184418319003334
10,1000,10,455,40.2,False,33616,95,1.1958591147072823
10,1000,10,456,40.3,False,34282,93,1.1755440172685374
10,1000,10,457,40.2,False,33790,94,1.1897010949985203
10,1000,10,458,40.2,False,34032,94,1.181241184767278
10,1000,10,459,40.2,False,33985,94,1.1828747977048697
10,1000,10,460,40.3,False,33961,95,1.1866552810576838
10,1000,10,461,40.5,False,34106,95,1.187474344690084
10,1000,10,462,40.4,False,33977,95,1.1890396444653737
10,1000,10,463,40.3,False,33860,95,1.1901949202598936
10,1000,10,464,40.0,False,34122,93,1.1722642283570717
10,1000,10,465,40.2,False,33819,95,1.188680919010024
10,1000,10,466,40.1,False,33917,94,1.1822979626735854
10,1000,10,467,40.1,False,33746,95,1.188288982397914
10,1000,10,468,39.9,False,33949,93,1.1752923502901411
10,1000,10,469,40.2,False,34041,94,1.1809288798801445
10,1000,10,470,42.4,False,34020,92,1.2463256907701352
10,1000,10,471,40.4,False,34186,95,1.1817703153337624
10,1000,10,472,40.5,False,33666,94,1.2029941186954196
10,1000,10,473,40.4,False,34227,94,1.1803546907412277
10,1000,10,474,40.0,False,33839,93,1.1820680280150122
10,1000,10,475,179.1,True,33803,94,
10,1000,10,476,40.2,False,33668,95,1.1940121183319472
10,1000,10,477,43.5,False,34294,95,1.2684434594972882
10,1000,10,478,43.3,False,34278,94,1.2632008868662115
10,1000,10,479,43.0,False,34206,94,1.2570893995205519
10,1000,10,480,43.4,False,34241,95,1.2674863467772552
10,1000,10,481,43.3,False,34262,95,1.2637907886288016
10,1000,10,482,43.3,False,34076,95,1.27068904801033
10,1000,10,483,43.2,False,34098,95,1.2669364772127398
10,1000,10,484,43.0,False,33992,94,1.26500353024241
10,1000,10,485,43.1,False,33923,95,1.2705244229578752
10,1000,10,486,43.2,False,34172,94,1.2641929064731359
10,1000,10,487,43.4,False,34224,95,1.2681159420289856
10,1000,10,488,43.2,False,34122,95,1.2660453666256375
10,1000,10,489,42.9,False,33625,95,1.2758364312267658
10,1000,10,490,42.4,False,33724,92,1.2572648558889812
10,1000,10,491,43.0,False,33963,95,1.2660836792980596
10,1000,10,492,42.9,False,34019,93,1.2610599958846527
10,1000,10,493,40.6,False,34145,95,1.1890467125494215
10,1000,10,494,43.1,False,34352,94,1.2546576618537495
10,1000,10,495,43.0,False,34009,95,1.2643711958599195
10,1000,10,496,43.2,False,34201,95,1.2631209613753984
10,1000,10,497,43.6,False,34102,95,1.2785173890094423
10,1000,10,498,43.2,False,34267,95,1.2606881256018911
10,1000,10,499,44.0,False,34031,95,1.2929387911022303
10,1000,10,500,182.2,True,34273,93,
11,1000,20,1,51.8,False,35988,94,1.4393686784483717
11,1000,20,2,50.9,False,35928,95,1.4167223335560009
11,1000,20,3,50.0,False,36304,95,1.377258704275011
11,1000,20,4,49.8,False,35934,95,1.385874102521289
11,1000,20,5,50.5,False,36830,95,1.3711648112951398
11,1000,20,6,50.6,False,36839,95,1.373544341594506
11,1000,20,7,187.2,False,36410,95,5.141444658060972
11,1000,20,8,186.8,False,36165,95,5.165214986865754
11,1000,20,9,187.0,False,36198,95,5.166031272445991
11,1000,20,10,68.9,False,36043,95,1.9116055822212357
11,1000,20,11,67.2,False,36401,95,1.8461031290349166
11,1000,20,12,172.6,False,36221,95,4.76519146351564
11,1000,20,13,65.0,False,36706,95,1.7708276576036615
11,1000,20,14,187.0,False,36360,95,5.143014301430143
11,1000,20,15,187.3,False,36037,95,5.197435968587841
11,1000,20,16,133.1,False,36354,95,3.6612202233591904
11,1000,20,17,111.4,False,36803,93,3.026927152677771
11,1000,20,18,139.5,False,36041,95,3.8705918259759717
11,1000,20,19,123.6,False,36202,95,3.414176012375007
11,1000,20,20,185.5,False,36382,94,5.098675169039635
11,1000,20,21,169.7,False,36028,95,4.710225380259798
11,1000,20,22,48.3,False,36055,94,1.3396200249618637
11,1000,20,23,48.7,False,36344,94,1.3399735857362975
11,1000,20,24,48.6,False,36038,95,1.3485765025806093
11,1000,20,25,220.0,True,36262,95,
11,1000,20,26,48.9,False,36174,95,1.351799635097031
11,1000,20,27,48.8,False,36156,95,1.3497068259763247
11,1000,20,28,48.8,False,36105,95,1.3516133499515302
11,1000,20,29,49.0,False,36211,95,1.3531799729364005
11,1000,20,30,87.3,False,36231,94,2.409538792746543
11,1000,20,31,53.7,False,36151,95,1.4854360875217836
11,1000,20,32,49.7,False,36011,95,1.3801338479908918
11,1000,20,33,50.3,False,36134,95,1.3920407372557702
11,1000,20,34,49.7,False,36098,95,1.376807579367278
11,1000,20,35,50.2,False,36293,93,1.38318684043755
11,1000,20,36,49.9,False,36092,95,1.3825778565887177
11,1000,20,37,49.7,False,36063,95,1.3781438038987328
11,1000,20,38,63.2,False,36145,94,1.74851293401577
11,1000,20,39,53.8,False,36232,95,1.4848752483992051
11,1000,20,40,79.2,False,36224,94,2.1863957597173145
11,1000,20,41,102.4,False,36194,95,2.829198209648008
11,1000,20,42,97.0,False,36098,95,2.6871294808576653
11,1000,20,43,187.9,False,36072,95,5.209026391661122
11,1000,20,44,57.9,False,36192,95,1.5998010610079576
11,1000,20,45,48.6,False,36111,94,1.3458502949239843
11,1000,20,46,48.9,False,36085,94,1.3551337120687266
11,1000,20,47,49.1,False,36216,95,1.3557543627126132
11,1000,20,48,49.1,False,36283,95,1.3532508337237825
11,1000,20,49,54.6,False,36111,95,1.5120046523220072
11,1000,20,50,288.8,True,36077,94,
11,1000,20,51,54.2,False,36034,93,1.504134983626575
11,1000,20,52,85.3,False,36239,95,2.3538177102017164
11,1000,20,53,126.0,False,36172,95,3.483357292933761
11,1000,20,54,187.2,False,36234,95,5.16641828117238
11,1000,20,55,179.0,False,36023,94,4.96904755295228
11,1000,20,56,181.3,False,35847,94,5.0576059363405586
11,1000,20,57,186.6,False,36120,95,5.166112956810632
11,1000,20,58,183.8,False,36161,93,5.082824036945881
11,1000,20,59,185.7,False,36201,95,5.12969254992956
11,1000,20,60,88.9,False,36257,95,2.45194031497366
11,1000,20,61,180.5,False,36232,95,4.981784058291013
11,1000,20,62,184.7,False,36253,94,5.094750779245856
11,1000,20,63,85.1,False,36023,95,2.3623795908169782
11,1000,20,64,48.3,False,35981,95,1.3423751424362858
11,1000,20,65,48.6,False,36182,95,1.3432093306063788
11,1000,20,66,48.3,False,36080,95,1.3386917960088691
11,1000,20,67,47.7,False,35884,94,1.329283246014937
11,1000,20,68,49.1,False,36312,95,1.3521700815157525
11,1000,20,69,187.2,False,36068,95,5.190196295885549
11,1000,20,70,186.2,False,36207,95,5.142651973375314
11,1000,20,71,186.9,False,36335,95,5.14380074308518
11,1000,20,72,123.0,False,36104,95,3.4068247285619324
11,1000,20,73,61.9,False,36005,95,1.719205665879739
11,1000,20,74,186.5,False,36442,95,5.11772131057571
11,1000,20,75,277.2,True,36169,95,
11,1000,20,76,70.1,False,36271,95,1.932673485704833
11,1000,20,77,187.0,False,36224,95,5.16232332155477
11,1000,20,78,186.4,False,36394,95,5.12172336099357
11,1000,20,79,187.0,False,36264,95,5.156629163909111
11,1000,20,80,184.0,False,36228,93,5.078944462846417
11,1000,20,81,131.8,False,36284,95,3.6324550766177928
11,1000,20,82,48.6,False,36233,94,1.3413186873844285
11,1000,20,83,48.6,False,36254,95,1.340541733325978
11,1000,20,84,48.8,False,36207,95,1.3478056729361725
11,1000,20,85,48.5,False,36040,95,1.3457269700332963
11,1000,20,86,48.3,False,36187,95,1.3347334678199354
11,1000,20,87,70.4,False,36719,94,1.9172635420354585
11,1000,20,88,172.5,False,36117,95,4.776144198023092
11,1000,20,89,105.2,False,36198,95,2.906237913696889
11,1000,20,90,187.0,False,36413,95,5.135528520034054
11,1000,20,91,72.6,False,36234,95,2.0036429872495445
11,1000,20,92,59.1,False,36452,94,1.6213102161746955
11,1000,20,93,48.8,False,36203,94,1.3479545893986686
11,1000,20,94,50.0,False,36222,95,1.3803765667274033
11,1000,20,95,50.1,False,36342,95,1.3785702492983325
11,1000,20,96,49.9,False,36205,95,1.378262670901809
11,1000,20,97,50.0,False,36108,95,1.3847346848343858
11,1000,20,98,55.7,False,36399,95,1.5302618203796807
11,1000,20,99,186.3,False,36095,95,5.1613796924781825
11,1000,20,100,579.5,True,36157,95,
11,1000,20,101,49.0,False,36137,95,1.3559509643855328
11,1000,20,102,49.3,False,36417,95,1.3537633522805284
11,1000,20,103,90.1,False,36826,95,2.446640960191169
11,1000,20,104,186.2,False,36452,94,5.10808734774498
11,1000,20,105,187.2,False,36301,95,5.156882730503292
11,1000,20,106,185.8,False,36083,95,5.1492392539423
11,1000,20,107,178.4,False,36253,93,4.920972057484898
11,1000,20,108,49.1,False,36297,95,1.3527288756646554
11,1000,20,109,52.2,False,36338,95,1.4365127414827454
11,1000,20,110,48.9,False,36282,95,1.3477757565735076
11,1000,20,111,48.8,False,36101,95,1.3517631090551507
11,1000,20,112,49.1,False,36277,95,1.3534746533616342
11,1000,20,113,52.0,False,36024,95,1.4434821230290917
11,1000,20,114,187.3,False,36382,95,5.148150184157001
11,1000,20,115,118.1,False,36440,95,3.2409440175631175
11,1000,20,116,48.6,False,36145,95,1.3445843131830129
11,1000,20,117,69.8,False,36430,95,1.916003293988471
11,1000,20,118,177.9,False,36443,95,4.881595916911341
11,1000,20,119,187.2,False,36109,95,5.184303082334044
11,1000,20,120,187.1,False,36189,95,5.170079305866423
11,1000,20,121,187.7,False,36193,95,5.186085707180947
11,1000,20,122,187.1,False,36075,95,5.186417186417186
11,1000,20,123,188.1,False,36330,95,5.177539223781999
11,1000,20,124,187.4,False,36467,95,5.138892697507336
11,1000,20,125,550.0,True,36160,95,
11,1000,20,126,48.9,False,36236,95,1.3494866983110718
11,1000,20,127,48.6,False,36255,94,1.3405047579644187
11,1000,20,128,63.0,False,36745,95,1.7145189821744455
11,1000,20,129,161.8,False,36566,94,4.424875567467046
11,1000,20,130,49.2,False,36234,94,1.3578407021029972
11,1000,20,131,49.0,False,36274,95,1.3508297954457738
11,1000,20,132,48.9,False,36247,95,1.3490771650067592
11,1000,20,133,48.8,False,36244,95,1.3464297538902992
11,1000,20,134,50.7,False,36026,95,1.4073169377671682
11,1000,20,135,49.0,False,36321,95,1.349081798408634
11,1000,20,136,86.2,False,36456,94,2.3644941847706824
11,1000,20,137,118.7,False,36219,93,3.277285402689196
11,1000,20,138,49.0,False,36473,94,1.3434595454171578
11,1000,20,139,48.6,False,36023,95,1.349138050689837
11,1000,20,140,48.8,False,36326,93,1.343390409073391
11,1000,20,141,49.0,False,36347,94,1.3481167634192643
11,1000,20,142,49.5,False,36903,93,1.3413543614340298
11,1000,20,143,49.1,False,36392,95,1.3491976258518357
11,1000,20,144,49.4,False,36397,95,1.357254718795505
11,1000,20,145,48.8,False,36146,95,1.350080230177613
11,1000,20,146,49.5,False,36636,95,1.3511300360301344
11,1000,20,147,48.8,False,36014,95,1.3550285999888931
11,1000,20,148,48.8,False,36305,93,1.3441674700454482
11,1000,20,149,48.7,False,36011,95,1.3523645552747772
11,1000,20,150,381.5,True,36242,95,
11,1000,20,151,49.2,False,36252,95,1.3571665011585567
11,1000,20,152,49.4,False,36235,95,1.363322754243135
11,1000,20,153,50.0,False,36195,95,1.381406271584473
11,1000,20,154,49.9,False,36170,95,1.379596350566768
11,1000,20,155,49.7,False,36107,94,1.3764643974852522
11,1000,20,156,50.0,False,36051,95,1.386924079775873
11,1000,20,157,49.8,False,35917,95,1.3865300554055182
11,1000,20,158,50.1,False,36274,95,1.381154545955781
11,1000,20,159,49.7,False,36091,95,1.3770746169405115
11,1000,20,160,49.1,False,35911,94,1.3672690818969118
11,1000,20,161,48.8,False,36055,93,1.3534877270836223
11,1000,20,162,49.0,False,35971,95,1.3622084456923633
11,1000,20,163,49.1,False,36023,95,1.3630180717874691
11,1000,20,164,49.5,False,35974,95,1.3759937732807028
11,1000,20,165,60.3,False,35978,94,1.6760242370337428
11,1000,20,166,186.9,False,36342,95,5.142809971933301
11,1000,20,167,187.1,False,36046,95,5.190589801919769
11,1000,20,168,187.1,False,35911,95,5.210102754030799
11,1000,20,169,178.6,False,36072,95,4.951208693723664
11,1000,20,170,89.5,False,36644,95,2.4424189498962994
11,1000,20,171,186.5,False,36158,95,5.157918026439515
11,1000,20,172,97.7,False,35827,95,2.726993608172607
11,1000,20,173,186.1,False,36041,95,5.163563719097694
11,1000,20,174,186.9,False,36056,95,5.183603283780785
11,1000,20,175,801.9,True,36388,95,
11,1000,20,176,186.6,False,36292,95,5.141629009148022
11,1000,20,177,186.4,False,36107,95,5.162433877087546
11,1000,20,178,73.0,False,36011,95,2.02715836827636
11,1000,20,179,186.8,False,36105,95,5.173798642847251
11,1000,20,180,185.1,False,35968,94,5.146241103202847
11,1000,20,181,186.3,False,36088,95,5.162380846818887
11,1000,20,182,186.7,False,35886,95,5.20258596667224
11,1000,20,183,85.5,False,35631,95,2.399595857539783
11,1000,20,184,48.6,False,35939,95,1.3522913826205516
11,1000,20,185,48.6,False,36045,95,1.348314606741573
11,1000,20,186,48.2,False,35897,94,1.342730590300025
11,1000,20,187,48.9,False,35853,95,1.3639026022926952
11,1000,20,188,49.1,False,36098,95,1.3601861598980554
11,1000,20,189,60.5,False,35928,95,1.683923402360276
11,1000,20,190,185.5,False,35980,94,5.155642023346304
11,1000,20,191,126.4,False,36199,95,3.4918091659990607
11,1000,20,192,187.1,False,36056,95,5.189150210783226
11,1000,20,193,186.9,False,36092,95,5.178432893716059
11,1000,20,194,183.1,False,36047,95,5.079479568341332
11,1000,20,195,186.5,False,35931,95,5.19050402159695
11,1000,20,196,123.4,False,36221,95,3.4068634217719005
11,1000,20,197,47.8,False,35785,93,1.3357552046947045
11,1000,20,198,48.4,False,35869,95,1.349354595890602
11,1000,20,199,48.5,False,36144,94,1.3418548030101816
11,1000,20,200,210.5,True,36151,94,
11,1000,20,201,48.4,False,36064,94,1.3420585625554569
11,1000,20,202,49.0,False,36376,94,1.3470420057180559
11,1000,20,203,48.3,False,35668,95,1.354154984860379
11,1000,20,204,63.2,False,36202,95,1.7457599027678028
11,1000,20,205,72.9,False,36758,95,1.9832417432939768
11,1000,20,206,49.0,False,36354,95,1.3478571821532705
11,1000,20,207,48.9,False,36086,94,1.3550961591753035
11,1000,20,208,49.0,False,35884,95,1.3655110912941701
11,1000,20,209,48.5,False,35828,94,1.3536898515127833
11,1000,20,210,54.5,False,36203,95,1.505400104963677
11,1000,20,211,186.8,False,36428,95,5.127923575271769
11,1000,20,212,186.0,False,36516,95,5.093657574761748
11,1000,20,213,186.3,False,36396,94,5.118694362017804
11,1000,20,214,186.7,False,36209,95,5.156176641166561
11,1000,20,215,142.6,False,36098,95,3.950357360518588
11,1000,20,216,61.3,False,36417,95,1.6832797869127056
11,1000,20,217,72.7,False,36073,95,2.0153577467912287
11,1000,20,218,49.9,False,36119,95,1.3815443395442841
11,1000,20,219,49.9,False,36283,95,1.3752997271449439
11,1000,20,220,49.9,False,36139,95,1.3807797670107087
11,1000,20,221,50.1,False,36351,95,1.3782289345547578
11,1000,20,222,50.3,False,36268,95,1.3868975405315982
11,1000,20,223,50.1,False,36243,95,1.3823358993460806
11,1000,20,224,50.0,False,36409,94,1.373286824686204
11,1000,20,225,217.3,True,36202,94,
11,1000,20,226,49.2,False,36248,95,1.3573162657250055
11,1000,20,227,60.4,False,36233,93,1.6669886567493721
11,1000,20,228,57.9,False,36805,95,1.573155821219943
11,1000,20,229,122.4,False,35854,94,3.4138450382105203
11,1000,20,230,49.8,False,36736,95,1.3556184668989546
11,1000,20,231,50.9,False,36316,94,1.401586077761868
11,1000,20,232,49.7,False,36134,95,1.3754358775668345
11,1000,20,233,49.7,False,36488,95,1.362091646568735
11,1000,20,234,51.5,False,36242,95,1.4210032558909553
11,1000,20,235,48.5,False,36274,93,1.337045817941225
11,1000,20,236,50.1,False,36790,95,1.3617830932318564
11,1000,20,237,51.4,False,36158,95,1.4215388019248851
11,1000,20,238,50.9,False,36053,94,1.4118103902587857
11,1000,20,239,49.5,False,36484,94,1.3567591272886745
11,1000,20,240,48.4,False,36088,95,1.3411660385723787
11,1000,20,241,48.8,False,36330,95,1.3432424993118635
11,1000,20,242,51.7,False,36288,95,1.4247134038800706
11,1000,20,243,71.2,False,36030,95,1.9761310019428253
11,1000,20,244,48.6,False,36242,95,1.3409855968213675
11,1000,20,245,48.5,False,36287,95,1.3365668145616887
11,1000,20,246,48.3,False,36079,94,1.3387289004684166
11,1000,20,247,49.2,False,36710,94,1.3402342685916644
11,1000,20,248,48.7,False,36069,95,1.350189913776373
11,1000,20,249,49.1,False,36222,95,1.35552978852631
11,1000,20,250,227.7,True,35917,94,
11,1000,20,251,49.2,False,36407,95,1.3513884692504188
11,1000,20,252,56.5,False,35964,95,1.5710154599043489
11,1000,20,253,48.7,False,36023,95,1.3519140549093636
11,1000,20,254,51.4,False,36202,95,1.4198110601624219
11,1000,20,255,52.7,False,36019,95,1.463116688414448
11,1000,20,256,49.1,False,36225,95,1.3554175293305728
11,1000,20,257,49.1,False,36253,95,1.3543706727719085
11,1000,20,258,49.8,False,36184,94,1.3762989166482422
11,1000,20,259,48.7,False,36030,95,1.3516514016097696
11,1000,20,260,49.2,False,36411,95,1.351240009887122
11,1000,20,261,49.2,False,36284,95,1.355969573365671
11,1000,20,262,49.5,False,36302,95,1.363561236295521
11,1000,20,263,50.0,False,36528,95,1.3688129653964083
11,1000,20,264,49.7,False,35955,95,1.3822834098178278
11,1000,20,265,50.5,False,36386,95,1.3878964436871324
11,1000,20,266,51.3,False,36139,95,1.4195190791112096
11,1000,20,267,64.8,False,36156,95,1.7922336541652837
11,1000,20,268,87.9,False,36087,95,2.435780197855183
11,1000,20,269,120.2,False,36390,95,3.3031052486946963
11,1000,20,270,49.3,False,36144,95,1.3639884904825144
11,1000,20,271,49.1,False,36084,95,1.3607138898126594
11,1000,20,272,49.4,False,36486,95,1.3539439785123062
11,1000,20,273,49.5,False,36143,95,1.3695598041114463
11,1000,20,274,49.7,False,36386,93,1.3659099653712967
11,1000,20,275,212.5,True,36492,95,
11,1000,20,276,49.1,False,36068,95,1.3613175113674172
11,1000,20,277,49.1,False,36177,95,1.35721591066147
11,1000,20,278,62.4,False,36357,94,1.7163132271639574
11,1000,20,279,185.9,False,36128,95,5.145593445527015
11,1000,20,280,185.9,False,36850,94,5.044776119402985
11,1000,20,281,187.3,False,36288,95,5.161485890652557
11,1000,20,282,187.3,False,36054,95,5.194985299828036
11,1000,20,283,187.5,False,36416,95,5.148835676625659
11,1000,20,284,158.4,False,36257,94,4.368811539840583
11,1000,20,285,187.3,False,36261,95,5.165329141501889
11,1000,20,286,174.8,False,36194,95,4.829529756313201
11,1000,20,287,63.6,False,36234,94,1.755257492962411
11,1000,20,288,178.5,False,36274,95,4.920879969123891
11,1000,20,289,185.6,False,36154,94,5.13359517619074
11,1000,20,290,185.0,False,36272,93,5.100352889280988
11,1000,20,291,187.3,False,36355,95,5.151973593728511
11,1000,20,292,187.4,False,36422,95,5.145241886771731
11,1000,20,293,186.1,False,36229,94,5.13676888680339
11,1000,20,294,187.7,False,36265,95,5.1757893285537016
11,1000,20,295,104.5,False,36315,95,2.8775987883794576
11,1000,20,296,49.4,False,36335,95,1.3595706618962433
11,1000,20,297,49.9,False,36871,94,1.3533671449106344
11,1000,20,298,49.8,False,36523,95,1.3635243545163322
11,1000,20,299,64.4,False,36293,95,1.7744468630314387
11,1000,20,300,211.8,True,36035,95,
11,1000,20,301,49.8,False,36937,95,1.348241600563121
11,1000,20,302,49.2,False,36352,94,1.3534330985915493
11,1000,20,303,48.8,False,36143,95,1.3501922917300722
11,1000,20,304,49.2,False,36470,95,1.3490540170002743
11,1000,20,305,49.4,False,36415,95,1.3565838253466977
11,1000,20,306,50.0,False,36949,94,1.3532165958483315
11,1000,20,307,49.2,False,36567,94,1.34547542866519
11,1000,20,308,49.4,False,36495,95,1.3536100835730922
11,1000,20,309,49.3,False,36322,95,1.357304113209625
11,1000,20,310,49.3,False,36230,95,1.36075075903947
11,1000,20,311,49.3,False,36225,95,1.3609385783298826
11,1000,20,312,49.4,False,36351,95,1.358972242854392
11,1000,20,313,49.2,False,36334,94,1.35410359442946
11,1000,20,314,49.2,False,36092,95,1.363182976836972
11,1000,20,315,49.3,False,36455,95,1.3523522150596625
11,1000,20,316,50.9,False,36475,95,1.395476353666895
11,1000,20,317,49.0,False,36399,95,1.3461908294183906
11,1000,20,318,49.4,False,36668,95,1.3472237373186429
11,1000,20,319,48.8,False,36297,95,1.3444637297848308
11,1000,20,320,48.8,False,36420,94,1.3399231191652938
11,1000,20,321,49.3,False,36364,95,1.3557364426355736
11,1000,20,322,49.4,False,36551,95,1.3515362096796257
11,1000,20,323,49.0,False,36356,95,1.347783034437232
11,1000,20,324,49.7,False,36365,95,1.3666987487969202
11,1000,20,325,217.0,True,36619,95,
11,1000,20,326,49.1,False,36709,95,1.3375466506851181
11,1000,20,327,57.6,False,36417,95,1.5816788862344509
11,1000,20,328,48.8,False,36353,95,1.342392649850081
11,1000,20,329,49.1,False,36458,95,1.3467551703329859
11,1000,20,330,49.1,False,36328,95,1.351574543052191
11,1000,20,331,49.0,False,36399,94,1.3461908294183906
11,1000,20,332,49.1,False,36422,95,1.3480863214540661
11,1000,20,333,49.5,False,36696,95,1.3489208633093526
11,1000,20,334,49.2,False,36471,95,1.349017027227112
11,1000,20,335,48.9,False,36384,94,1.3439973614775726
11,1000,20,336,48.8,False,36592,94,1.3336248360297334
11,1000,20,337,49.2,False,36448,95,1.3498683055311678
11,1000,20,338,48.7,False,36465,94,1.3355272178801592
11,1000,20,339,49.0,False,36511,95,1.3420612965955465
11,1000,20,340,48.8,False,36438,94,1.3392612108238653
11,1000,20,341,49.1,False,36362,95,1.3503107639843792
11,1000,20,342,48.9,False,36139,95,1.3531088297960652
11,1000,20,343,49.4,False,36338,95,1.3594584181848204
11,1000,20,344,48.8,False,36278,93,1.3451678703346381
11,1000,20,345,49.7,False,36532,95,1.360451111354429
11,1000,20,346,49.9,False,36747,95,1.3579339810052522
11,1000,20,347,49.1,False,36383,94,1.3495313745430557
11,1000,20,348,66.3,False,36428,94,1.8200285494674426
11,1000,20,349,90.6,False,35991,95,2.5172959906643326
11,1000,20,350,251.1,True,36376,95,
11,1000,20,351,49.4,False,36416,95,1.3565465729349737
11,1000,20,352,49.6,False,36654,94,1.3531947400010913
11,1000,20,353,95.4,False,36422,95,2.6192960298720553
11,1000,20,354,186.8,False,36444,94,5.125672264295906
11,1000,20,355,187.6,False,36251,95,5.175029654354363
11,1000,20,356,187.3,False,36453,95,5.138123062573725
11,1000,20,357,188.2,False,36882,95,5.102760154004663
11,1000,20,358,171.0,False,36167,94,4.728067022423756
11,1000,20,359,188.0,False,36574,95,5.140263575217367
11,1000,20,360,186.5,False,36453,94,5.116176995034702
11,1000,20,361,187.5,False,36406,95,5.150249958798001
11,1000,20,362,145.6,False,36444,94,3.995170672813083
11,1000,20,363,64.7,False,36492,94,1.7729913405677957
11,1000,20,364,187.9,False,36326,95,5.172603644772339
11,1000,20,365,78.7,False,36302,95,2.1679246322516668
11,1000,20,366,49.2,False,36301,94,1.3553345637861216
11,1000,20,367,49.8,False,36437,95,1.366742596810934
11,1000,20,368,49.5,False,36443,95,1.3582855418050106
11,1000,20,369,49.5,False,36520,95,1.355421686746988
11,1000,20,370,62.9,False,36288,95,1.7333553791887126
11,1000,20,371,186.3,False,36573,94,5.093921745549996
11,1000,20,372,186.5,False,36358,94,5.129545079487321
11,1000,20,373,187.8,False,36341,95,5.1677169037725985
11,1000,20,374,73.0,False,36307,95,2.0106315586526016
11,1000,20,375,311.1,True,36184,95,
11,1000,20,376,49.4,False,36245,95,1.362946613325976
11,1000,20,377,49.3,False,36260,95,1.3596249310535025
11,1000,20,378,49.1,False,36226,95,1.3553801137304697
11,1000,20,379,49.2,False,36303,95,1.3552598958763737
11,1000,20,380,48.9,False,36302,95,1.3470332213101206
11,1000,20,381,49.1,False,36102,95,1.3600354550994405
11,1000,20,382,49.0,False,36482,94,1.3431281179759882
11,1000,20,383,49.6,False,36559,95,1.3567110697776197
11,1000,20,384,49.5,False,36252,95,1.365441906653426
11,1000,20,385,50.1,False,36953,95,1.3557762563256028
11,1000,20,386,49.2,False,36464,95,1.3492759982448441
11,1000,20,387,49.6,False,36954,94,1.3422092331006115
11,1000,20,388,49.4,False,36534,95,1.3521651064761593
11,1000,20,389,49.7,False,36550,95,1.359781121751026
11,1000,20,390,49.5,False,36395,95,1.3600769336447314
11,1000,20,391,49.2,False,36629,94,1.343198012503754
11,1000,20,392,49.8,False,36878,95,1.3503986116383753
11,1000,20,393,49.2,False,36404,95,1.351499835182947
11,1000,20,394,54.0,False,36719,94,1.4706282850840164
11,1000,20,395,50.8,False,36283,95,1.4001047322437505
11,1000,20,396,52.4,False,36510,95,1.435223226513284
11,1000,20,397,48.9,False,36542,93,1.3381861967051611
11,1000,20,398,49.1,False,36517,94,1.344579237067667
11,1000,20,399,49.7,False,36536,95,1.3603021677249836
11,1000,20,400,241.5,True,36380,95,
11,1000,20,401,48.3,False,36443,95,1.3253574074582224
11,1000,20,402,50.0,False,36313,95,1.3769173574202076
11,1000,20,403,184.2,False,36551,95,5.039533802084758
11,1000,20,404,186.8,False,36451,95,5.124687937230803
11,1000,20,405,184.5,False,36434,94,5.063951254322885
11,1000,20,406,184.5,False,36658,94,5.0330078018440725
11,1000,20,407,186.9,False,36870,95,5.069161920260374
11,1000,20,408,187.1,False,36940,95,5.064970221981592
11,1000,20,409,185.9,False,36332,94,5.1167015303313885
11,1000,20,410,186.9,False,36359,95,5.1404054016887155
11,1000,20,411,185.1,False,36940,93,5.010828370330265
11,1000,20,412,187.2,False,36616,95,5.11251911732576
11,1000,20,413,187.5,False,36533,95,5.13234609804834
11,1000,20,414,186.6,False,36760,94,5.076169749727965
11,1000,20,415,187.5,False,37073,95,5.057589081002347
11,1000,20,416,186.8,False,36406,95,5.131022358951821
11,1000,20,417,124.3,False,36435,95,3.41155482365857
11,1000,20,418,65.4,False,36416,95,1.7959138840070301
11,1000,20,419,184.7,False,36408,94,5.073060865743793
11,1000,20,420,52.9,False,36497,95,1.4494342000712388
11,1000,20,421,49.4,False,37026,95,1.334197590882083
11,1000,20,422,48.4,False,36239,95,1.3355776925411849
11,1000,20,423,48.8,False,36743,95,1.3281441362980704
11,1000,20,424,48.4,False,36465,95,1.3273001508295625
11,1000,20,425,211.6,True,36490,95,
11,1000,20,426,48.6,False,36395,95,1.335348262123918
11,1000,20,427,48.7,False,36615,95,1.3300559879830671
11,1000,20,428,48.7,False,36489,95,1.3346487982679711
11,1000,20,429,49.0,False,36488,95,1.3429072571804428
11,1000,20,430,48.6,False,36399,95,1.3352015165251792
11,1000,20,431,48.4,False,36425,94,1.32875772134523
11,1000,20,432,48.5,False,36446,95,1.3307358832244964
11,1000,20,433,49.0,False,36601,95,1.3387612360318024
11,1000,20,434,49.1,False,36454,95,1.3469029461787458
11,1000,20,435,48.9,False,36486,95,1.3402400920901167
11,1000,20,436,48.4,False,36099,95,1.3407573616997701
11,1000,20,437,48.8,False,36451,95,1.3387835724671477
11,1000,20,438,49.1,False,36473,95,1.3462012995914787
11,1000,20,439,48.9,False,36303,95,1.3469961160234691
11,1000,20,440,49.2,False,36509,95,1.347612917362842
11,1000,20,441,48.4,False,36231,93,1.335872595291325
11,1000,20,442,49.1,False,36570,95,1.3426305715066995
11,1000,20,443,48.7,False,36484,94,1.3348317070496656
11,1000,20,444,48.8,False,36436,94,1.3393347238994402
11,1000,20,445,48.7,False,36364,94,1.3392366076339237
11,1000,20,446,48.9,False,36524,95,1.3388456905048736
11,1000,20,447,48.4,False,36454,93,1.327700663850332
11,1000,20,448,48.3,False,36288,95,1.3310185185185186
11,1000,20,449,49.0,False,36912,94,1.3274815778066753
11,1000,20,450,300.2,True,36370,95,
11,1000,20,451,48.6,False,36239,94,1.3410966086260658
11,1000,20,452,48.3,False,36208,94,1.3339593460008838
11,1000,20,453,49.0,False,36238,95,1.3521717534080246
11,1000,20,454,49.5,False,36625,95,1.3515358361774743
11,1000,20,455,48.5,False,36227,94,1.3387804676070334
11,1000,20,456,49.3,False,36597,95,1.3471049539579747
11,1000,20,457,52.3,False,36352,95,1.4387103873239437
11,1000,20,458,49.2,False,36448,94,1.3498683055311678
11,1000,20,459,49.0,False,36488,95,1.3429072571804428
11,1000,20,460,49.6,False,36409,94,1.3623005300887143
11,1000,20,461,49.1,False,36429,95,1.347827280463367
11,1000,20,462,48.5,False,36461,93,1.3301884205041004
11,1000,20,463,49.0,False,36484,94,1.343054489639294
11,1000,20,464,48.8,False,36255,95,1.3460212384498689
11,1000,20,465,49.3,False,36458,95,1.3522409347742608
11,1000,20,466,49.0,False,36347,95,1.3481167634192643
11,1000,20,467,49.0,False,36482,94,1.3431281179759882
11,1000,20,468,48.9,False,36474,94,1.3406810330646488
11,1000,20,469,49.9,False,36478,95,1.3679478041559296
11,1000,20,470,50.2,False,36500,94,1.3753424657534246
11,1000,20,471,49.7,False,36561,95,1.3593720084242773
11,1000,20,472,49.7,False,36345,95,1.367450818544504
11,1000,20,473,49.6,False,36579,95,1.355969271986659
11,1000,20,474,49.6,False,36382,95,1.3633115276785224
11,1000,20,475,217.3,True,36492,95,
11,1000,20,476,50.0,False,36492,95,1.3701633234681574
11,1000,20,477,51.4,False,36983,95,1.3898277586999432
11,1000,20,478,59.4,False,36972,94,1.6066212268743914
11,1000,20,479,49.4,False,36634,95,1.34847409510291
11,1000,20,480,86.7,False,36474,95,2.377035696660635
11,1000,20,481,182.5,False,36595,93,4.987020084711026
11,1000,20,482,186.8,False,36735,95,5.085068735538315
11,1000,20,483,184.5,False,36332,94,5.078168006165364
11,1000,20,484,184.2,False,36467,94,5.051142128499739
11,1000,20,485,185.9,False,36358,95,5.113042521590846
11,1000,20,486,186.0,False,36522,95,5.0928207655659605
11,1000,20,487,186.9,False,36665,95,5.097504432019638
11,1000,20,488,187.0,False,36622,95,5.106220304734859
11,1000,20,489,185.6,False,36361,94,5.104370066829845
11,1000,20,490,185.6,False,36309,95,5.111680299650224
11,1000,20,491,186.5,False,36493,95,5.110569150247993
11,1000,20,492,186.6,False,36310,95,5.1390801432112365
11,1000,20,493,187.2,False,36789,95,5.088477534045503
11,1000,20,494,187.9,False,37071,95,5.06865204607375
11,1000,20,495,187.1,False,36381,95,5.142794315714246
11,1000,20,496,185.8,False,36550,94,5.083447332421341
11,1000,20,497,191.1,False,36483,94,5.238056080914398
11,1000,20,498,187.0,False,36652,95,5.1020408163265305
11,1000,20,499,186.9,False,36409,95,5.13334615067703
11,1000,20,500,814.1,True,36511,95,
12,1000,40,1,55.2,False,36614,95,1.5076200360517835
12,1000,40,2,54.8,False,36995,95,1.4812812542235436
12,1000,40,3,54.9,False,37080,95,1.4805825242718447
12,1000,40,4,54.5,False,36793,95,1.481260022286848
12,1000,40,5,55.4,False,37837,95,1.4641752781668738
12,1000,40,6,55.3,False,37669,95,1.4680506517295389
12,1000,40,7,54.8,False,37073,95,1.4781647020742859
12,1000,40,8,54.6,False,36988,95,1.4761544284632855
12,1000,40,9,54.9,False,37153,95,1.4776734045702904
12,1000,40,10,54.3,False,36824,95,1.4745817944818596
12,1000,40,11,54.2,False,36934,95,1.4674825364163102
12,1000,40,12,54.6,False,36911,95,1.4792338327327896
12,1000,40,13,55.7,False,37914,95,1.469114311336182
12,1000,40,14,54.5,False,37134,94,1.4676576722141434
12,1000,40,15,54.4,False,36725,95,1.4812797821647379
12,1000,40,16,54.6,False,37072,95,1.472809667673716
12,1000,40,17,55.3,False,37803,95,1.4628468640055021
12,1000,40,18,54.2,False,36708,95,1.4765173804075407
12,1000,40,19,54.8,False,37242,95,1.4714569571988616
12,1000,40,20,54.5,False,36940,95,1.4753654574986466
12,1000,40,21,54.9,False,37278,95,1.47271849348141
12,1000,40,22,54.3,False,36813,95,1.4750224105614864
12,1000,40,23,54.4,False,36826,95,1.4772171835116494
12,1000,40,24,54.5,False,37039,95,1.4714220146332244
12,1000,40,25,228.3,True,37090,95,
12,1000,40,26,54.4,False,37008,95,1.4699524427150887
12,1000,40,27,54.2,False,36865,95,1.4702292147022922
12,1000,40,28,53.8,False,36818,94,1.461241783910044
12,1000,40,29,54.2,False,37087,95,1.4614285329091057
12,1000,40,30,54.8,False,37143,95,1.4753789408502276
12,1000,40,31,54.7,False,36986,95,1.4789379765316606
12,1000,40,32,54.1,False,37024,94,1.4612143474503025
12,1000,40,33,54.4,False,36985,95,1.470866567527376
12,1000,40,34,54.3,False,36866,95,1.4729018607931428
12,1000,40,35,54.8,False,37264,95,1.4705882352941178
12,1000,40,36,54.3,False,37007,95,1.4672899721674277
12,1000,40,37,54.4,False,36896,95,1.4744145706851692
12,1000,40,38,54.4,False,37102,94,1.4662282356746268
12,1000,40,39,54.6,False,37031,95,1.4744403337744052
12,1000,40,40,54.2,False,36967,94,1.4661725322585009
12,1000,40,41,54.6,False,37056,95,1.4734455958549222
12,1000,40,42,54.5,False,37079,95,1.469834677310607
12,1000,40,43,54.2,False,36945,95,1.4670456083367167
12,1000,40,44,53.9,False,36985,94,1.4573475733405434
12,1000,40,45,54.0,False,36864,95,1.46484375
12,1000,40,46,53.8,False,36685,95,1.4665394575439552
12,1000,40,47,53.9,False,36801,95,1.4646341132034455
12,1000,40,48,54.2,False,37141,95,1.4593037344174902
12,1000,40,49,54.0,False,36743,95,1.4696676918052418
12,1000,40,50,226.8,True,37024,95,
12,1000,40,51,54.1,False,37073,95,1.4592830361718772
12,1000,40,52,54.1,False,37013,95,1.461648609947856
12,1000,40,53,54.2,False,37095,95,1.4611133575953632
12,1000,40,54,53.9,False,36894,95,1.4609421586165772
12,1000,40,55,54.2,False,36984,95,1.4654985939865888
12,1000,40,56,54.1,False,36869,95,1.4673574005261873
12,1000,40,57,53.9,False,36875,95,1.4616949152542373
12,1000,40,58,53.7,False,36742,95,1.4615426487398617
12,1000,40,59,53.9,False,37105,94,1.4526344158469209
12,1000,40,60,53.9,False,36779,95,1.4655102096304957
12,1000,40,61,54.0,False,36903,95,1.4632956670189416
12,1000,40,62,53.9,False,36796,95,1.4648331340363083
12,1000,40,63,54.1,False,37020,95,1.4613722312263642
12,1000,40,64,53.7,False,36740,95,1.461622210125204
12,1000,40,65,54.5,False,37115,95,1.468408999056985
12,1000,40,66,56.0,False,36799,95,1.5217804831653035
12,1000,40,67,54.6,False,37056,95,1.4734455958549222
12,1000,40,68,54.2,False,36986,95,1.4654193478613529
12,1000,40,69,54.9,False,36960,95,1.4853896103896105
12,1000,40,70,54.3,False,36888,95,1.4720234222511386
12,1000,40,71,54.6,False,37065,95,1.4730878186968839
12,1000,40,72,53.7,False,36698,94,1.4632950024524498
12,1000,40,73,54.6,False,37188,94,1.468215553404324
12,1000,40,74,54.6,False,37195,95,1.4679392391450463
12,1000,40,75,227.8,True,36758,95,
12,1000,40,76,54.4,False,36998,94,1.4703497486350614
12,1000,40,77,54.0,False,36772,94,1.4685086478842597
12,1000,40,78,54.7,False,36995,95,1.478578186241384
12,1000,40,79,55.0,False,37299,95,1.4745703638167242
12,1000,40,80,54.4,False,36740,95,1.4806750136091453
12,1000,40,81,54.0,False,36735,95,1.4699877501020824
12,1000,40,82,54.0,False,36715,95,1.4707885060601933
12,1000,40,83,54.1,False,37002,93,1.462083130641587
12,1000,40,84,54.1,False,36816,95,1.4694697957409821
12,1000,40,85,53.8,False,36758,94,1.463626965558518
12,1000,40,86,54.3,False,36849,95,1.4735813726288367
12,1000,40,87,55.6,False,37703,95,1.4746837121714453
12,1000,40,88,53.3,False,36548,94,1.4583561343985991
12,1000,40,89,53.8,False,36803,95,1.461837350216015
12,1000,40,90,54.1,False,36859,95,1.4677555006918257
12,1000,40,91,54.0,False,36689,95,1.471830793970945
12,1000,40,92,54.1,False,36794,95,1.4703484263738653
12,1000,40,93,53.6,False,36684,94,1.4611274670155927
12,1000,40,94,54.1,False,36885,95,1.4667208892503727
12,1000,40,95,53.7,False,36748,95,1.461304016545118
12,1000,40,96,53.1,False,36873,93,1.4400781059311691
12,1000,40,97,53.3,False,36730,94,1.4511298665940648
12,1000,40,98,53.6,False,36481,95,1.4692579699021409
12,1000,40,99,53.6,False,36704,95,1.4603312990409765
12,1000,40,100,225.4,True,36727,95,
12,1000,40,101,53.7,False,36778,95,1.4601120234923053
12,1000,40,102,53.6,False,36739,94,1.4589400909115653
12,1000,40,103,54.6,False,37705,95,1.4480838085134597
12,1000,40,104,53.8,False,36909,95,1.4576390582242813
12,1000,40,105,54.2,False,36944,95,1.4670853183196189
12,1000,40,106,53.6,False,36576,95,1.4654418197725285
12,1000,40,107,54.3,False,36935,95,1.4701502639772575
12,1000,40,108,54.2,False,36891,95,1.469193028109837
12,1000,40,109,54.3,False,36738,95,1.4780336436387391
12,1000,40,110,54.1,False,36742,95,1.472429372380382
12,1000,40,111,53.5,False,36509,94,1.4653920950998385
12,1000,40,112,54.4,False,36655,95,1.484108580002728
12,1000,40,113,53.7,False,36506,95,1.4709910699611022
12,1000,40,114,54.9,False,36850,94,1.4898236092265944
12,1000,40,115,54.4,False,37071,95,1.4674543443662162
12,1000,40,116,53.7,False,36771,95,1.4603899812352126
12,1000,40,117,53.8,False,36885,94,1.4585875016944558
12,1000,40,118,54.7,False,36805,94,1.486211112620568
12,1000,40,119,53.6,False,36276,95,1.47756092182159
12,1000,40,120,53.4,False,36514,95,1.4624527578463056
12,1000,40,121,53.3,False,36433,95,1.4629594049350862
12,1000,40,122,53.6,False,36540,95,1.4668856048166392
12,1000,40,123,53.7,False,36993,94,1.4516259832941367
12,1000,40,124,53.7,False,36923,95,1.454378029954229
12,1000,40,125,223.4,True,36700,95,
12,1000,40,126,52.8,False,36370,95,1.4517459444597196
12,1000,40,127,53.8,False,36670,95,1.467139350968094
12,1000,40,128,53.7,False,37529,95,1.4308934424045405
12,1000,40,129,53.1,False,36970,95,1.4362997024614552
12,1000,40,130,52.8,False,36714,95,1.4381434874979573
12,1000,40,131,52.6,False,36480,95,1.4418859649122806
12,1000,40,132,53.2,False,36817,95,1.4449846538283946
12,1000,40,133,53.1,False,36854,95,1.440820535084387
12,1000,40,134,52.7,False,36806,94,1.4318317665598
12,1000,40,135,53.1,False,36745,95,1.44509457068989
12,1000,40,136,53.0,False,36886,94,1.4368595130943989
12,1000,40,137,53.4,False,36984,95,1.443867618429591
12,1000,40,138,53.7,False,37139,95,1.445919383936024
12,1000,40,139,52.7,False,36329,95,1.4506317267197004
12,1000,40,140,53.3,False,36865,95,1.445815814458158
12,1000,40,141,53.0,False,36593,95,1.4483644412865848
12,1000,40,142,53.1,False,37469,94,1.4171715284635298
12,1000,40,143,52.6,False,36467,95,1.4423999780623578
12,1000,40,144,52.7,False,36638,95,1.438397292428626
12,1000,40,145,52.9,False,36884,95,1.434226222752413
12,1000,40,146,53.4,False,37545,95,1.4222932481022772
12,1000,40,147,52.4,False,36577,94,1.4325942532192362
12,1000,40,148,53.6,False,37023,95,1.4477486967560707
12,1000,40,149,53.3,False,36557,94,1.4579971004185246
12,1000,40,150,223.3,True,36492,95,
12,1000,40,151,53.9,False,36898,95,1.4607837823188248
12,1000,40,152,53.9,False,36803,95,1.4645545200119556
12,1000,40,153,53.2,False,36708,95,1.4492753623188406
12,1000,40,154,53.2,False,36627,95,1.452480410626041
12,1000,40,155,53.3,False,36612,95,1.4558068392876653
12,1000,40,156,53.5,False,36673,95,1.458838927821558
12,1000,40,157,53.4,False,36507,95,1.4627331744596928
12,1000,40,158,53.3,False,36747,94,1.4504585408332653
12,1000,40,159,53.3,False,36560,94,1.4578774617067833
12,1000,40,160,52.9,False,36488,94,1.4497917123437842
12,1000,40,161,53.5,False,36609,95,1.461389275861127
12,1000,40,162,53.7,False,36835,95,1.4578525858558435
12,1000,40,163,53.7,False,36716,95,1.4625776228347314
12,1000,40,164,53.5,False,36806,94,1.453567353148943
12,1000,40,165,53.5,False,36650,95,1.4597544338335606
12,1000,40,166,53.3,False,36359,95,1.465936906955637
12,1000,40,167,53.5,False,36606,95,1.4615090422335135
12,1000,40,168,54.1,False,36825,95,1.469110658520027
12,1000,40,169,53.6,False,36504,95,1.4683322375630068
12,1000,40,170,54.3,False,37486,95,1.4485407885610628
12,1000,40,171,54.4,False,36841,95,1.4766157270432398
12,1000,40,172,54.2,False,36601,95,1.4808338569984427
12,1000,40,173,54.1,False,36760,95,1.47170837867247
12,1000,40,174,53.9,False,36506,95,1.4764696214320934
12,1000,40,175,224.8,True,36903,95,
12,1000,40,176,54.2,False,36697,95,1.476959969479794
12,1000,40,177,56.2,False,36574,95,1.53661070705966
12,1000,40,178,54.4,False,36957,95,1.4719809508347539
12,1000,40,179,54.0,False,36754,95,1.4692278391467595
12,1000,40,180,53.9,False,36803,95,1.4645545200119556
12,1000,40,181,54.1,False,36669,95,1.475360658867163
12,1000,40,182,54.7,False,36978,95,1.47925793715182
12,1000,40,183,54.1,False,36441,95,1.4845915315166982
12,1000,40,184,54.2,False,36558,95,1.4825756332403304
12,1000,40,185,54.1,False,36538,95,1.4806502818982976
12,1000,40,186,54.0,False,36547,95,1.4775494568637644
12,1000,40,187,53.3,False,36309,94,1.4679556032939491
12,1000,40,188,54.3,False,36753,95,1.477430413843768
12,1000,40,189,53.9,False,36607,95,1.4723959898380092
12,1000,40,190,54.1,False,36705,95,1.473913635744449
12,1000,40,191,53.7,False,36825,94,1.4582484725050917
12,1000,40,192,55.6,False,36794,94,1.5111159428167635
12,1000,40,193,54.5,False,37084,95,1.4696365009168375
12,1000,40,194,53.8,False,36639,95,1.468380687245831
12,1000,40,195,55.4,False,36676,94,1.5105245937397753
12,1000,40,196,54.9,False,36797,95,1.4919694540315787
12,1000,40,197,53.7,False,36638,95,1.4656913586986189
12,1000,40,198,53.6,False,36718,95,1.4597744975216516
12,1000,40,199,55.4,False,36671,93,1.510730550025906
12,1000,40,200,224.6,True,36478,95,
12,1000,40,201,54.1,False,36813,95,1.4695895471708365
12,1000,40,202,53.8,False,36639,95,1.468380687245831
12,1000,40,203,54.2,False,36903,95,1.4687152806004933
12,1000,40,204,53.8,False,36839,94,1.4604088058850675
12,1000,40,205,55.1,False,37710,95,1.4611508883585256
12,1000,40,206,54.3,False,36928,95,1.4704289428076256
12,1000,40,207,53.8,False,36432,95,1.476723759332455
12,1000,40,208,53.8,False,36702,94,1.4658601711078416
12,1000,40,209,54.1,False,36560,95,1.4797592997811817
12,1000,40,210,54.5,False,36894,95,1.4772049655770585
12,1000,40,211,54.3,False,37004,95,1.4674089287644578
12,1000,40,212,54.4,False,37102,95,1.4662282356746268
12,1000,40,213,54.5,False,36983,95,1.4736500554308736
12,1000,40,214,54.1,False,36807,94,1.469829108593474
12,1000,40,215,54.2,False,36683,95,1.4775236485565522
12,1000,40,216,54.5,False,37276,95,1.462066745358944
12,1000,40,217,53.3,False,36791,94,1.4487238726862548
12,1000,40,218,53.7,False,36813,95,1.4587238203895363
12,1000,40,219,53.7,False,36856,95,1.457021923160408
12,1000,40,220,54.8,False,36962,95,1.4826037552080515
12,1000,40,221,54.1,False,37038,94,1.4606620227874074
12,1000,40,222,54.1,False,36988,95,1.462636530766735
12,1000,40,223,54.0,False,36970,94,1.4606437652150392
12,1000,40,224,55.4,False,37143,95,1.491532724874135
12,1000,40,225,226.2,True,37110,94,
12,1000,40,226,54.3,False,36741,95,1.477912958275496
12,1000,40,227,54.1,False,36632,95,1.4768508407949335
12,1000,40,228,55.1,False,37752,95,1.4595253231616867
12,1000,40,229,54.0,False,36734,95,1.4700277671911581
12,1000,40,230,55.2,False,37836,95,1.4589280050745321
12,1000,40,231,54.2,False,36837,95,1.4713467437630643
12,1000,40,232,54.5,False,36829,95,1.4798121045914905
12,1000,40,233,54.1,False,37238,94,1.4528170148772759
12,1000,40,234,53.8,False,36605,95,1.4697445704138778
12,1000,40,235,54.2,False,36917,95,1.4681583010537151
12,1000,40,236,55.3,False,37690,95,1.4672326877155744
12,1000,40,237,54.4,False,36626,95,1.4852836782613443
12,1000,40,238,53.9,False,36916,94,1.4600715137067939
12,1000,40,239,54.2,False,36908,95,1.468516310826921
12,1000,40,240,54.2,False,36996,95,1.465023245756298
12,1000,40,241,54.3,False,37124,95,1.4626656610279065
12,1000,40,242,54.2,False,36987,95,1.465379728012545
12,1000,40,243,54.5,False,36946,95,1.4751258593623127
12,1000,40,244,54.3,False,36807,95,1.475262857608607
12,1000,40,245,54.1,False,36788,95,1.4705882352941178
12,1000,40,246,54.0,False,36935,94,1.4620278868282117
12,1000,40,247,55.0,False,37763,95,1.4564520827264782
12,1000,40,248,53.9,False,36778,95,1.465550057099353
12,1000,40,249,54.1,False,36876,95,1.4670788588784034
12,1000,40,250,225.7,True,36812,95,
12,1000,40,251,53.8,False,36940,94,1.4564158094206823
12,1000,40,252,53.7,False,36423,95,1.474343134832386
12,1000,40,253,53.9,False,36580,95,1.4734827774740296
12,1000,40,254,54.2,False,36763,95,1.474308407910127
12,1000,40,255,53.8,False,36650,95,1.4679399727148703
12,1000,40,256,54.1,False,36924,95,1.4651717040407324
12,1000,40,257,54.0,False,36802,95,1.4673115591543937
12,1000,40,258,54.1,False,36937,95,1.4646560359531093
12,1000,40,259,54.1,False,36851,95,1.4680741363870722
12,1000,40,260,53.7,False,36734,94,1.4618609462623182
12,1000,40,261,53.7,False,36818,94,1.4585257211146723
12,1000,40,262,53.9,False,36953,94,1.4586095851487024
12,1000,40,263,56.5,False,36705,95,1.5392998229124097
12,1000,40,264,53.8,False,36586,95,1.4705078445306947
12,1000,40,265,53.9,False,36519,95,1.4759440291355186
12,1000,40,266,54.4,False,36841,95,1.4766157270432398
12,1000,40,267,54.6,False,36802,95,1.4836150209227759
12,1000,40,268,54.2,False,36534,95,1.4835495702633164
12,1000,40,269,54.7,False,37054,95,1.476223889458628
12,1000,40,270,54.5,False,36878,95,1.477845870166495
12,1000,40,271,54.0,False,36616,95,1.474765129997815
12,1000,40,272,54.2,False,36843,95,1.4711071302554082
12,1000,40,273,54.5,False,36920,95,1.4761646803900326
12,1000,40,274,53.8,False,36664,94,1.4673794457778748
12,1000,40,275,226.3,True,36888,95,
12,1000,40,276,54.2,False,36864,95,1.4702690972222223
12,1000,40,277,53.9,False,36789,94,1.4651118540868193
12,1000,40,278,53.4,False,36607,94,1.458737399950829
12,1000,40,279,54.2,False,36775,95,1.4738273283480625
12,1000,40,280,54.8,False,37751,94,1.4516171757039549
12,1000,40,281,54.0,False,36924,94,1.4624634384140396
12,1000,40,282,53.6,False,36520,94,1.4676889375684556
12,1000,40,283,54.2,False,36827,95,1.4717462731148343
12,1000,40,284,54.4,False,36967,95,1.4715827630048421
12,1000,40,285,53.9,False,36528,95,1.4755803766973281
12,1000,40,286,54.2,False,36726,95,1.4757937156238088
12,1000,40,287,54.1,False,36820,94,1.4693101575230854
12,1000,40,288,54.0,False,36588,95,1.475893735651033
12,1000,40,289,54.1,False,36684,95,1.4747573874168576
12,1000,40,290,53.9,False,36519,95,1.4759440291355186
12,1000,40,291,53.7,False,36607,94,1.466932553883137
12,1000,40,292,54.3,False,36684,95,1.4802093555773634
12,1000,40,293,53.9,False,36804,94,1.4645147266601457
12,1000,40,294,54.5,False,36759,95,1.4826301041921706
12,1000,40,295,54.2,False,36592,95,1.4811980760822037
12,1000,40,296,54.5,False,36794,95,1.4812197640919715
12,1000,40,297,54.7,False,37719,94,1.4501975131896392
12,1000,40,298,54.5,False,37038,95,1.471461741994708
12,1000,40,299,54.2,False,36590,95,1.4812790379885215
12,1000,40,300,225.0,True,36797,95,
12,1000,40,301,55.4,False,37804,95,1.465453391175537
12,1000,40,302,54.5,False,37086,95,1.4695572453216847
12,1000,40,303,54.1,False,36757,94,1.4718284952526048
12,1000,40,304,54.6,False,36942,95,1.4779925288289752
12,1000,40,305,53.9,False,37015,93,1.4561664190193164
12,1000,40,306,55.1,False,37866,95,1.4551312523107802
12,1000,40,307,54.0,False,36756,95,1.4691478942213516
12,1000,40,308,53.9,False,36953,94,1.4586095851487024
12,1000,40,309,53.9,False,36739,95,1.4671058003756225
12,1000,40,310,53.9,False,36601,95,1.4726373596349827
12,1000,40,311,54.0,False,36877,95,1.4643273585161483
12,1000,40,312,54.2,False,36713,95,1.4763162912319887
12,1000,40,313,54.3,False,36798,95,1.4756236751997391
12,1000,40,314,54.0,False,36544,95,1.4776707530647986
12,1000,40,315,54.1,False,36786,95,1.47066818898494
12,1000,40,316,53.7,False,36807,94,1.4589616105632082
12,1000,40,317,54.0,False,36888,95,1.4638906961613534
12,1000,40,318,53.7,False,36761,94,1.4607872473545334
12,1000,40,319,54.1,False,36841,95,1.4684726256073397
12,1000,40,320,53.8,False,36440,95,1.4763995609220637
12,1000,40,321,53.8,False,36550,95,1.4719562243502051
12,1000,40,322,54.6,False,37030,95,1.4744801512287335
12,1000,40,323,53.6,False,36499,95,1.4685333844762871
12,1000,40,324,53.7,False,36802,94,1.4591598282702027
12,1000,40,325,223.4,True,36681,95,
12,1000,40,326,53.7,False,36907,95,1.4550085349662665
12,1000,40,327,53.3,False,36479,94,1.461114613887442
12,1000,40,328,53.4,False,36661,94,1.4565887455334006
12,1000,40,329,53.4,False,36373,95,1.4681219585956615
12,1000,40,330,53.7,False,36774,95,1.4602708435307554
12,1000,40,331,53.3,False,36422,95,1.4634012410081818
12,1000,40,332,53.8,False,37114,94,1.4495877566416986
12,1000,40,333,53.3,False,36607,95,1.456005681973393
12,1000,40,334,53.4,False,36574,95,1.4600535899819544
12,1000,40,335,53.8,False,36758,95,1.463626965558518
12,1000,40,336,53.8,False,37014,94,1.4535040795374723
12,1000,40,337,53.6,False,36852,94,1.4544665147074785
12,1000,40,338,53.6,False,36755,94,1.4583049925180247
12,1000,40,339,53.7,False,36753,95,1.4611052159007427
12,1000,40,340,53.6,False,36724,95,1.4595359982572704
12,1000,40,341,53.3,False,36492,95,1.4605941028170557
12,1000,40,342,53.1,False,36184,95,1.4674994472695113
12,1000,40,343,52.8,False,36212,94,1.4580801944106927
12,1000,40,344,54.1,False,36734,94,1.4727500408341045
12,1000,40,345,53.5,False,36588,95,1.4622280529135236
12,1000,40,346,53.9,False,36924,95,1.459755172787347
12,1000,40,347,53.3,False,36803,94,1.4482515012363122
12,1000,40,348,53.4,False,36674,95,1.4560724218792604
12,1000,40,349,53.6,False,36553,95,1.4663639099389927
12,1000,40,350,223.4,True,36366,95,
12,1000,40,351,53.6,False,36673,95,1.461565729555804
12,1000,40,352,53.3,False,36713,94,1.4518018140713098
12,1000,40,353,53.5,False,36605,95,1.4615489687201202
12,1000,40,354,53.8,False,36806,95,1.4617181981198717
12,1000,40,355,53.2,False,36606,93,1.4533136644265967
12,1000,40,356,53.6,False,36714,94,1.4599335403388354
12,1000,40,357,54.4,False,37475,95,1.4516344229486324
12,1000,40,358,53.9,False,36634,95,1.4713108041709888
12,1000,40,359,53.9,False,36856,95,1.462448448013892
12,1000,40,360,54.1,False,36769,95,1.4713481465364846
12,1000,40,361,53.9,False,36591,95,1.4730398185346123
12,1000,40,362,53.9,False,36672,95,1.4697862129144852
12,1000,40,363,53.5,False,36666,95,1.4591174384988819
12,1000,40,364,53.6,False,36300,95,1.4765840220385675
12,1000,40,365,54.1,False,36998,95,1.4622412022271474
12,1000,40,366,53.9,False,36583,95,1.4733619440723833
12,1000,40,367,53.6,False,36480,95,1.469298245614035
12,1000,40,368,53.7,False,36697,95,1.4633348775104231
12,1000,40,369,54.0,False,36904,95,1.463256015608064
12,1000,40,370,53.5,False,36441,95,1.4681265607420213
12,1000,40,371,53.9,False,36944,94,1.4589649198787353
12,1000,40,372,54.0,False,36756,95,1.4691478942213516
12,1000,40,373,53.7,False,36642,95,1.465531357458654
12,1000,40,374,53.9,False,36811,95,1.4642362337344816
12,1000,40,375,223.6,True,36452,95,
12,1000,40,376,53.4,False,36281,95,1.4718447672335382
12,1000,40,377,54.0,False,37079,94,1.456349955500418
12,1000,40,378,53.4,False,36275,95,1.4720882150241212
12,1000,40,379,53.7,False,36582,95,1.4679350500246022
12,1000,40,380,53.9,False,36694,95,1.4689049980923312
12,1000,40,381,53.4,False,36357,95,1.4687680501691558
12,1000,40,382,53.4,False,36310,95,1.470669237124759
12,1000,40,383,53.8,False,36657,95,1.467659655727419
12,1000,40,384,53.7,False,36710,94,1.4628166712067556
12,1000,40,385,54.6,False,37568,95,1.4533645655877343
12,1000,40,386,53.7,False,36576,95,1.4681758530183726
12,1000,40,387,54.8,False,37621,95,1.456633263336966
12,1000,40,388,53.8,False,36549,95,1.4719964978521984
12,1000,40,389,53.7,False,36475,95,1.4722412611377655
12,1000,40,390,54.2,False,36938,95,1.4673236233688884
12,1000,40,391,53.9,False,36839,95,1.4631233203941476
12,1000,40,392,55.1,False,37628,95,1.4643350696289996
12,1000,40,393,53.7,False,36446,94,1.4734127201887723
12,1000,40,394,53.8,False,36408,95,1.4776972094045264
12,1000,40,395,53.6,False,36279,95,1.477438738664241
12,1000,40,396,53.7,False,36514,95,1.470668784575779
12,1000,40,397,53.9,False,36640,95,1.4710698689956332
12,1000,40,398,53.9,False,36695,95,1.4688649679792887
12,1000,40,399,53.9,False,36930,93,1.4595180070403466
12,1000,40,400,223.1,True,36548,94,
12,1000,40,401,54.4,False,36607,95,1.4860545797251892
12,1000,40,402,53.9,False,36520,95,1.4759036144578312
12,1000,40,403,53.9,False,36692,95,1.4689850648642755
12,1000,40,404,53.7,False,36417,94,1.4745860449789934
12,1000,40,405,53.7,False,36552,94,1.46913985554826
12,1000,40,406,53.9,False,36795,95,1.4648729446935724
12,1000,40,407,54.7,False,37561,95,1.456297755650808
12,1000,40,408,54.5,False,37522,95,1.4524812110228666
12,1000,40,409,53.3,False,36300,95,1.4683195592286502
12,1000,40,410,53.5,False,36354,95,1.4716399845959178
12,1000,40,411,54.3,False,37465,94,1.449352729213933
12,1000,40,412,53.7,False,36673,94,1.4642925312900499
12,1000,40,413,54.0,False,36707,95,1.4711090527692265
12,1000,40,414,54.1,False,36832,95,1.4688314509122502
12,1000,40,415,54.4,False,37462,94,1.4521381666755646
12,1000,40,416,53.6,False,36619,94,1.4637210191430678
12,1000,40,417,53.9,False,36813,94,1.4641566837801863
12,1000,40,418,53.3,False,36252,94,1.4702637095884366
12,1000,40,419,53.9,False,36579,95,1.4735230596790507
12,1000,40,420,53.5,False,36383,94,1.4704669763351015
12,1000,40,421,54.4,False,37437,94,1.4531078879183694
12,1000,40,422,53.7,False,36495,95,1.4714344430743937
12,1000,40,423,53.9,False,36729,95,1.4675052410901468
12,1000,40,424,53.7,False,36530,95,1.4700246372844237
12,1000,40,425,225.3,True,36630,94,
12,1000,40,426,53.2,False,36120,95,1.4728682170542635
12,1000,40,427,53.7,False,36623,95,1.4662916746306967
12,1000,40,428,53.4,False,36512,95,1.462532865907099
12,1000,40,429,53.4,False,36349,95,1.469091309251974
12,1000,40,430,53.1,False,36280,94,1.4636163175303198
12,1000,40,431,53.8,False,36717,95,1.4652613230928453
12,1000,40,432,53.5,False,36564,95,1.4631878350289902
12,1000,40,433,53.1,False,36486,94,1.4553527380365072
12,1000,40,434,53.6,False,36689,95,1.4609283436452343
12,1000,40,435,53.6,False,36375,95,1.4735395189003437
12,1000,40,436,53.8,False,36586,95,1.4705078445306947
12,1000,40,437,53.5,False,36501,95,1.4657132681296403
12,1000,40,438,53.4,False,36771,94,1.4522313779880884
12,1000,40,439,53.5,False,36485,95,1.4663560367274222
12,1000,40,440,53.5,False,36599,95,1.4617885734582912
12,1000,40,441,53.7,False,36645,95,1.465411379451494
12,1000,40,442,53.4,False,36377,95,1.4679605245072436
12,1000,40,443,53.1,False,36064,95,1.4723824312333629
12,1000,40,444,53.3,False,36325,95,1.4673090158293187
12,1000,40,445,53.1,False,36187,94,1.467377787603283
12,1000,40,446,53.4,False,36378,95,1.4679201715322447
12,1000,40,447,53.6,False,36610,95,1.4640808522261677
12,1000,40,448,53.4,False,36495,94,1.4632141389231401
12,1000,40,449,54.0,False,37431,94,1.4426544842510218
12,1000,40,450,222.5,True,36572,95,
12,1000,40,451,53.5,False,36387,95,1.470305328826229
12,1000,40,452,53.1,False,36243,95,1.465110504097343
12,1000,40,453,55.1,False,35924,95,1.53379356419107
12,1000,40,454,53.3,False,36616,94,1.4556478042385843
12,1000,40,455,53.4,False,36259,95,1.4727378030282137
12,1000,40,456,53.7,False,36495,95,1.4714344430743937
12,1000,40,457,53.1,False,35913,94,1.4785732186116447
12,1000,40,458,53.3,False,36265,95,1.4697366606921274
12,1000,40,459,53.3,False,36435,95,1.4628790997667078
12,1000,40,460,53.3,False,36295,95,1.4685218349634936
12,1000,40,461,53.4,False,36390,95,1.4674361088211048
12,1000,40,462,53.4,False,36475,95,1.4640164496230295
12,1000,40,463,53.6,False,36283,95,1.4772758592178155
12,1000,40,464,53.1,False,36241,95,1.4651913578543638
12,1000,40,465,53.6,False,36671,95,1.4616454419023206
12,1000,40,466,53.3,False,36342,95,1.4666226404710803
12,1000,40,467,53.1,False,36099,95,1.4709548740962353
12,1000,40,468,53.3,False,36337,95,1.4668244489088258
12,1000,40,469,52.6,False,36048,94,1.4591655570350643
12,1000,40,470,53.0,False,36407,94,1.4557640014282967
12,1000,40,471,53.4,False,36409,95,1.466670328764866
12,1000,40,472,52.8,False,36041,94,1.4649981964984324
12,1000,40,473,53.2,False,36495,94,1.4577339361556378
12,1000,40,474,53.7,False,36417,94,1.4745860449789934
12,1000,40,475,220.4,True,36162,95,
12,1000,40,476,53.5,False,36581,95,1.4625078592712064
12,1000,40,477,54.0,False,37159,95,1.4532145644393013
12,1000,40,478,53.9,False,37174,95,1.4499381287996986
12,1000,40,479,53.2,False,36257,95,1.467302865653529
12,1000,40,480,53.1,False,36362,94,1.4603157142071392
12,1000,40,481,53.6,False,36514,95,1.467930108999288
12,1000,40,482,53.0,False,36367,93,1.4573651937195808
12,1000,40,483,53.1,False,36160,95,1.4684734513274336
12,1000,40,484,53.4,False,36289,95,1.4715202954063216
12,1000,40,485,53.1,False,36130,94,1.4696927760863547
12,1000,40,486,53.1,False,36485,94,1.4553926271070303
12,1000,40,487,53.0,False,36312,95,1.4595725930821768
12,1000,40,488,53.7,False,36300,95,1.4793388429752066
12,1000,40,489,52.8,False,36080,94,1.4634146341463414
12,1000,40,490,53.0,False,35897,94,1.4764464997074964
12,1000,40,491,53.7,False,36509,95,1.4708701963899313
12,1000,40,492,53.7,False,36386,95,1.4758423569504755
12,1000,40,493,54.6,False,36457,95,1.4976547713744959
12,1000,40,494,53.8,False,37353,94,1.4403126924209568
12,1000,40,495,53.3,False,36409,95,1.4639237551154933
12,1000,40,496,52.9,False,36151,94,1.4633066858454815
12,1000,40,497,53.4,False,36373,95,1.4681219585956615
12,1000,40,498,53.2,False,36316,95,1.4649190439475712
12,1000,40,499,53.2,False,36352,95,1.463468309859155
12,1000,40,500,219.2,True,36032,95,
13,2000,5,1,106.6,False,65943,95,1.616547624463552
13,2000,5,2,105.1,False,65715,95,1.5993304420604124
13,2000,5,3,104.1,False,65176,94,1.5972136982938505
13,2000,5,4,105.6,False,65984,95,1.600387972841901
13,2000,5,5,106.6,False,66798,95,1.5958561633581845
13,2000,5,6,106.7,False,66888,95,1.5952039229757207
13,2000,5,7,104.5,False,65375,94,1.598470363288719
13,2000,5,8,105.8,False,66050,95,1.6018168054504163
13,2000,5,9,104.7,False,65010,95,1.6105214582371943
13,2000,5,10,104.6,False,65508,94,1.5967515417964218
13,2000,5,11,104.4,False,65204,94,1.6011287651064352
13,2000,5,12,105.1,False,66016,95,1.5920382937469704
13,2000,5,13,106.3,False,66743,95,1.5926763855385584
13,2000,5,14,103.8,False,65348,92,1.5884189263634694
13,2000,5,15,103.3,False,64386,94,1.6043860466561053
13,2000,5,16,106.3,False,65194,95,1.6305181458416418
13,2000,5,17,106.3,False,66741,95,1.592724112614435
13,2000,5,18,105.2,False,65486,95,1.606450233637724
13,2000,5,19,105.1,False,64808,95,1.6217133687199112
13,2000,5,20,106.0,False,65525,95,1.6177031667302557
13,2000,5,21,104.5,False,65074,95,1.6058640931862187
13,2000,5,22,105.8,False,66127,95,1.5999516082689371
13,2000,5,23,105.5,False,65503,95,1.6106132543547624
13,2000,5,24,104.2,False,65289,94,1.5959809462543462
13,2000,5,25,435.8,True,65214,95,
13,2000,5,26,104.6,False,64946,95,1.6105687802174113
13,2000,5,27,105.0,False,65777,95,1.5963026589841434
13,2000,5,28,105.4,False,65946,95,1.5982773784611652
13,2000,5,29,104.8,False,65577,95,1.598121292526343
13,2000,5,30,104.3,False,64561,95,1.6155264013878348
13,2000,5,31,105.0,False,65429,95,1.60479298170536
13,2000,5,32,105.3,False,66101,95,1.593016747099136
13,2000,5,33,104.8,False,65757,95,1.5937466733579695
13,2000,5,34,105.6,False,66072,95,1.5982564475118053
13,2000,5,35,105.9,False,64531,95,1.6410717329655515
13,2000,5,36,105.6,False,66019,95,1.599539526499947
13,2000,5,37,105.0,False,65632,95,1.5998293515358362
13,2000,5,38,104.3,False,64624,95,1.6139514731369151
13,2000,5,39,103.1,False,64513,94,1.5981275091841953
13,2000,5,40,105.1,False,65527,95,1.603918995223343
13,2000,5,41,105.2,False,65518,95,1.6056656186086267
13,2000,5,42,104.3,False,65385,94,1.595167087252428
13,2000,5,43,104.5,False,65402,94,1.5978104645117885
13,2000,5,44,104.4,False,65673,95,1.5896943949568316
13,2000,5,45,104.0,False,64856,94,1.6035524855063525
13,2000,5,46,105.5,False,66110,95,1.5958251399183179
13,2000,5,47,104.1,False,65334,94,1.5933510882542015
13,2000,5,48,104.9,False,65501,95,1.6015022671409598
13,2000,5,49,104.7,False,65187,95,1.6061484651847762
13,2000,5,50,408.3,True,64849,95,
13,2000,5,51,104.8,False,65279,95,1.6054167496438365
13,2000,5,52,105.2,False,65702,95,1.6011689141883048
13,2000,5,53,104.8,False,65629,94,1.5968550488351185
13,2000,5,54,105.5,False,65405,95,1.613026527023928
13,2000,5,55,104.9,False,65476,95,1.602113751603641
13,2000,5,56,105.0,False,65969,95,1.5916566872318816
13,2000,5,57,104.2,False,65229,94,1.5974489874135738
13,2000,5,58,103.5,False,64973,94,1.5929693872839488
13,2000,5,59,104.9,False,65858,95,1.5928209177320902
13,2000,5,60,104.8,False,65310,95,1.6046547236257847
13,2000,5,61,105.0,False,65716,94,1.5977844056242012
13,2000,5,62,105.4,False,66163,95,1.5930353823133776
13,2000,5,63,103.8,False,64813,94,1.6015305571413143
13,2000,5,64,106.1,False,66133,95,1.6043427638244145
13,2000,5,65,104.8,False,65698,94,1.595177935401382
13,2000,5,66,104.7,False,65491,95,1.59869295017636
13,2000,5,67,104.4,False,65467,94,1.5946965646814426
13,2000,5,68,104.3,False,65329,94,1.5965344640205728
13,2000,5,69,104.4,False,65337,95,1.5978695073235685
13,2000,5,70,105.2,False,65650,95,1.6024371667936024
13,2000,5,71,103.5,False,64649,93,1.6009528376308992
13,2000,5,72,103.7,False,64883,94,1.5982614860595226
13,2000,5,73,105.1,False,65512,95,1.6042862376358529
13,2000,5,74,104.8,False,65278,95,1.6054413431784063
13,2000,5,75,408.2,True,65321,94,
13,2000,5,76,105.7,False,66204,95,1.5965802670533502
13,2000,5,77,104.7,False,65520,94,1.597985347985348
13,2000,5,78,107.2,False,65586,95,1.6344951666514196
13,2000,5,79,106.1,False,65407,95,1.6221505343464766
13,2000,5,80,104.4,False,65032,95,1.6053635133472752
13,2000,5,81,104.5,False,65055,95,1.6063331027592038
13,2000,5,82,105.2,False,66050,95,1.5927327781983347
13,2000,5,83,105.2,False,65684,95,1.6016076974605689
13,2000,5,84,104.3,False,64911,95,1.6068154858190444
13,2000,5,85,104.8,False,65313,94,1.604581017561588
13,2000,5,86,104.5,False,65304,95,1.6002082567683449
13,2000,5,87,106.9,False,66733,95,1.60190610342709
13,2000,5,88,105.8,False,65984,95,1.6034190106692532
13,2000,5,89,105.5,False,65867,95,1.6017125419405773
13,2000,5,90,105.3,False,65311,95,1.6122858324018925
13,2000,5,91,104.9,False,65411,94,1.6037057987188699
13,2000,5,92,105.4,False,65234,95,1.6157218628322654
13,2000,5,93,105.2,False,65895,94,1.596479247287351
13,2000,5,94,106.1,False,65888,95,1.6103084021369596
13,2000,5,95,104.0,False,65383,92,1.590627533150819
13,2000,5,96,106.2,False,66235,95,1.6033818977881784
13,2000,5,97,105.9,False,65635,95,1.6134684238592214
13,2000,5,98,105.3,False,65330,95,1.6118169294351752
13,2000,5,99,105.7,False,65955,95,1.6026078386778864
13,2000,5,100,409.5,True,65334,94,
13,2000,5,101,103.5,False,64387,92,1.6074673458928044
13,2000,5,102,104.8,False,64712,95,1.6194832488564717
13,2000,5,103,107.3,False,66831,95,1.6055423381364935
13,2000,5,104,105.2,False,65476,95,1.6066955831144236
13,2000,5,105,104.1,False,64860,94,1.604995374653099
13,2000,5,106,105.8,False,65836,95,1.6070235129716264
13,2000,5,107,104.5,False,64685,95,1.6155213728066786
13,2000,5,108,106.1,False,66126,95,1.6045125971629919
13,2000,5,109,105.3,False,65296,95,1.6126562117128156
13,2000,5,110,103.7,False,65492,92,1.5833994991754718
13,2000,5,111,105.7,False,65571,95,1.6119931067087585
13,2000,5,112,105.6,False,65935,95,1.6015773109880944
13,2000,5,113,105.8,False,66197,95,1.5982597398673657
13,2000,5,114,104.8,False,65510,95,1.5997557624790109
13,2000,5,115,105.0,False,65510,95,1.6028087314913753
13,2000,5,116,107.1,False,66101,95,1.6202478026051044
13,2000,5,117,103.9,False,64547,94,1.6096797682309014
13,2000,5,118,105.2,False,65598,95,1.6037074301045764
13,2000,5,119,104.5,False,65029,94,1.6069753494594718
13,2000,5,120,104.6,False,65408,94,1.599192759295499
13,2000,5,121,104.8,False,65083,95,1.6102515249758
13,2000,5,122,106.0,False,66078,95,1.6041647749629226
13,2000,5,123,104.2,False,64978,92,1.6036196866631782
13,2000,5,124,106.3,False,65456,95,1.6239916890735762
13,2000,5,125,408.9,True,64814,95,
13,2000,5,126,105.4,False,65437,95,1.610709537417669
13,2000,5,127,105.3,False,65386,95,1.610436484874438
13,2000,5,128,106.8,False,67085,94,1.5920101363941268
13,2000,5,129,105.7,False,65577,94,1.6118456166033823
13,2000,5,130,105.6,False,66001,95,1.5999757579430616
13,2000,5,131,105.0,False,65602,94,1.6005609585073626
13,2000,5,132,105.3,False,66051,95,1.5942226461370759
13,2000,5,133,104.3,False,65306,94,1.597096744556396
13,2000,5,134,105.7,False,66153,95,1.5978111347935846
13,2000,5,135,104.4,False,64768,95,1.6119071146245059
13,2000,5,136,105.4,False,65102,95,1.6189978802494547
13,2000,5,137,104.5,False,64962,95,1.6086327391398048
13,2000,5,138,105.1,False,65746,95,1.598576339244973
13,2000,5,139,113.1,False,65099,94,1.7373538764036314
13,2000,5,140,104.1,False,64908,94,1.6038084673691995
13,2000,5,141,105.1,False,65484,95,1.6049722069513164
13,2000,5,142,106.9,False,66665,95,1.6035400885022126
13,2000,5,143,105.2,False,65182,95,1.613942499463042
13,2000,5,144,104.6,False,65163,94,1.6052054079769194
13,2000,5,145,104.9,False,65215,94,1.6085256459403512
13,2000,5,146,106.9,False,67067,95,1.5939284596001013
13,2000,5,147,104.3,False,65261,94,1.598198004934034
13,2000,5,148,104.3,False,64709,94,1.6118314299401937
13,2000,5,149,105.6,False,65888,95,1.602719766877125
13,2000,5,150,408.0,True,65002,94,
13,2000,5,151,104.1,False,64809,94,1.6062583900384206
13,2000,5,152,104.6,False,65327,94,1.601175624167649
13,2000,5,153,105.6,False,66183,95,1.5955759031775532
13,2000,5,154,103.7,False,65124,93,1.592346907438118
13,2000,5,155,105.8,False,66284,95,1.5961619697061131
13,2000,5,156,104.7,False,65157,94,1.606887978267876
13,2000,5,157,105.2,False,65827,95,1.5981284275449283
13,2000,5,158,104.5,False,65515,94,1.595054567656262
13,2000,5,159,105.1,False,65460,95,1.6055606477238007
13,2000,5,160,105.0,False,65947,95,1.592187665852882
13,2000,5,161,104.1,False,65027,94,1.6008734833223122
13,2000,5,162,105.0,False,65722,95,1.5976385380846596
13,2000,5,163,104.8,False,65409,95,1.6022259933648275
13,2000,5,164,105.3,False,65986,95,1.5957930470099717
13,2000,5,165,105.7,False,66115,95,1.5987294865007942
13,2000,5,166,104.7,False,65015,95,1.6103976005537184
13,2000,5,167,104.1,False,64680,95,1.6094619666048238
13,2000,5,168,104.3,False,64582,95,1.6150010838933448
13,2000,5,169,104.7,False,65385,95,1.601284698325304
13,2000,5,170,106.7,False,67026,95,1.5919195536060633
13,2000,5,171,103.2,False,64444,93,1.6013903544162373
13,2000,5,172,105.2,False,66056,95,1.5925881070606758
13,2000,5,173,104.5,False,64858,95,1.6112121866230842
13,2000,5,174,105.0,False,65821,95,1.5952355631181538
13,2000,5,175,406.7,True,65596,95,
13,2000,5,176,104.4,False,65220,95,1.6007359705611774
13,2000,5,177,105.0,False,65915,95,1.592960631115831
13,2000,5,178,104.5,False,65227,94,1.6020972909991262
13,2000,5,179,106.2,False,66309,95,1.6015925439985523
13,2000,5,180,103.8,False,65127,92,1.5938090193007508
13,2000,5,181,105.5,False,65870,95,1.6016395931379992
13,2000,5,182,104.4,False,65439,94,1.5953789024893412
13,2000,5,183,105.0,False,65543,95,1.602001739316174
13,2000,5,184,104.9,False,65699,95,1.5966757484893226
13,2000,5,185,104.3,False,65120,94,1.6016584766584767
13,2000,5,186,105.5,False,66350,95,1.5900527505651847
13,2000,5,187,103.6,False,64717,94,1.600815859820449
13,2000,5,188,104.9,False,65810,95,1.5939826774046497
13,2000,5,189,104.7,False,65439,95,1.5999633246229312
13,2000,5,190,103.7,False,64658,94,1.603823192799035
13,2000,5,191,104.5,False,65274,95,1.600943714189417
13,2000,5,192,102.9,False,64674,93,1.5910566842935336
13,2000,5,193,104.0,False,64884,95,1.602860489488934
13,2000,5,194,104.1,False,65350,94,1.5929609793420045
13,2000,5,195,103.9,False,65136,93,1.5951240481454187
13,2000,5,196,105.8,False,66220,94,1.5977046209604349
13,2000,5,197,103.8,False,65300,94,1.5895865237366003
13,2000,5,198,105.2,False,66036,95,1.593070446423163
13,2000,5,199,106.3,False,65522,95,1.6223558499435304
13,2000,5,200,406.6,True,65118,95,
13,2000,5,201,103.1,False,65102,92,1.5836687044944855
13,2000,5,202,104.7,False,65191,95,1.606049914865549
13,2000,5,203,104.8,False,66252,94,1.5818390388214696
13,2000,5,204,105.1,False,66085,95,1.5903760308693349
13,2000,5,205,106.0,False,66770,95,1.5875393140632021
13,2000,5,206,104.2,False,65313,95,1.5953944850182966
13,2000,5,207,105.7,False,66214,95,1.5963391427794726
13,2000,5,208,105.2,False,66074,95,1.5921542512940037
13,2000,5,209,104.2,False,65636,94,1.5875434212931927
13,2000,5,210,104.2,False,65423,94,1.5927120431652477
13,2000,5,211,103.7,False,65321,94,1.5875445874986605
13,2000,5,212,104.5,False,65217,95,1.6023429473910176
13,2000,5,213,105.1,False,65300,95,1.6094946401225114
13,2000,5,214,105.3,False,66263,95,1.589122134524546
13,2000,5,215,104.5,False,65918,94,1.5853029521526745
13,2000,5,216,104.9,False,65321,95,1.6059154023973914
13,2000,5,217,104.9,False,65802,95,1.5941764688003404
13,2000,5,218,103.7,False,65221,94,1.5899786878459392
13,2000,5,219,104.2,False,65294,95,1.5958587312769932
13,2000,5,220,102.9,False,64443,94,1.5967599273776827
13,2000,5,221,103.2,False,64917,93,1.589722260732936
13,2000,5,222,104.7,False,65032,95,1.6099766268913767
13,2000,5,223,104.5,False,65275,95,1.6009191880505553
13,2000,5,224,104.1,False,65166,94,1.5974587975324557
13,2000,5,225,405.2,True,64656,95,
13,2000,5,226,104.0,False,65457,94,1.5888293077898468
13,2000,5,227,105.1,False,65823,95,1.5967063184601127
13,2000,5,228,106.3,False,66806,95,1.591174445409095
13,2000,5,229,105.0,False,66066,95,1.589319771137953
13,2000,5,230,106.3,False,67050,95,1.5853840417598808
13,2000,5,231,104.1,False,65348,94,1.5930097325090287
13,2000,5,232,105.0,False,65551,95,1.6018062272123994
13,2000,5,233,103.5,False,65368,93,1.5833435320034268
13,2000,5,234,106.0,False,66226,95,1.600579832694108
13,2000,5,235,105.1,False,66208,95,1.5874214596423393
13,2000,5,236,106.6,False,66807,95,1.595641175325939
13,2000,5,237,104.2,False,64668,95,1.6113069833611677
13,2000,5,238,104.5,False,65729,94,1.589861400599431
13,2000,5,239,104.8,False,65580,95,1.598048185422385
13,2000,5,240,105.1,False,65573,95,1.6027938328275357
13,2000,5,241,104.1,False,65463,94,1.590211264378351
13,2000,5,242,104.7,False,65267,95,1.604179753933841
13,2000,5,243,104.6,False,64562,95,1.6201480747188748
13,2000,5,244,104.5,False,65121,94,1.6047050874525883
13,2000,5,245,104.8,False,65082,94,1.6102762668633417
13,2000,5,246,106.0,False,66077,95,1.604189052166412
13,2000,5,247,106.9,False,66794,95,1.6004431535766686
13,2000,5,248,105.6,False,65917,95,1.6020146547931489
13,2000,5,249,103.6,False,64630,94,1.6029707566145752
13,2000,5,250,406.5,True,65526,95,
13,2000,5,251,104.0,False,64592,94,1.6101065147386673
13,2000,5,252,106.0,False,65967,95,1.606864038079646
13,2000,5,253,105.5,False,65370,95,1.613890163683647
13,2000,5,254,104.4,False,64778,93,1.6116582790453549
13,2000,5,255,105.9,False,66007,95,1.6043752935294742
13,2000,5,256,105.5,False,65185,95,1.618470507018486
13,2000,5,257,108.0,False,65148,95,1.6577638607478358
13,2000,5,258,104.8,False,65422,95,1.6019076151753233
13,2000,5,259,105.7,False,65741,95,1.6078246451985823
13,2000,5,260,105.5,False,65329,95,1.6149030292825544
13,2000,5,261,105.8,False,66025,95,1.6024233244982962
13,2000,5,262,105.9,False,65974,95,1.6051777973140935
13,2000,5,263,105.5,False,65612,95,1.6079375723952936
13,2000,5,264,103.8,False,64541,93,1.608280008056894
13,2000,5,265,104.9,False,65026,95,1.6132008734967551
13,2000,5,266,106.0,False,65977,95,1.6066204889582734
13,2000,5,267,105.6,False,65936,95,1.6015530211113806
13,2000,5,268,108.0,False,65415,95,1.6509974776427425
13,2000,5,269,104.9,False,64999,95,1.613870982630502
13,2000,5,270,105.3,False,66032,95,1.5946813666101285
13,2000,5,271,105.0,False,65138,95,1.6119622954343087
13,2000,5,272,105.2,False,65296,95,1.6111247243322715
13,2000,5,273,103.3,False,64812,93,1.5938406467938036
13,2000,5,274,105.6,False,66082,95,1.5980145879362004
13,2000,5,275,407.8,True,65438,95,
13,2000,5,276,105.5,False,65389,95,1.6134212176359939
13,2000,5,277,106.0,False,66257,95,1.5998309612569237
13,2000,5,278,104.9,False,65218,93,1.608451654451225
13,2000,5,279,105.3,False,65368,95,1.6108799412556603
13,2000,5,280,106.9,False,66711,95,1.6024343811365442
13,2000,5,281,105.3,False,65250,95,1.6137931034482758
13,2000,5,282,105.8,False,66006,95,1.602884586249735
13,2000,5,283,104.7,False,65243,95,1.6047698603681622
13,2000,5,284,104.1,False,64978,94,1.6020807042383576
13,2000,5,285,104.1,False,65034,94,1.6007011716948059
13,2000,5,286,103.8,False,64976,93,1.597512927850283
13,2000,5,287,105.7,False,66049,95,1.600327029932323
13,2000,5,288,106.0,False,66048,95,1.604893410852713
13,2000,5,289,104.0,False,65251,93,1.593845305052796
13,2000,5,290,105.6,False,65886,95,1.602768418176851
13,2000,5,291,105.1,False,65414,95,1.6066896994527164
13,2000,5,292,104.6,False,65231,94,1.6035320629761922
13,2000,5,293,104.0,False,64974,94,1.6006402561024409
13,2000,5,294,105.2,False,65511,94,1.6058371876478759
13,2000,5,295,105.1,False,65406,94,1.60688621838975
13,2000,5,296,104.3,False,64425,94,1.6189367481567714
13,2000,5,297,107.4,False,66867,95,1.6061734487863968
13,2000,5,298,105.3,False,65304,95,1.6124586549062845
13,2000,5,299,104.5,False,65488,93,1.5957121915465429
13,2000,5,300,407.3,True,65592,95,
13,2000,5,301,107.2,False,66847,95,1.6036620940356336
13,2000,5,302,106.3,False,65955,95,1.611704950344932
13,2000,5,303,105.4,False,65668,95,1.6050435524151794
13,2000,5,304,105.7,False,65737,95,1.607922478969226
13,2000,5,305,104.4,False,64598,95,1.6161491067834917
13,2000,5,306,107.6,False,66854,95,1.60947736859425
13,2000,5,307,105.0,False,65354,95,1.6066346359824952
13,2000,5,308,104.4,False,65266,94,1.599607759016946
13,2000,5,309,105.1,False,65065,95,1.615307769153923
13,2000,5,310,104.5,False,64671,95,1.6158711014210387
13,2000,5,311,105.2,False,65535,94,1.6052491035324636
13,2000,5,312,104.4,False,64938,94,1.6076873325325696
13,2000,5,313,105.0,False,65483,94,1.6034696027976727
13,2000,5,314,104.8,False,64537,95,1.6238746765421386
13,2000,5,315,105.4,False,65170,94,1.617308577566365
13,2000,5,316,105.2,False,65490,94,1.606352114826691
13,2000,5,317,105.3,False,65324,95,1.6119649745882065
13,2000,5,318,104.4,False,65351,93,1.5975271992777462
13,2000,5,319,105.1,False,65583,95,1.6025494411661558
13,2000,5,320,104.7,False,65362,94,1.6018481686606898
13,2000,5,321,104.5,False,64921,95,1.6096486498975677
13,2000,5,322,104.6,False,65077,95,1.6073267052875824
13,2000,5,323,104.8,False,65360,94,1.6034271725826192
13,2000,5,324,106.0,False,66082,95,1.6040676734965649
13,2000,5,325,407.6,True,65344,95,
13,2000,5,326,104.9,False,65490,94,1.601771262788212
13,2000,5,327,104.3,False,65224,94,1.5991046240647615
13,2000,5,328,105.9,False,65897,95,1.6070534318709502
13,2000,5,329,104.8,False,65334,94,1.6040652646401568
13,2000,5,330,104.5,False,65610,94,1.5927450083828685
13,2000,5,331,105.3,False,65938,95,1.5969547150353363
13,2000,5,332,103.4,False,64580,93,1.6011148962527098
13,2000,5,333,105.5,False,65427,95,1.6124841426322467
13,2000,5,334,106.1,False,66161,95,1.6036637898459818
13,2000,5,335,104.3,False,64740,95,1.6110596231078158
13,2000,5,336,104.9,False,65541,95,1.6005248622999344
13,2000,5,337,104.6,False,65115,94,1.6063886969208323
13,2000,5,338,105.4,False,65544,95,1.6080800683510315
13,2000,5,339,107.0,False,65926,95,1.623031884233838
13,2000,5,340,106.1,False,65761,95,1.6134182874348018
13,2000,5,341,103.8,False,64955,93,1.5980294049726733
13,2000,5,342,104.2,False,64763,94,1.6089433781634574
13,2000,5,343,104.5,False,64706,95,1.6149970636417024
13,2000,5,344,106.2,False,66070,95,1.6073861056455274
13,2000,5,345,104.4,False,65257,93,1.5998283709027383
13,2000,5,346,105.2,False,65450,95,1.6073338426279602
13,2000,5,347,105.4,False,65447,94,1.6104634284229988
13,2000,5,348,104.4,False,65900,94,1.5842185128983308
13,2000,5,349,103.9,False,64647,94,1.6071898154593407
13,2000,5,350,407.9,True,65481,95,
13,2000,5,351,100.7,False,66231,95,1.5204360495840317
13,2000,5,352,104.8,False,65191,95,1.6075838689389639
13,2000,5,353,105.1,False,65482,94,1.6050212272074769
13,2000,5,354,104.7,False,65539,95,1.5975220860861472
13,2000,5,355,105.1,False,65622,94,1.6015970253878273
13,2000,5,356,105.9,False,66274,95,1.5979116999124845
13,2000,5,357,107.1,False,66988,95,1.5987938138174
13,2000,5,358,103.6,False,64420,94,1.608196212356411
13,2000,5,359,104.3,False,65343,93,1.5961924001040662
13,2000,5,360,105.9,False,65666,95,1.6127067279870861
13,2000,5,361,104.0,False,65316,93,1.5922591708004163
13,2000,5,362,104.6,False,64903,95,1.6116358257707657
13,2000,5,363,104.8,False,65344,95,1.6038197845249755
13,2000,5,364,104.6,False,64762,94,1.6151446836107595
13,2000,5,365,104.9,False,64936,94,1.615436737710977
13,2000,5,366,105.2,False,65670,94,1.6019491396375818
13,2000,5,367,104.9,False,65324,95,1.6058416508480804
13,2000,5,368,105.2,False,65222,95,1.6129526846769495
13,2000,5,369,105.2,False,65637,95,1.6027545439310145
13,2000,5,370,105.7,False,66228,95,1.5960016911276198
13,2000,5,371,104.4,False,65264,94,1.5996567786222113
13,2000,5,372,106.3,False,66216,95,1.6053521807418147
13,2000,5,373,106.3,False,66294,95,1.6034633601834254
13,2000,5,374,108.8,False,65506,95,1.6609165572619302
13,2000,5,375,409.5,True,65576,95,
13,2000,5,376,105.6,False,65878,95,1.6029630529159962
13,2000,5,377,104.9,False,64917,95,1.6159095460357071
13,2000,5,378,104.4,False,65277,94,1.599338204880739
13,2000,5,379,105.2,False,65643,95,1.6026080465548498
13,2000,5,380,104.0,False,65190,92,1.595336708084062
13,2000,5,381,104.5,False,64797,95,1.6127289843665602
13,2000,5,382,105.1,False,65641,94,1.601133437942749
13,2000,5,383,104.7,False,65435,94,1.6000611293650187
13,2000,5,384,105.2,False,66035,94,1.593094571060801
13,2000,5,385,106.4,False,66700,95,1.5952023988005997
13,2000,5,386,105.8,False,66134,95,1.5997822602594731
13,2000,5,387,106.7,False,66881,95,1.5953708826124011
13,2000,5,388,104.3,False,65390,94,1.5950451139317938
13,2000,5,389,103.5,False,65302,92,1.5849437995773483
13,2000,5,390,104.6,False,64852,95,1.6129032258064515
13,2000,5,391,104.8,False,65716,94,1.5947410067563454
13,2000,5,392,106.5,False,66834,95,1.5935003142113295
13,2000,5,393,105.2,False,65846,95,1.5976672842693558
13,2000,5,394,105.1,False,65293,95,1.6096671925014934
13,2000,5,395,104.4,False,64777,95,1.6116831591459932
13,2000,5,396,105.4,False,66039,95,1.5960265903481277
13,2000,5,397,105.5,False,66171,95,1.5943540221547203
13,2000,5,398,104.7,False,65513,95,1.5981560911574801
13,2000,5,399,104.6,False,64754,95,1.6153442258393305
13,2000,5,400,408.0,True,65653,95,
13,2000,5,401,104.1,False,65345,94,1.59308286785523
13,2000,5,402,105.2,False,65784,95,1.5991730511978597
13,2000,5,403,105.0,False,65429,95,1.60479298170536
13,2000,5,404,104.9,False,65357,95,1.6050308306684824
13,2000,5,405,105.0,False,65597,95,1.6006829580621065
13,2000,5,406,104.8,False,65492,94,1.6001954437183168
13,2000,5,407,106.8,False,67095,95,1.5917728593784932
13,2000,5,408,106.7,False,66921,95,1.594417298008099
13,2000,5,409,104.9,False,65974,95,1.5900203110316184
13,2000,5,410,105.3,False,65913,95,1.5975604205543672
13,2000,5,411,106.8,False,67080,95,1.592128801431127
13,2000,5,412,104.6,False,65626,94,1.5938804742022978
13,2000,5,413,104.3,False,65443,94,1.593753342603487
13,2000,5,414,104.8,False,65200,94,1.607361963190184
13,2000,5,415,106.5,False,66811,94,1.5940488841657812
13,2000,5,416,105.7,False,66146,95,1.5979802255616364
13,2000,5,417,103.9,False,65017,94,1.5980435885999047
13,2000,5,418,105.0,False,65200,95,1.6104294478527608
13,2000,5,419,107.7,False,64566,95,1.668060589164576
13,2000,5,420,104.9,False,65531,94,1.600769101646549
13,2000,5,421,106.8,False,67005,95,1.5939109021714797
13,2000,5,422,105.7,False,65990,95,1.6017578420972876
13,2000,5,423,105.2,False,65432,95,1.6077760117373763
13,2000,5,424,103.8,False,65094,93,1.5946170153931238
13,2000,5,425,406.0,True,65351,93,
13,2000,5,426,104.6,False,65342,94,1.6008080560741942
13,2000,5,427,104.7,False,65179,95,1.6063456021111093
13,2000,5,428,104.5,False,65375,94,1.598470363288719
13,2000,5,429,104.5,False,64787,95,1.6129779122354793
13,2000,5,430,104.4,False,65258,95,1.5998038554659966
13,2000,5,431,105.7,False,66160,95,1.5976420798065296
13,2000,5,432,105.3,False,66113,95,1.592727602740762
13,2000,5,433,104.5,False,65260,95,1.6012871590560833
13,2000,5,434,105.7,False,66032,95,1.6007390356190938
13,2000,5,435,104.3,False,64701,95,1.6120307259547766
13,2000,5,436,104.8,False,65631,95,1.596806387225549
13,2000,5,437,105.0,False,65513,95,1.602735334971685
13,2000,5,438,104.8,False,64900,95,1.6147919876733436
13,2000,5,439,105.2,False,65963,95,1.5948334672467899
13,2000,5,440,108.9,False,65358,94,1.6662076562930321
13,2000,5,441,106.2,False,66144,95,1.605587808417997
13,2000,5,442,105.8,False,65244,95,1.62160505180553
13,2000,5,443,104.5,False,65259,94,1.6013116964709848
13,2000,5,444,105.7,False,65853,95,1.6050901249753238
13,2000,5,445,104.9,False,65057,95,1.612432174862044
13,2000,5,446,104.7,False,65251,95,1.6045731099906515
13,2000,5,447,105.8,False,66319,95,1.595319591670562
13,2000,5,448,105.1,False,65815,95,1.5969004026437743
13,2000,5,449,106.7,False,66998,95,1.5925848532792024
13,2000,5,450,408.0,True,65630,95,
13,2000,5,451,105.8,False,65549,95,1.6140597110558514
13,2000,5,452,105.1,False,65462,95,1.605511594512847
13,2000,5,453,104.7,False,64624,95,1.620141124040604
13,2000,5,454,104.9,False,65258,94,1.607465751325508
13,2000,5,455,108.5,False,64613,95,1.679228638199743
13,2000,5,456,104.5,False,65592,95,1.5931820953774851
13,2000,5,457,104.1,False,64703,94,1.6088898505478881
13,2000,5,458,103.2,False,65115,93,1.5848882745911081
13,2000,5,459,105.2,False,66169,95,1.58986836736236
13,2000,5,460,106.2,False,66227,95,1.6035755809564074
13,2000,5,461,104.6,False,65510,95,1.5967027934666462
13,2000,5,462,105.3,False,65650,95,1.603960396039604
13,2000,5,463,104.2,False,64984,94,1.603471623784316
13,2000,5,464,105.2,False,66101,95,1.591503910682138
13,2000,5,465,104.3,False,64760,95,1.6105620753551575
13,2000,5,466,105.6,False,65782,95,1.6053023623483629
13,2000,5,467,104.7,False,64912,94,1.6129529208774958
13,2000,5,468,106.3,False,65534,95,1.6220587786492509
13,2000,5,469,105.1,False,66034,95,1.5916043250446739
13,2000,5,470,105.6,False,66398,95,1.590409349679207
13,2000,5,471,105.5,False,66167,95,1.5944504057914066
13,2000,5,472,103.9,False,64512,95,1.6105530753968254
13,2000,5,473,105.8,False,66220,95,1.5977046209604349
13,2000,5,474,104.3,False,64902,94,1.607038303904348
13,2000,5,475,405.1,True,65000,93,
13,2000,5,476,104.3,False,64714,95,1.6117068949531785
13,2000,5,477,106.9,False,67092,95,1.5933345257258689
13,2000,5,478,106.6,False,66956,95,1.5920903279765817
13,2000,5,479,105.3,False,65634,95,1.6043514032361277
13,2000,5,480,104.8,False,65598,95,1.5976096832220494
13,2000,5,481,105.4,False,65859,95,1.6003887092121047
13,2000,5,482,104.4,False,65194,95,1.6013743596036445
13,2000,5,483,105.2,False,65804,95,1.5986870099082122
13,2000,5,484,107.2,False,65861,95,1.6276703967446593
13,2000,5,485,105.3,False,65340,95,1.6115702479338843
13,2000,5,486,105.3,False,65994,95,1.595599599963633
13,2000,5,487,104.3,False,65390,94,1.5950451139317938
13,2000,5,488,105.5,False,65816,95,1.602953689072566
13,2000,5,489,104.5,False,64961,95,1.6086575021936238
13,2000,5,490,103.7,False,64645,94,1.6041457189264445
13,2000,5,491,107.1,False,65398,94,1.637664760390226
13,2000,5,492,105.2,False,65590,95,1.6039030339990852
13,2000,5,493,104.5,False,65432,94,1.5970778823817093
13,2000,5,494,121.3,False,66846,95,1.8146186757621996
13,2000,5,495,104.7,False,65625,95,1.5954285714285714
13,2000,5,496,105.2,False,66154,95,1.590228859932884
13,2000,5,497,105.7,False,66141,95,1.598101026594699
13,2000,5,498,104.6,False,65473,95,1.5976051196676493
13,2000,5,499,105.2,False,65810,95,1.5985412551284
13,2000,5,500,411.4,True,65519,95,
14,2000,10,1,111.7,False,67137,94,1.6637621579754829
14,2000,10,2,110.1,False,66949,95,1.644535392612287
14,2000,10,3,106.4,False,66496,95,1.6000962463907604
14,2000,10,4,107.5,False,67064,95,1.6029464392222355
14,2000,10,5,106.7,False,67865,93,1.572239003904811
14,2000,10,6,109.1,False,67766,94,1.6099518932798158
14,2000,10,7,107.1,False,66826,93,1.6026696196091341
14,2000,10,8,107.4,False,67415,95,1.5931172587703033
14,2000,10,9,106.8,False,65917,95,1.6202193667794347
14,2000,10,10,107.6,False,66800,95,1.6107784431137724
14,2000,10,11,107.8,False,66338,95,1.6250113057372848
14,2000,10,12,110.8,False,67348,95,1.6451861970659856
14,2000,10,13,108.2,False,67842,95,1.594882226349459
14,2000,10,14,105.8,False,66837,95,1.582955548573395
14,2000,10,15,105.4,False,65917,95,1.598980536128768
14,2000,10,16,104.8,False,66445,95,1.5772443374219278
14,2000,10,17,106.4,False,67539,92,1.5753860732317624
14,2000,10,18,106.7,False,66737,95,1.5988132520191198
14,2000,10,19,105.9,False,65934,93,1.6061516061516061
14,2000,10,20,107.3,False,66564,95,1.6119824529775855
14,2000,10,21,105.9,False,66122,94,1.6015849490336045
14,2000,10,22,107.2,False,67397,95,1.5905752481564461
14,2000,10,23,105.7,False,66804,95,1.582240584396144
14,2000,10,24,104.6,False,66658,95,1.5692039965195475
14,2000,10,25,424.6,True,66475,95,
14,2000,10,26,104.4,False,66158,94,1.5780404486229935
14,2000,10,27,105.1,False,66887,95,1.5713068309237967
14,2000,10,28,106.1,False,66940,94,1.585001493875112
14,2000,10,29,105.8,False,66910,93,1.5812285159169033
14,2000,10,30,106.8,False,66157,95,1.6143416418519583
14,2000,10,31,105.2,False,66666,95,1.5780157801578016
14,2000,10,32,105.4,False,67245,94,1.5674027808759015
14,2000,10,33,107.2,False,66755,95,1.605872219309415
14,2000,10,34,109.3,False,67100,95,1.6289120715350223
14,2000,10,35,108.6,False,65836,95,1.649553435810195
14,2000,10,36,106.5,False,67319,95,1.5820199349366448
14,2000,10,37,104.9,False,66739,95,1.5717946028559013
14,2000,10,38,103.2,False,65847,93,1.567269579479703
14,2000,10,39,104.7,False,65997,94,1.5864357470794126
14,2000,10,40,106.3,False,66614,95,1.5957606509142221
14,2000,10,41,104.5,False,66693,94,1.5668810819726209
14,2000,10,42,104.8,False,66710,95,1.57097886373857
14,2000,10,43,103.7,False,66513,93,1.5590937110038638
14,2000,10,44,104.3,False,66744,94,1.5626872827520077
14,2000,10,45,104.5,False,65882,94,1.5861692116207766
14,2000,10,46,106.1,False,67206,95,1.5787280897538911
14,2000,10,47,105.5,False,66811,95,1.579081289009295
14,2000,10,48,104.8,False,66859,95,1.5674778264706322
14,2000,10,49,106.4,False,66502,95,1.5999518811464317
14,2000,10,50,426.4,True,66040,93,
14,2000,10,51,104.7,False,66682,95,1.570138868060346
14,2000,10,52,105.6,False,66915,94,1.5781214974221027
14,2000,10,53,106.0,False,66876,95,1.585023027693044
14,2000,10,54,104.6,False,66648,94,1.5694394430440524
14,2000,10,55,104.0,False,66587,93,1.5618664303843093
14,2000,10,56,104.1,False,66793,93,1.5585465542796402
14,2000,10,57,104.7,False,66297,93,1.579256979953844
14,2000,10,58,105.4,False,66189,95,1.5924096148906919
14,2000,10,59,106.7,False,67171,95,1.5884831251581784
14,2000,10,60,104.3,False,66584,94,1.5664423885618166
14,2000,10,61,105.1,False,66897,95,1.5710719464251013
14,2000,10,62,104.9,False,67277,94,1.5592252924476417
14,2000,10,63,104.6,False,66069,94,1.5831933281871982
14,2000,10,64,107.6,False,67158,95,1.6021918460942852
14,2000,10,65,105.1,False,67038,95,1.5677675348309914
14,2000,10,66,104.9,False,66851,95,1.5691612690909635
14,2000,10,67,104.4,False,66720,94,1.564748201438849
14,2000,10,68,106.9,False,66563,95,1.6059973258416838
14,2000,10,69,105.4,False,66370,95,1.5880668976947416
14,2000,10,70,105.7,False,66693,93,1.5848739747799618
14,2000,10,71,103.8,False,65940,95,1.5741583257506824
14,2000,10,72,103.7,False,65738,94,1.5774742158264625
14,2000,10,73,105.2,False,66763,95,1.5757230801491844
14,2000,10,74,107.3,False,66624,95,1.610530739673391
14,2000,10,75,423.9,True,66380,94,
14,2000,10,76,106.2,False,67064,94,1.583561970654897
14,2000,10,77,106.6,False,66644,95,1.5995438449072685
14,2000,10,78,106.3,False,66843,95,1.5902936732342954
14,2000,10,79,105.3,False,66615,95,1.5807250619229902
14,2000,10,80,102.8,False,65983,92,1.5579770546959064
14,2000,10,81,104.6,False,66250,95,1.578867924528302
14,2000,10,82,106.3,False,67176,94,1.5824103846611886
14,2000,10,83,106.6,False,66880,95,1.5938995215311005
14,2000,10,84,103.5,False,65942,94,1.5695611294774197
14,2000,10,85,105.0,False,66524,95,1.5783777283386446
14,2000,10,86,107.9,False,66436,95,1.6241194533084473
14,2000,10,87,108.8,False,67761,95,1.605643364177034
14,2000,10,88,107.1,False,67153,94,1.5948654564948699
14,2000,10,89,108.1,False,67260,95,1.6071959559916742
14,2000,10,90,106.3,False,66307,95,1.6031489887945465
14,2000,10,91,107.7,False,66762,95,1.6131931338186394
14,2000,10,92,106.4,False,66364,94,1.6032788861430896
14,2000,10,93,109.2,False,67061,95,1.6283682020846693
14,2000,10,94,108.9,False,67149,95,1.6217665192333468
14,2000,10,95,108.8,False,66794,95,1.6288888223493128
14,2000,10,96,108.7,False,67035,94,1.6215409860520624
14,2000,10,97,109.2,False,66791,95,1.6349508167268045
14,2000,10,98,107.0,False,66434,95,1.6106210675256645
14,2000,10,99,108.1,False,67168,94,1.6093973320628872
14,2000,10,100,425.3,True,66607,94,
14,2000,10,101,105.5,False,65934,93,1.6000849334182667
14,2000,10,102,106.0,False,65914,95,1.608156082167673
14,2000,10,103,107.3,False,67724,94,1.5843718622644853
14,2000,10,104,105.9,False,66592,93,1.5902811148486304
14,2000,10,105,106.0,False,66047,95,1.6049177101155239
14,2000,10,106,105.7,False,67023,95,1.5770705578681945
14,2000,10,107,105.8,False,65876,95,1.6060477260307244
14,2000,10,108,106.0,False,67226,94,1.5767708922143218
14,2000,10,109,104.6,False,66357,95,1.57632201576322
14,2000,10,110,105.6,False,66821,95,1.5803415094057258
14,2000,10,111,105.2,False,66827,95,1.5742140152932198
14,2000,10,112,104.9,False,66853,95,1.5691143254603384
14,2000,10,113,105.2,False,67279,95,1.563637985106794
14,2000,10,114,104.3,False,66650,95,1.5648912228057015
14,2000,10,115,104.8,False,66687,94,1.5715206861907118
14,2000,10,116,107.9,False,67261,95,1.6041985697506727
14,2000,10,117,103.7,False,66009,93,1.5709978942265448
14,2000,10,118,105.2,False,66715,95,1.5768567788353445
14,2000,10,119,106.2,False,66351,94,1.6005787403354885
14,2000,10,120,104.8,False,66731,93,1.5704844824744122
14,2000,10,121,106.2,False,66416,95,1.5990122861960974
14,2000,10,122,107.0,False,67260,94,1.5908415105560512
14,2000,10,123,105.4,False,66293,94,1.5899114536979773
14,2000,10,124,106.0,False,66795,94,1.5869451306235496
14,2000,10,125,422.7,True,65837,95,
14,2000,10,126,107.3,False,66740,95,1.6077314953551094
14,2000,10,127,106.0,False,66604,94,1.5914960062458712
14,2000,10,128,108.2,False,67967,95,1.591949034090073
14,2000,10,129,107.0,False,66706,95,1.604053608371061
14,2000,10,130,107.3,False,67110,95,1.598867530919386
14,2000,10,131,106.3,False,66616,94,1.5957127416836796
14,2000,10,132,107.3,False,67154,95,1.5978199362658962
14,2000,10,133,107.0,False,66507,95,1.608853203422196
14,2000,10,134,107.6,False,67242,95,1.6001903572172154
14,2000,10,135,105.6,False,65714,94,1.6069635085369935
14,2000,10,136,107.2,False,66388,95,1.6147496535518466
14,2000,10,137,105.9,False,65905,94,1.6068583567255899
14,2000,10,138,107.2,False,66893,95,1.6025593111386842
14,2000,10,139,107.2,False,66320,95,1.6164053075995175
14,2000,10,140,106.6,False,66044,95,1.6140754648416207
14,2000,10,141,105.7,False,66473,93,1.5901192965564965
14,2000,10,142,108.2,False,67585,95,1.6009469556854332
14,2000,10,143,106.3,False,66186,95,1.6060798356147825
14,2000,10,144,106.6,False,66442,95,1.604406851088167
14,2000,10,145,107.0,False,66524,95,1.6084420660212855
14,2000,10,146,107.6,False,67659,95,1.5903279681934406
14,2000,10,147,105.8,False,66518,95,1.5905469196307767
14,2000,10,148,106.5,False,65879,95,1.6166001305423578
14,2000,10,149,106.6,False,67150,94,1.5874906924795233
14,2000,10,150,422.1,True,66278,95,
14,2000,10,151,106.6,False,65959,95,1.6161554905319973
14,2000,10,152,106.0,False,66377,94,1.596938698645615
14,2000,10,153,107.3,False,67071,95,1.5997972298012555
14,2000,10,154,106.4,False,66402,95,1.60236137465739
14,2000,10,155,107.1,False,67190,95,1.5939872004762614
14,2000,10,156,106.2,False,66271,95,1.6025109022045843
14,2000,10,157,107.4,False,66841,95,1.6067982226477762
14,2000,10,158,106.8,False,66738,94,1.6002876921693787
14,2000,10,159,106.4,False,66594,95,1.5977415382767217
14,2000,10,160,107.6,False,67029,95,1.6052753285891181
14,2000,10,161,106.6,False,66309,95,1.607624907629432
14,2000,10,162,106.6,False,66865,95,1.5942570851716145
14,2000,10,163,106.8,False,66517,95,1.605604582287235
14,2000,10,164,107.3,False,66912,95,1.603598756575801
14,2000,10,165,107.4,False,67126,94,1.5999761642284658
14,2000,10,166,105.7,False,66213,93,1.5963632519293793
14,2000,10,167,105.0,False,65694,94,1.5983194812311627
14,2000,10,168,105.5,False,65566,94,1.6090656742824025
14,2000,10,169,105.2,False,66357,93,1.5853640158536402
14,2000,10,170,108.0,False,67792,95,1.5931083313665328
14,2000,10,171,106.8,False,65918,95,1.6201947874632119
14,2000,10,172,107.8,False,67268,95,1.602545043705774
14,2000,10,173,105.7,False,65915,95,1.6035803686566032
14,2000,10,174,106.5,False,66901,94,1.5919044558377304
14,2000,10,175,421.7,True,66702,94,
14,2000,10,176,106.5,False,66085,95,1.611560868578346
14,2000,10,177,107.4,False,66886,95,1.605717190443441
14,2000,10,178,106.4,False,66557,94,1.5986297459320582
14,2000,10,179,107.6,False,67224,95,1.6006188266095442
14,2000,10,180,106.6,False,66313,94,1.6075279356988825
14,2000,10,181,107.8,False,66998,95,1.6090032538284724
14,2000,10,182,106.7,False,66803,95,1.5972336571710852
14,2000,10,183,106.3,False,66602,94,1.5960481667217201
14,2000,10,184,108.3,False,66937,95,1.61793925631564
14,2000,10,185,106.3,False,66330,94,1.6025930951304086
14,2000,10,186,106.6,False,67483,94,1.5796570988248892
14,2000,10,187,105.4,False,65618,94,1.606266573196379
14,2000,10,188,106.8,False,66963,95,1.5949106222839478
14,2000,10,189,106.4,False,66467,95,1.600794379165601
14,2000,10,190,105.5,False,65719,94,1.6053196183752034
14,2000,10,191,107.3,False,66490,95,1.6137765077455257
14,2000,10,192,106.3,False,65896,95,1.6131479907733397
14,2000,10,193,104.5,False,66071,92,1.5816318808554435
14,2000,10,194,107.0,False,66356,95,1.6125143167158962
14,2000,10,195,105.9,False,66289,94,1.597550121437946
14,2000,10,196,107.0,False,67320,95,1.5894236482471777
14,2000,10,197,106.2,False,66652,94,1.593350537118166
14,2000,10,198,107.3,False,66905,95,1.6037665346386667
14,2000,10,199,107.1,False,66738,95,1.604782882315922
14,2000,10,200,424.0,True,66370,95,
14,2000,10,201,107.1,False,66434,95,1.6121263208598007
14,2000,10,202,106.6,False,66709,94,1.5979852793476144
14,2000,10,203,106.2,False,67185,94,1.580709979906229
14,2000,10,204,106.3,False,67131,94,1.5834711236239591
14,2000,10,205,107.5,False,67534,94,1.5917908016702698
14,2000,10,206,107.4,False,66645,95,1.6115237452171955
14,2000,10,207,107.2,False,67138,94,1.5967112514522328
14,2000,10,208,107.4,False,67096,95,1.6006915464409204
14,2000,10,209,105.5,False,66878,93,1.5774993271329885
14,2000,10,210,106.5,False,66669,94,1.597444089456869
14,2000,10,211,105.8,False,66362,95,1.594285886501311
14,2000,10,212,107.2,False,66319,95,1.6164296807852954
14,2000,10,213,107.4,False,66511,95,1.6147704890920298
14,2000,10,214,106.1,False,67363,93,1.5750486171934148
14,2000,10,215,106.7,False,67202,95,1.5877503645724829
14,2000,10,216,105.8,False,66613,94,1.5882785642442165
14,2000,10,217,105.4,False,66800,93,1.5778443113772456
14,2000,10,218,106.5,False,66599,95,1.599123109956606
14,2000,10,219,106.8,False,66690,95,1.6014394961763383
14,2000,10,220,105.2,False,65614,94,1.603316365409821
14,2000,10,221,106.5,False,66326,95,1.6057051533335343
14,2000,10,222,106.1,False,66278,94,1.600832855547844
14,2000,10,223,107.1,False,66571,95,1.6088086403989725
14,2000,10,224,107.0,False,66619,95,1.6061483961032137
14,2000,10,225,423.1,True,65722,95,
14,2000,10,226,106.4,False,66707,95,1.5950350038226873
14,2000,10,227,106.7,False,67060,95,1.5911124366239189
14,2000,10,228,109.5,False,67754,95,1.6161407444578917
14,2000,10,229,108.1,False,67250,95,1.607434944237918
14,2000,10,230,108.0,False,67742,94,1.5942841959198135
14,2000,10,231,107.7,False,66360,95,1.6229656419529837
14,2000,10,232,106.5,False,66627,93,1.598451078391643
14,2000,10,233,106.8,False,66683,95,1.6016076061364966
14,2000,10,234,108.5,False,67621,95,1.6045311367770367
14,2000,10,235,108.0,False,67561,95,1.5985553795828955
14,2000,10,236,109.5,False,67892,95,1.6128557120131974
14,2000,10,237,107.8,False,65960,95,1.6343238326258338
14,2000,10,238,106.7,False,67102,93,1.5901165390003278
14,2000,10,239,106.9,False,66729,94,1.6020021280103103
14,2000,10,240,109.0,False,66832,95,1.630955231027053
14,2000,10,241,107.5,False,66660,95,1.6126612661266126
14,2000,10,242,108.0,False,66387,95,1.6268245288987302
14,2000,10,243,108.1,False,65765,95,1.6437314681061355
14,2000,10,244,106.0,False,66355,93,1.5974681636651344
14,2000,10,245,106.9,False,66348,94,1.6112015433773437
14,2000,10,246,108.4,False,67176,95,1.6136715493628677
14,2000,10,247,108.6,False,67777,95,1.6023134691709577
14,2000,10,248,107.0,False,66940,94,1.5984463698834777
14,2000,10,249,107.1,False,66012,95,1.6224322850390838
14,2000,10,250,425.0,True,66746,95,
14,2000,10,251,107.5,False,65861,95,1.6322254444967432
14,2000,10,252,107.9,False,67120,94,1.6075685339690107
14,2000,10,253,106.4,False,66739,94,1.594270216814756
14,2000,10,254,107.2,False,66068,95,1.6225706847490464
14,2000,10,255,108.8,False,67099,95,1.621484671902711
14,2000,10,256,107.3,False,66641,94,1.6101198961600216
14,2000,10,257,106.9,False,66325,95,1.6117602713908783
14,2000,10,258,108.0,False,66715,95,1.6188263508956007
14,2000,10,259,108.3,False,67123,95,1.6134558944028128
14,2000,10,260,106.4,False,66360,93,1.6033755274261603
14,2000,10,261,107.3,False,67001,94,1.6014686347964955
14,2000,10,262,108.3,False,67147,95,1.612879205325629
14,2000,10,263,107.6,False,66747,95,1.6120574707477489
14,2000,10,264,106.8,False,65732,94,1.6247794072902086
14,2000,10,265,106.3,False,66355,94,1.6019892999773944
14,2000,10,266,107.8,False,67366,95,1.6002137576819166
14,2000,10,267,108.6,False,67027,95,1.6202425888074954
14,2000,10,268,107.0,False,66441,94,1.6104513779142398
14,2000,10,269,106.9,False,66330,95,1.6116387758178803
14,2000,10,270,107.7,False,67225,94,1.6020825585719598
14,2000,10,271,107.8,False,66370,95,1.6242278137712822
14,2000,10,272,106.8,False,66481,94,1.6064740301740348
14,2000,10,273,106.6,False,66003,95,1.6150781025104919
14,2000,10,274,109.2,False,67210,95,1.6247582205029014
14,2000,10,275,424.5,True,66497,94,
14,2000,10,276,107.2,False,66666,95,1.6080160801608017
14,2000,10,277,108.6,False,67140,95,1.61751563896336
14,2000,10,278,107.5,False,66509,95,1.616322602955991
14,2000,10,279,107.6,False,66580,95,1.6161009312105739
14,2000,10,280,110.9,False,67641,95,1.6395381499386468
14,2000,10,281,107.1,False,66411,95,1.6126846456159372
14,2000,10,282,106.1,False,67205,93,1.5787515809835577
14,2000,10,283,107.7,False,66584,95,1.617505707076775
14,2000,10,284,106.4,False,66214,94,1.6069109251819857
14,2000,10,285,106.6,False,66226,95,1.6096397185395463
14,2000,10,286,105.6,False,66036,93,1.5991277485008177
14,2000,10,287,108.4,False,67157,94,1.614128087913397
14,2000,10,288,108.2,False,67183,95,1.6105264724707142
14,2000,10,289,107.2,False,66462,95,1.6129517619090608
14,2000,10,290,107.6,False,67089,94,1.6038396756547273
14,2000,10,291,106.8,False,66598,93,1.6036517613141537
14,2000,10,292,107.3,False,66368,94,1.6167430086788814
14,2000,10,293,106.9,False,66077,94,1.6178095252508438
14,2000,10,294,107.4,False,66826,94,1.607158890252297
14,2000,10,295,107.2,False,66455,95,1.6131216612745467
14,2000,10,296,105.3,False,65625,92,1.6045714285714285
14,2000,10,297,109.4,False,67758,95,1.6145694973287288
14,2000,10,298,106.8,False,66459,95,1.6070058231390782
14,2000,10,299,106.3,False,66617,93,1.5956887881471697
14,2000,10,300,426.3,True,66781,94,
14,2000,10,301,109.1,False,67784,95,1.6095243715331051
14,2000,10,302,107.5,False,67005,95,1.6043578837400194
14,2000,10,303,107.1,False,66932,94,1.6001314767226438
14,2000,10,304,106.9,False,66970,94,1.5962371210989996
14,2000,10,305,106.6,False,65733,94,1.6217120776474525
14,2000,10,306,109.8,False,67727,95,1.6212145820721426
14,2000,10,307,107.4,False,66600,94,1.6126126126126126
14,2000,10,308,107.8,False,66622,95,1.6180841163579598
14,2000,10,309,107.9,False,66106,94,1.6322270293165522
14,2000,10,310,107.8,False,65972,95,1.6340265567210333
14,2000,10,311,106.8,False,66735,94,1.6003596313778377
14,2000,10,312,107.1,False,66144,93,1.6191944847605224
14,2000,10,313,107.5,False,66620,95,1.6136295406784749
14,2000,10,314,106.0,False,65623,95,1.615287323042226
14,2000,10,315,107.9,False,66379,94,1.625514093312644
14,2000,10,316,107.9,False,66824,94,1.61468933317371
14,2000,10,317,108.2,False,66562,95,1.6255521168234128
14,2000,10,318,108.2,False,66539,95,1.6261140083259442
14,2000,10,319,107.3,False,66592,94,1.611304661220567
14,2000,10,320,116.1,False,66671,95,1.7413868098573593
14,2000,10,321,107.6,False,66068,95,1.628625052975722
14,2000,10,322,106.3,False,66028,94,1.609923062942994
14,2000,10,323,107.4,False,66437,95,1.6165690804822614
14,2000,10,324,108.6,False,67284,95,1.6140538612448725
14,2000,10,325,425.6,True,66533,94,
14,2000,10,326,107.1,False,66488,94,1.6108169895319455
14,2000,10,327,105.9,False,66480,93,1.5929602888086642
14,2000,10,328,107.7,False,66857,95,1.6109008779933291
14,2000,10,329,107.8,False,66422,95,1.622956249435428
14,2000,10,330,107.3,False,66647,95,1.6099749426080694
14,2000,10,331,108.0,False,67014,94,1.6116035455278002
14,2000,10,332,110.7,False,65858,94,1.6808891858240458
14,2000,10,333,107.8,False,66646,94,1.617501425441887
14,2000,10,334,108.4,False,67305,95,1.6105787088626402
14,2000,10,335,109.2,False,66010,94,1.6542948038176033
14,2000,10,336,106.8,False,66702,95,1.6011513897634253
14,2000,10,337,107.2,False,66256,94,1.6179666747162522
14,2000,10,338,111.0,False,66693,95,1.6643425846790518
14,2000,10,339,108.5,False,67204,95,1.6144872329028035
14,2000,10,340,107.1,False,66701,95,1.6056730783646422
14,2000,10,341,107.1,False,66324,95,1.614800072371992
14,2000,10,342,106.7,False,65960,95,1.6176470588235294
14,2000,10,343,112.7,False,65729,95,1.7146160750962285
14,2000,10,344,115.6,False,67003,95,1.725295882273928
14,2000,10,345,107.0,False,66463,95,1.6099183004077458
14,2000,10,346,112.2,False,66563,95,1.6856211408740591
14,2000,10,347,106.8,False,66540,94,1.6050495942290353
14,2000,10,348,107.1,False,66981,95,1.59896089935952
14,2000,10,349,106.4,False,65935,95,1.6137104724349738
14,2000,10,350,423.0,True,66652,94,
14,2000,10,351,107.1,False,67374,94,1.5896339834357467
14,2000,10,352,107.8,False,66347,93,1.624790872232354
14,2000,10,353,107.5,False,66564,95,1.6149870801033592
14,2000,10,354,107.5,False,66507,94,1.6163712090456643
14,2000,10,355,108.3,False,66938,95,1.6179150856016016
14,2000,10,356,109.8,False,67288,95,1.6317917013434788
14,2000,10,357,108.9,False,67742,95,1.6075698975524786
14,2000,10,358,107.2,False,65748,95,1.630467846930705
14,2000,10,359,107.6,False,66481,95,1.6185075435086715
14,2000,10,360,112.1,False,66723,95,1.6800803321193591
14,2000,10,361,107.1,False,66857,94,1.6019264998429483
14,2000,10,362,106.9,False,66106,95,1.617099809397029
14,2000,10,363,106.7,False,66533,94,1.6037154494761998
14,2000,10,364,106.1,False,65888,94,1.6103084021369596
14,2000,10,365,107.3,False,66098,95,1.6233471511997337
14,2000,10,366,106.9,False,66531,95,1.6067697764951676
14,2000,10,367,106.3,False,66488,94,1.598784743111539
14,2000,10,368,107.6,False,66512,95,1.617753187394756
14,2000,10,369,112.7,False,66871,95,1.6853344499110228
14,2000,10,370,108.1,False,67075,94,1.6116287737607156
14,2000,10,371,106.6,False,66475,94,1.6036103798420458
14,2000,10,372,106.4,False,67341,93,1.580018116749083
14,2000,10,373,107.0,False,67344,94,1.5888572107388927
14,2000,10,374,107.3,False,66853,95,1.6050139859093833
14,2000,10,375,424.2,True,66493,94,
14,2000,10,376,107.5,False,66816,95,1.6088960727969348
14,2000,10,377,106.9,False,65869,95,1.6229182164599432
14,2000,10,378,105.6,False,66417,93,1.5899543791499164
14,2000,10,379,106.2,False,66717,93,1.5917981923647646
14,2000,10,380,109.8,False,66534,95,1.6502840652899269
14,2000,10,381,106.7,False,65952,94,1.617843279961184
14,2000,10,382,106.5,False,66675,95,1.5973003374578179
14,2000,10,383,106.0,False,66684,95,1.5895867074560615
14,2000,10,384,106.2,False,66973,94,1.5857136457975602
14,2000,10,385,107.2,False,67769,95,1.581844206052915
14,2000,10,386,105.3,False,67087,94,1.5696036489930985
14,2000,10,387,106.3,False,67722,94,1.5696524024689171
14,2000,10,388,104.9,False,66662,95,1.5736101527106898
14,2000,10,389,105.8,False,66381,95,1.5938295596631566
14,2000,10,390,104.7,False,65848,94,1.5900255133033654
14,2000,10,391,106.4,False,66550,95,1.5987978963185574
14,2000,10,392,108.6,False,67640,95,1.605558840922531
14,2000,10,393,104.5,False,66884,94,1.5624065546319
14,2000,10,394,103.9,False,66439,95,1.5638405153599542
14,2000,10,395,103.6,False,65708,95,1.5766725512875144
14,2000,10,396,104.7,False,67143,95,1.5593583843438632
14,2000,10,397,103.6,False,67046,94,1.545207767801211
14,2000,10,398,104.3,False,66481,95,1.5688693010032941
14,2000,10,399,103.9,False,65719,94,1.5809735388548214
14,2000,10,400,419.7,True,66677,94,
14,2000,10,401,104.6,False,66457,95,1.5739500729795206
14,2000,10,402,104.2,False,66591,95,1.5647760207835895
14,2000,10,403,104.4,False,66486,95,1.5702553921126252
14,2000,10,404,104.5,False,66330,95,1.5754560530679933
14,2000,10,405,103.5,False,66474,95,1.5569997292174385
14,2000,10,406,103.1,False,66593,93,1.548210772904059
14,2000,10,407,106.4,False,67847,94,1.5682344097749348
14,2000,10,408,105.3,False,67718,94,1.554977996987507
14,2000,10,409,105.0,False,67087,95,1.5651318437253119
14,2000,10,410,104.2,False,66902,94,1.5575020178768946
14,2000,10,411,105.8,False,67915,95,1.5578296399911655
14,2000,10,412,104.4,False,66814,95,1.5625467716346872
14,2000,10,413,104.2,False,66486,95,1.5672472400204553
14,2000,10,414,103.8,False,66477,95,1.5614423033530394
14,2000,10,415,105.3,False,67567,95,1.5584530910059644
14,2000,10,416,103.2,False,67004,94,1.5402065548325472
14,2000,10,417,103.7,False,65878,95,1.5741218616230002
14,2000,10,418,102.7,False,66180,93,1.551828346932608
14,2000,10,419,102.9,False,65529,94,1.570297120358925
14,2000,10,420,104.1,False,66453,95,1.5665206988397815
14,2000,10,421,105.2,False,67855,94,1.5503647483604746
14,2000,10,422,104.8,False,67044,95,1.56315255653004
14,2000,10,423,104.4,False,66312,94,1.5743756786102063
14,2000,10,424,105.0,False,66424,95,1.5807539443574612
14,2000,10,425,421.2,True,66527,94,
14,2000,10,426,104.3,False,66416,94,1.5704047217537942
14,2000,10,427,103.8,False,66232,94,1.5672182630752507
14,2000,10,428,103.2,False,66490,92,1.5521130997142427
14,2000,10,429,104.3,False,65874,95,1.583325743085284
14,2000,10,430,104.5,False,66265,95,1.577001433637667
14,2000,10,431,104.1,False,67090,93,1.5516470412878223
14,2000,10,432,105.5,False,67092,95,1.5724676563524713
14,2000,10,433,104.1,False,66328,94,1.5694729224460258
14,2000,10,434,104.6,False,67105,94,1.558751210789062
14,2000,10,435,104.0,False,65919,94,1.577693836374945
14,2000,10,436,105.2,False,66759,95,1.5758174927725102
14,2000,10,437,105.3,False,66580,95,1.5815560228296786
14,2000,10,438,103.6,False,65946,94,1.5709823188669518
14,2000,10,439,105.1,False,67025,94,1.5680716150690042
14,2000,10,440,104.3,False,66699,93,1.5637415853311145
14,2000,10,441,105.9,False,67120,95,1.57777115613826
14,2000,10,442,108.4,False,66290,95,1.6352391009201992
14,2000,10,443,107.5,False,66320,95,1.6209288299155609
14,2000,10,444,104.4,False,66991,94,1.55841829499485
14,2000,10,445,103.2,False,66219,94,1.5584650931001676
14,2000,10,446,104.0,False,66352,95,1.567398119122257
14,2000,10,447,103.5,False,67373,92,1.536223709794725
14,2000,10,448,111.0,False,66839,95,1.6607070722183157
14,2000,10,449,111.2,False,67903,95,1.637630148888856
14,2000,10,450,443.8,True,66877,95,
14,2000,10,451,107.0,False,66599,95,1.606630730191144
14,2000,10,452,105.0,False,66801,95,1.5718327569946557
14,2000,10,453,104.2,False,65614,95,1.588075715548511
14,2000,10,454,104.6,False,66515,95,1.5725776140720138
14,2000,10,455,104.2,False,65589,95,1.588681028831054
14,2000,10,456,104.4,False,66661,94,1.5661331213153118
14,2000,10,457,103.8,False,65851,94,1.5762858574660976
14,2000,10,458,104.1,False,66350,94,1.5689525244913338
14,2000,10,459,105.1,False,67158,94,1.5649661991125405
14,2000,10,460,106.2,False,67340,95,1.577071577071577
14,2000,10,461,104.5,False,66543,94,1.5704131163307937
14,2000,10,462,104.3,False,66854,93,1.5601160738325306
14,2000,10,463,104.5,False,66131,95,1.5801968819464396
14,2000,10,464,104.7,False,66797,94,1.5674356632782909
14,2000,10,465,104.5,False,65789,95,1.5884114365623432
14,2000,10,466,104.9,False,66610,94,1.5748386128208978
14,2000,10,467,104.1,False,65797,94,1.5821390032980227
14,2000,10,468,105.2,False,66603,95,1.5795084305511764
14,2000,10,469,105.1,False,67076,95,1.5668793607251477
14,2000,10,470,104.5,False,67174,94,1.5556614166195255
14,2000,10,471,105.6,False,67427,95,1.5661381938985866
14,2000,10,472,103.6,False,65673,94,1.5775128287119515
14,2000,10,473,105.4,False,67099,95,1.5708132759057511
14,2000,10,474,103.6,False,66057,93,1.5683424920901645
14,2000,10,475,421.5,True,65893,95,
14,2000,10,476,104.3,False,65873,95,1.5833497791204287
14,2000,10,477,105.9,False,67743,95,1.5632611487533767
14,2000,10,478,105.6,False,67776,94,1.5580736543909348
14,2000,10,479,104.0,False,66481,94,1.5643567335028052
14,2000,10,480,104.6,False,66621,94,1.5700755017186774
14,2000,10,481,105.2,False,67105,95,1.5676924223232247
14,2000,10,482,104.9,False,66595,95,1.5751933328327952
14,2000,10,483,105.1,False,66948,95,1.569875126964211
14,2000,10,484,103.8,False,66854,93,1.5526370897777246
14,2000,10,485,106.6,False,66480,95,1.6034897713598075
14,2000,10,486,105.9,False,67104,95,1.5781473533619457
14,2000,10,487,105.4,False,66584,95,1.582962873963715
14,2000,10,488,105.3,False,66865,94,1.5748149255963508
14,2000,10,489,104.7,False,66285,94,1.5795428830052047
14,2000,10,490,104.2,False,65801,94,1.5835625598395162
14,2000,10,491,103.5,False,66375,93,1.5593220338983051
14,2000,10,492,105.4,False,66822,95,1.5773248331387866
14,2000,10,493,104.7,False,66477,95,1.5749808204341351
14,2000,10,494,106.6,False,67685,95,1.5749427495013666
14,2000,10,495,105.5,False,66792,95,1.579530482692538
14,2000,10,496,104.1,False,67058,92,1.5523874854603477
14,2000,10,497,105.4,False,67166,94,1.5692463448768723
14,2000,10,498,105.2,False,66816,95,1.5744731800766283
14,2000,10,499,106.0,False,66967,95,1.5828691743694656
14,2000,10,500,424.1,True,66627,95,
15,2000,20,1,132.4,False,71843,95,1.8429074509694752
15,2000,20,2,131.0,False,71508,95,1.8319628573026794
15,2000,20,3,122.5,False,71390,95,1.7159266003641966
15,2000,20,4,123.2,False,71633,95,1.7198777099939973
15,2000,20,5,127.0,False,73047,95,1.7386066505126836
15,2000,20,6,128.3,False,72782,95,1.762798494133165
15,2000,20,7,123.8,False,71599,94,1.7290744284138047
15,2000,20,8,130.1,False,71625,95,1.8164048865619546
15,2000,20,9,123.3,False,71312,95,1.7290217635180616
15,2000,20,10,122.1,False,71356,95,1.7111385167330007
15,2000,20,11,142.1,False,71698,94,1.9819241819855504
15,2000,20,12,132.7,False,71333,95,1.86028906677134
15,2000,20,13,121.8,False,72963,95,1.6693392541425105
15,2000,20,14,120.7,False,71503,95,1.6880410612142147
15,2000,20,15,125.4,False,70893,95,1.7688629342812408
15,2000,20,16,122.7,False,71526,95,1.7154601124066773
15,2000,20,17,130.3,False,72930,95,1.7866447278211985
15,2000,20,18,118.2,False,71432,95,1.6547205734124761
15,2000,20,19,122.7,False,71156,95,1.724380234976671
15,2000,20,20,124.6,False,71501,95,1.7426329701682495
15,2000,20,21,122.8,False,71430,95,1.7191656166876663
15,2000,20,22,119.7,False,71261,95,1.6797406716156102
15,2000,20,23,120.8,False,71100,95,1.69901547116737
15,2000,20,24,124.5,False,71334,95,1.74531079148793
15,2000,20,25,492.7,True,71705,94,
15,2000,20,26,122.3,False,71450,95,1.7116864940517844
15,2000,20,27,121.7,False,71497,95,1.7021693217897254
15,2000,20,28,119.4,False,71562,95,1.6684832732455772
15,2000,20,29,119.6,False,71524,95,1.67216598624238
15,2000,20,30,122.3,False,71671,95,1.7064084497216447
15,2000,20,31,121.9,False,71354,95,1.7083835524287356
15,2000,20,32,129.9,False,71061,95,1.8280069236289949
15,2000,20,33,136.1,False,71091,95,1.914447679734425
15,2000,20,34,124.9,False,71369,95,1.7500595496644202
15,2000,20,35,122.3,False,71366,94,1.7137012022531737
15,2000,20,36,122.5,False,71534,95,1.7124723907512511
15,2000,20,37,126.9,False,71334,95,1.7789553368660107
15,2000,20,38,123.3,False,71612,95,1.7217784728816399
15,2000,20,39,130.8,False,71482,95,1.8298312861979242
15,2000,20,40,126.2,False,71453,95,1.7661959609813445
15,2000,20,41,122.8,False,71388,95,1.720177060570404
15,2000,20,42,134.3,False,71260,95,1.8846477687342127
15,2000,20,43,128.6,False,71691,95,1.7938095437363129
15,2000,20,44,139.2,False,71273,95,1.95305375106983
15,2000,20,45,124.5,False,71151,95,1.7497997217185985
15,2000,20,46,118.5,False,71261,94,1.6629011661357544
15,2000,20,47,123.0,False,71546,95,1.719173678472591
15,2000,20,48,120.9,False,71894,95,1.6816424180042842
15,2000,20,49,122.9,False,71643,95,1.7154502184442304
15,2000,20,50,488.8,True,71267,95,
15,2000,20,51,123.9,False,71580,95,1.7309304274937134
15,2000,20,52,120.9,False,71149,95,1.6992508678969487
15,2000,20,53,121.2,False,71621,95,1.692241102469946
15,2000,20,54,126.7,False,71320,95,1.776500280426248
15,2000,20,55,124.0,False,71243,95,1.740521875833415
15,2000,20,56,123.4,False,71235,95,1.7322945181441707
15,2000,20,57,120.2,False,71277,95,1.6863784951667438
15,2000,20,58,123.4,False,71487,95,1.7261879782338048
15,2000,20,59,122.6,False,71670,95,1.710618110785545
15,2000,20,60,122.3,False,71077,95,1.7206691334749638
15,2000,20,61,123.3,False,71285,95,1.7296766500666338
15,2000,20,62,127.6,False,71545,95,1.7834929065623035
15,2000,20,63,124.1,False,71434,95,1.7372679676344598
15,2000,20,64,122.7,False,71714,95,1.7109629918844298
15,2000,20,65,119.4,False,71886,95,1.6609631917202237
15,2000,20,66,120.8,False,71268,95,1.6950103833417522
15,2000,20,67,132.1,False,71411,95,1.8498550643458291
15,2000,20,68,124.5,False,71504,95,1.741161333631685
15,2000,20,69,122.5,False,71077,95,1.7234829832435246
15,2000,20,70,124.7,False,71098,95,1.7539171284705617
15,2000,20,71,125.7,False,71478,95,1.7585830605221187
15,2000,20,72,125.0,False,71258,95,1.7541890033399758
15,2000,20,73,124.5,False,71191,95,1.7488165638915032
15,2000,20,74,125.5,False,71790,95,1.7481543390444352
15,2000,20,75,492.0,True,71314,95,
15,2000,20,76,120.5,False,71794,95,1.6784132378750314
15,2000,20,77,121.6,False,71410,95,1.7028427391121692
15,2000,20,78,123.7,False,71646,95,1.726544398849901
15,2000,20,79,122.9,False,71875,95,1.7099130434782608
15,2000,20,80,119.1,False,71287,95,1.6707113498954929
15,2000,20,81,123.1,False,71714,95,1.7165407033494158
15,2000,20,82,122.4,False,71180,94,1.7195841528519247
15,2000,20,83,122.5,False,71634,94,1.7100818047295976
15,2000,20,84,124.0,False,71271,95,1.7398380828106803
15,2000,20,85,120.7,False,71219,95,1.6947724624046954
15,2000,20,86,118.8,False,71322,95,1.6656852023218642
15,2000,20,87,120.7,False,73004,95,1.6533340638869103
15,2000,20,88,118.7,False,71306,95,1.6646565506408997
15,2000,20,89,121.4,False,71111,95,1.7071901674846366
15,2000,20,90,125.4,False,71263,95,1.7596789357731222
15,2000,20,91,121.2,False,71259,95,1.7008377889108743
15,2000,20,92,120.7,False,71359,95,1.6914474698356199
15,2000,20,93,122.1,False,71478,95,1.7082179132040627
15,2000,20,94,122.0,False,71532,95,1.705530391992395
15,2000,20,95,120.9,False,71319,95,1.6952004374710807
15,2000,20,96,121.6,False,71553,95,1.6994395762581582
15,2000,20,97,121.4,False,71292,95,1.7028558604050945
15,2000,20,98,121.3,False,71385,95,1.6992365342859144
15,2000,20,99,120.9,False,71340,95,1.6947014297729184
15,2000,20,100,493.0,True,71238,95,
15,2000,20,101,121.2,False,71569,95,1.6934706367281924
15,2000,20,102,121.8,False,71463,95,1.7043784895680283
15,2000,20,103,124.9,False,72902,95,1.7132588955035528
15,2000,20,104,119.4,False,71762,95,1.6638332264987041
15,2000,20,105,118.7,False,71234,95,1.666339107729455
15,2000,20,106,118.8,False,71363,95,1.6647282205064249
15,2000,20,107,119.1,False,71231,95,1.6720248206539288
15,2000,20,108,118.8,False,71706,95,1.6567651242573844
15,2000,20,109,118.1,False,71147,95,1.6599434972662235
15,2000,20,110,118.9,False,71584,95,1.6609856951274027
15,2000,20,111,118.1,False,71029,95,1.6627011502344113
15,2000,20,112,119.4,False,71485,95,1.6702804784220466
15,2000,20,113,118.7,False,71470,94,1.6608367147054708
15,2000,20,114,118.4,False,71262,95,1.6614745586708204
15,2000,20,115,118.5,False,71152,94,1.665448617045199
15,2000,20,116,118.1,False,71345,95,1.655336743990469
15,2000,20,117,119.1,False,71228,95,1.6720952434435896
15,2000,20,118,119.1,False,71203,95,1.6726823308006684
15,2000,20,119,121.6,False,71184,95,1.7082490447291525
15,2000,20,120,118.3,False,71108,95,1.6636665354109241
15,2000,20,121,118.7,False,71529,95,1.6594667896936908
15,2000,20,122,123.0,False,71450,95,1.72148355493352
15,2000,20,123,121.9,False,71284,95,1.710061163795522
15,2000,20,124,122.9,False,71685,95,1.7144451419404338
15,2000,20,125,495.2,True,71071,95,
15,2000,20,126,121.1,False,70955,95,1.7067155239236136
15,2000,20,127,121.7,False,71150,95,1.7104708362614196
15,2000,20,128,124.5,False,72664,95,1.713365628096444
15,2000,20,129,122.5,False,71598,95,1.7109416464147043
15,2000,20,130,121.8,False,71357,95,1.7069103241447932
15,2000,20,131,121.0,False,70902,95,1.7065809145017066
15,2000,20,132,124.7,False,71181,95,1.7518719883114877
15,2000,20,133,118.6,False,71340,95,1.6624614522007288
15,2000,20,134,120.3,False,71325,95,1.68664563617245
15,2000,20,135,120.7,False,71330,95,1.692135146502173
15,2000,20,136,119.4,False,71562,95,1.6684832732455772
15,2000,20,137,119.3,False,71071,95,1.6786030870537914
15,2000,20,138,119.1,False,71569,94,1.6641283237155753
15,2000,20,139,119.9,False,71453,95,1.6780261150686466
15,2000,20,140,120.2,False,71137,95,1.689697344560496
15,2000,20,141,119.8,False,71213,95,1.6822771123249969
15,2000,20,142,125.3,False,72972,95,1.7170969687003235
15,2000,20,143,120.1,False,71524,95,1.679156646719982
15,2000,20,144,120.0,False,71869,95,1.6697046014275974
15,2000,20,145,119.5,False,71554,95,1.6700673617128323
15,2000,20,146,121.8,False,73089,95,1.6664614374256044
15,2000,20,147,119.4,False,71389,95,1.6725265797251678
15,2000,20,148,119.8,False,71328,95,1.6795648272768058
15,2000,20,149,119.5,False,70807,95,1.68768624571017
15,2000,20,150,490.0,True,71226,95,
15,2000,20,151,120.1,False,71362,95,1.6829685266668535
15,2000,20,152,119.3,False,71225,94,1.674973674973675
15,2000,20,153,119.6,False,71520,95,1.6722595078299776
15,2000,20,154,119.5,False,71545,95,1.670277447760151
15,2000,20,155,119.1,False,71237,95,1.6718839928688742
15,2000,20,156,119.3,False,71386,94,1.67119603283557
15,2000,20,157,120.6,False,71113,95,1.695892452856721
15,2000,20,158,123.2,False,71592,95,1.7208626662196893
15,2000,20,159,122.9,False,70970,95,1.7317176271664083
15,2000,20,160,122.3,False,71312,95,1.714998878169172
15,2000,20,161,120.8,False,71575,95,1.6877401327279078
15,2000,20,162,119.3,False,71223,95,1.6750207096022351
15,2000,20,163,119.4,False,71244,95,1.6759306046824995
15,2000,20,164,120.2,False,71651,95,1.6775760282480356
15,2000,20,165,118.7,False,71045,95,1.67077204588641
15,2000,20,166,118.4,False,71615,93,1.6532849263422467
15,2000,20,167,121.1,False,70864,95,1.7089072025287875
15,2000,20,168,119.9,False,70646,95,1.697194462531495
15,2000,20,169,121.0,False,71195,95,1.6995575531989606
15,2000,20,170,123.1,False,73064,95,1.6848242636592576
15,2000,20,171,122.8,False,71299,95,1.72232429627344
15,2000,20,172,121.3,False,71166,95,1.7044656156029565
15,2000,20,173,123.1,False,71296,95,1.726604578096948
15,2000,20,174,120.7,False,71389,95,1.6907366681141351
15,2000,20,175,488.7,True,71457,95,
15,2000,20,176,120.9,False,71280,95,1.6961279461279462
15,2000,20,177,119.6,False,71239,95,1.678855682982636
15,2000,20,178,119.1,False,70974,95,1.6780792966438414
15,2000,20,179,121.2,False,71528,95,1.69444133765798
15,2000,20,180,122.0,False,71399,95,1.7087074048656143
15,2000,20,181,122.5,False,71534,95,1.7124723907512511
15,2000,20,182,119.7,False,71106,95,1.6834022445363261
15,2000,20,183,120.9,False,71243,95,1.6970088289375798
15,2000,20,184,120.4,False,71389,95,1.6865343400243735
15,2000,20,185,121.0,False,71287,94,1.6973641757964286
15,2000,20,186,120.9,False,71493,95,1.6910746506651
15,2000,20,187,121.2,False,70854,95,1.710559742569227
15,2000,20,188,121.3,False,71243,95,1.7026234156338167
15,2000,20,189,121.5,False,70990,95,1.711508663191999
15,2000,20,190,121.0,False,71070,95,1.702546784859997
15,2000,20,191,123.9,False,71429,95,1.7345895924624453
15,2000,20,192,121.8,False,71579,95,1.7016163958702972
15,2000,20,193,121.7,False,71086,94,1.7120108038150972
15,2000,20,194,121.0,False,71165,95,1.7002740111009627
15,2000,20,195,121.7,False,71501,95,1.7020740968657782
15,2000,20,196,122.1,False,71185,95,1.7152489990868862
15,2000,20,197,121.6,False,71145,95,1.7091854663012158
15,2000,20,198,122.4,False,71240,95,1.7181358787198204
15,2000,20,199,122.7,False,71027,95,1.727512072873696
15,2000,20,200,489.5,True,71610,95,
15,2000,20,201,123.6,False,71515,94,1.7283087464168356
15,2000,20,202,122.1,False,71768,95,1.7013153494593691
15,2000,20,203,122.7,False,71286,95,1.7212355862301154
15,2000,20,204,122.1,False,71435,94,1.709246167844894
15,2000,20,205,125.0,False,72752,95,1.7181658236199693
15,2000,20,206,121.4,False,71761,95,1.6917267039199566
15,2000,20,207,122.8,False,71471,95,1.7181794014355474
15,2000,20,208,121.6,False,71569,95,1.6990596487305956
15,2000,20,209,122.1,False,70685,95,1.7273820471104195
15,2000,20,210,122.7,False,70948,95,1.7294356430061453
15,2000,20,211,122.3,False,71259,95,1.7162744355099004
15,2000,20,212,123.1,False,71416,95,1.7237033717934356
15,2000,20,213,122.7,False,71456,95,1.717140618002687
15,2000,20,214,120.4,False,71062,94,1.6942951225690241
15,2000,20,215,124.0,False,71038,95,1.7455446380810271
15,2000,20,216,122.9,False,71849,95,1.7105318097677074
15,2000,20,217,121.5,False,71110,95,1.7086204471944875
15,2000,20,218,120.7,False,71046,95,1.6988993046758438
15,2000,20,219,122.0,False,71423,95,1.7081332343922826
15,2000,20,220,123.0,False,70674,95,1.7403854317004839
15,2000,20,221,122.7,False,71485,95,1.7164440092327062
15,2000,20,222,121.7,False,71313,95,1.706561216047565
15,2000,20,223,120.4,False,70998,95,1.6958224175328882
15,2000,20,224,122.3,False,70976,95,1.7231176735798017
15,2000,20,225,500.3,True,71428,95,
15,2000,20,226,127.2,False,71101,95,1.7890043740594366
15,2000,20,227,146.1,False,71222,95,2.051332453455393
15,2000,20,228,132.1,False,72929,95,1.8113507658133252
15,2000,20,229,128.4,False,71406,95,1.798168221157886
15,2000,20,230,120.8,False,72918,95,1.6566554211580131
15,2000,20,231,120.9,False,71347,94,1.6945351591517512
15,2000,20,232,120.8,False,71323,95,1.6937032934677454
15,2000,20,233,123.0,False,71518,95,1.719846751866663
15,2000,20,234,121.5,False,71063,95,1.7097505030747364
15,2000,20,235,120.9,False,71095,95,1.7005415289401504
15,2000,20,236,122.9,False,72863,95,1.6867271454647763
15,2000,20,237,121.2,False,70731,95,1.7135343767230775
15,2000,20,238,121.3,False,71275,95,1.701858996843213
15,2000,20,239,120.7,False,71214,95,1.6948914539275985
15,2000,20,240,121.8,False,71363,95,1.7067668119333548
15,2000,20,241,120.4,False,71418,94,1.6858495057268477
15,2000,20,242,123.6,False,71413,95,1.7307773094534609
15,2000,20,243,124.9,False,70658,94,1.7676696198590394
15,2000,20,244,122.0,False,71096,95,1.7159896478001575
15,2000,20,245,122.3,False,71375,95,1.7134851138353766
15,2000,20,246,122.1,False,71364,95,1.710946695813015
15,2000,20,247,125.5,False,72952,95,1.7203092444346968
15,2000,20,248,123.0,False,71631,95,1.7171336432550153
15,2000,20,249,124.2,False,71403,95,1.7394227133313727
15,2000,20,250,492.7,True,71215,95,
15,2000,20,251,121.6,False,71170,95,1.708585077982296
15,2000,20,252,119.9,False,71313,95,1.681320376368965
15,2000,20,253,120.9,False,71269,95,1.6963897346672465
15,2000,20,254,120.5,False,71185,95,1.6927723537262063
15,2000,20,255,120.4,False,71045,95,1.694700541910057
15,2000,20,256,121.0,False,71295,95,1.6971737148467634
15,2000,20,257,119.8,False,71245,95,1.6815215102814232
15,2000,20,258,121.5,False,71422,95,1.7011565063985887
15,2000,20,259,117.1,False,71195,95,1.6447784254512254
15,2000,20,260,117.0,False,71020,95,1.6474232610532245
15,2000,20,261,117.6,False,71359,95,1.6480051570229404
15,2000,20,262,117.4,False,71415,95,1.6439123433452356
15,2000,20,263,117.5,False,71463,95,1.6442074919888614
15,2000,20,264,116.5,False,70261,95,1.6581033574813908
15,2000,20,265,118.5,False,71416,95,1.6592920353982301
15,2000,20,266,117.6,False,71372,95,1.6477049823460181
15,2000,20,267,118.2,False,71026,94,1.6641793146171824
15,2000,20,268,117.3,False,70870,95,1.6551432199802456
15,2000,20,269,117.9,False,71566,95,1.647430344018109
15,2000,20,270,117.8,False,71414,95,1.6495365054471112
15,2000,20,271,117.4,False,71311,95,1.6463098259735525
15,2000,20,272,117.5,False,71501,95,1.6433336596690955
15,2000,20,273,117.5,False,71236,95,1.6494469088663035
15,2000,20,274,116.6,False,71028,95,1.6416061271611195
15,2000,20,275,480.8,True,71283,95,
15,2000,20,276,116.8,False,71010,95,1.6448387551049148
15,2000,20,277,117.8,False,71588,95,1.6455271833268146
15,2000,20,278,118.1,False,71822,95,1.6443429589819276
15,2000,20,279,117.1,False,71279,94,1.6428401071844443
15,2000,20,280,119.9,False,72704,95,1.6491527288732395
15,2000,20,281,118.5,False,71667,95,1.6534806814852023
15,2000,20,282,117.7,False,71510,95,1.6459236470423717
15,2000,20,283,117.0,False,71398,94,1.6387013641838708
15,2000,20,284,117.8,False,71014,95,1.6588278367645817
15,2000,20,285,117.9,False,71127,95,1.657598380361888
15,2000,20,286,117.1,False,70875,95,1.6522045855379188
15,2000,20,287,118.6,False,71440,95,1.66013437849944
15,2000,20,288,118.6,False,71496,95,1.6588340606467495
15,2000,20,289,118.3,False,71052,95,1.6649777627652986
15,2000,20,290,118.6,False,71325,95,1.6628110760602874
15,2000,20,291,118.2,False,71613,94,1.6505383100833648
15,2000,20,292,118.6,False,71219,95,1.6652859489742906
15,2000,20,293,118.9,False,71192,95,1.6701314754466794
15,2000,20,294,120.9,False,71685,95,1.6865453023645114
15,2000,20,295,117.7,False,71213,95,1.6527881145296506
15,2000,20,296,118.8,False,71190,95,1.6687737041719342
15,2000,20,297,120.1,False,72715,94,1.6516537165646703
15,2000,20,298,119.4,False,71766,95,1.6637404899255914
15,2000,20,299,118.4,False,71289,95,1.6608452916999819
15,2000,20,300,486.7,True,71361,95,
15,2000,20,301,121.4,False,72924,95,1.6647468597443915
15,2000,20,302,119.3,False,71377,95,1.6714067556775993
15,2000,20,303,118.1,False,71126,95,1.6604335967156876
15,2000,20,304,118.5,False,71586,95,1.6553516050624424
15,2000,20,305,118.3,False,71180,94,1.6619837032874403
15,2000,20,306,120.8,False,72915,95,1.6567235822533086
15,2000,20,307,118.2,False,71218,95,1.6596927742986323
15,2000,20,308,119.0,False,71499,95,1.664358942083106
15,2000,20,309,117.7,False,70719,94,1.6643334888785193
15,2000,20,310,118.4,False,70793,95,1.6724817425451668
15,2000,20,311,118.9,False,71010,95,1.6744120546401915
15,2000,20,312,117.7,False,71180,93,1.653554369204833
15,2000,20,313,119.1,False,71349,95,1.669259555144431
15,2000,20,314,118.4,False,70659,95,1.6756534907088976
15,2000,20,315,118.9,False,71242,95,1.6689593217484069
15,2000,20,316,122.1,False,70968,95,1.720493743659114
15,2000,20,317,118.9,False,71327,95,1.6669704319542389
15,2000,20,318,119.2,False,71767,95,1.6609305112377555
15,2000,20,319,118.5,False,71301,95,1.6619682753397569
15,2000,20,320,118.4,False,70983,95,1.66800501528535
15,2000,20,321,119.1,False,71035,95,1.6766382769057506
15,2000,20,322,118.0,False,71212,95,1.657024097062293
15,2000,20,323,116.9,False,70918,95,1.6483826391043177
15,2000,20,324,117.3,False,71184,95,1.6478422117329736
15,2000,20,325,482.4,True,71802,95,
15,2000,20,326,117.5,False,71281,95,1.6484056059819587
15,2000,20,327,117.5,False,71162,95,1.6511621370956409
15,2000,20,328,121.1,False,71311,95,1.698195229347506
15,2000,20,329,117.4,False,71128,95,1.6505454954448318
15,2000,20,330,116.3,False,70822,94,1.6421450961565616
15,2000,20,331,117.1,False,71254,95,1.6434165099503186
15,2000,20,332,117.9,False,71126,95,1.6576216854596069
15,2000,20,333,117.3,False,71690,94,1.6362114660343143
15,2000,20,334,117.7,False,71237,95,1.6522312843045046
15,2000,20,335,117.9,False,71215,95,1.6555500947834023
15,2000,20,336,117.5,False,71307,95,1.6478045633668503
15,2000,20,337,118.6,False,71101,95,1.6680496758132797
15,2000,20,338,116.6,False,70868,95,1.6453124118078681
15,2000,20,339,116.4,False,71196,94,1.6349233102983314
15,2000,20,340,117.3,False,71134,95,1.6490004779711531
15,2000,20,341,117.4,False,71330,95,1.6458713023973084
15,2000,20,342,116.9,False,70638,95,1.654916617118265
15,2000,20,343,117.0,False,70552,95,1.6583512869939903
15,2000,20,344,117.3,False,70879,94,1.6549330549245898
15,2000,20,345,117.8,False,71465,95,1.6483593367382634
15,2000,20,346,118.4,False,71556,95,1.654648107775728
15,2000,20,347,117.2,False,70923,95,1.652496369301919
15,2000,20,348,117.3,False,71184,95,1.6478422117329736
15,2000,20,349,117.2,False,70622,95,1.6595395202628076
15,2000,20,350,480.4,True,70851,95,
15,2000,20,351,116.7,False,71341,95,1.635805497539984
15,2000,20,352,117.0,False,71196,95,1.6433507500421372
15,2000,20,353,116.8,False,71038,95,1.6441904332892254
15,2000,20,354,116.8,False,70775,95,1.6503002472624515
15,2000,20,355,116.7,False,71154,95,1.6401045619360823
15,2000,20,356,117.9,False,71361,95,1.652162946147055
15,2000,20,357,121.9,False,72900,95,1.672153635116598
15,2000,20,358,117.4,False,70571,95,1.6635728557056015
15,2000,20,359,118.2,False,71627,95,1.650215700783224
15,2000,20,360,119.8,False,71294,95,1.6803658091845035
15,2000,20,361,117.1,False,71280,95,1.6428170594837261
15,2000,20,362,117.4,False,71296,95,1.6466561938958708
15,2000,20,363,117.7,False,71680,95,1.6420200892857142
15,2000,20,364,116.9,False,70647,95,1.6547057907625236
15,2000,20,365,117.3,False,71087,95,1.6500907338894595
15,2000,20,366,117.1,False,71059,95,1.6479263710437806
15,2000,20,367,117.0,False,71070,94,1.646264246517518
15,2000,20,368,117.5,False,71593,95,1.6412219071696954
15,2000,20,369,117.6,False,71683,95,1.6405563383228938
15,2000,20,370,117.5,False,71256,95,1.6489839452116313
15,2000,20,371,117.5,False,71110,95,1.6523695682745043
15,2000,20,372,117.5,False,71273,95,1.648590630392996
15,2000,20,373,117.2,False,71116,95,1.6480116991956804
15,2000,20,374,118.8,False,70853,95,1.6767109367281554
15,2000,20,375,482.3,True,71048,95,
15,2000,20,376,118.3,False,71306,95,1.6590469245224806
15,2000,20,377,117.4,False,71107,95,1.6510329503424417
15,2000,20,378,117.3,False,71237,95,1.6466162247146847
15,2000,20,379,118.0,False,71399,95,1.652684211263463
15,2000,20,380,117.1,False,71538,94,1.636892281025469
15,2000,20,381,117.4,False,70789,95,1.6584497591433698
15,2000,20,382,117.7,False,71187,95,1.6533917709694186
15,2000,20,383,117.4,False,71066,95,1.6519854782877887
15,2000,20,384,117.2,False,70991,95,1.6509134960769676
15,2000,20,385,120.0,False,73080,95,1.6420361247947455
15,2000,20,386,117.1,False,71003,95,1.6492260890384913
15,2000,20,387,119.8,False,72905,95,1.6432343460667993
15,2000,20,388,117.8,False,71411,95,1.6496058030275447
15,2000,20,389,117.6,False,71269,95,1.6500862927780662
15,2000,20,390,118.3,False,71258,95,1.6601644727609532
15,2000,20,391,117.7,False,71417,95,1.64806698685187
15,2000,20,392,120.1,False,73065,95,1.6437418736741258
15,2000,20,393,117.6,False,71327,95,1.6487445146999034
15,2000,20,394,119.3,False,71627,95,1.6655730381001577
15,2000,20,395,117.7,False,71143,95,1.6544143485655651
15,2000,20,396,117.3,False,71208,95,1.6472868217054264
15,2000,20,397,117.8,False,71789,95,1.6409199180933012
15,2000,20,398,117.9,False,71546,95,1.6478908674139714
15,2000,20,399,117.7,False,71066,95,1.6562069062561562
15,2000,20,400,483.1,True,71106,95,
15,2000,20,401,118.2,False,71074,95,1.6630554070405492
15,2000,20,402,117.7,False,71261,95,1.651674829149184
15,2000,20,403,117.7,False,71666,95,1.6423408589847348
15,2000,20,404,117.0,False,71167,95,1.6440204027147414
15,2000,20,405,116.7,False,71261,94,1.637641907915971
15,2000,20,406,117.4,False,71444,94,1.6432450590672414
15,2000,20,407,119.4,False,72867,95,1.6386018362221582
15,2000,20,408,119.3,False,72856,95,1.637476666300648
15,2000,20,409,117.7,False,71553,95,1.6449345240590891
15,2000,20,410,117.0,False,71131,95,1.6448524553289001
15,2000,20,411,119.7,False,73094,95,1.6376173146906723
15,2000,20,412,117.5,False,71662,95,1.6396416510842566
15,2000,20,413,117.6,False,71592,95,1.6426416359369762
15,2000,20,414,117.2,False,71990,94,1.6280038894290874
15,2000,20,415,119.6,False,72920,95,1.6401535929786066
15,2000,20,416,117.2,False,71348,95,1.6426529124852833
15,2000,20,417,117.3,False,71238,95,1.646593110418597
15,2000,20,418,117.6,False,71734,95,1.6393899684947166
15,2000,20,419,117.5,False,71358,95,1.646626867344937
15,2000,20,420,116.6,False,71037,95,1.6413981446288555
15,2000,20,421,119.3,False,73064,95,1.6328150662432936
15,2000,20,422,116.6,False,71240,95,1.6367209432902863
15,2000,20,423,116.2,False,71403,94,1.6273826029718639
15,2000,20,424,117.2,False,71567,95,1.637626280268839
15,2000,20,425,481.4,True,71676,95,
15,2000,20,426,117.0,False,71272,95,1.641598383656976
15,2000,20,427,117.2,False,71696,95,1.63467975898237
15,2000,20,428,116.6,False,71073,95,1.6405667412378822
15,2000,20,429,116.7,False,71048,95,1.6425515144690914
15,2000,20,430,117.2,False,71135,95,1.647571518942855
15,2000,20,431,119.1,False,71237,95,1.6718839928688742
15,2000,20,432,117.2,False,71059,95,1.6493336523170885
15,2000,20,433,118.2,False,71853,95,1.6450252599056407
15,2000,20,434,117.2,False,71407,95,1.6412956712927305
15,2000,20,435,117.3,False,71295,95,1.6452766673679782
15,2000,20,436,117.0,False,71308,95,1.6407696191170695
15,2000,20,437,116.5,False,71058,94,1.639505755861409
15,2000,20,438,117.0,False,71259,95,1.6418978655327747
15,2000,20,439,117.1,False,71128,95,1.6463277471600495
15,2000,20,440,116.9,False,71338,95,1.6386778435055651
15,2000,20,441,116.9,False,71367,95,1.6380119663149635
15,2000,20,442,118.1,False,71457,95,1.6527422086009769
15,2000,20,443,117.0,False,71414,94,1.638334220180917
15,2000,20,444,118.1,False,71380,95,1.6545250770523956
15,2000,20,445,118.0,False,71436,95,1.6518282098661738
15,2000,20,446,118.0,False,71589,95,1.6482979228652446
15,2000,20,447,118.3,False,71776,95,1.6481832367365137
15,2000,20,448,117.5,False,71216,95,1.649910132554482
15,2000,20,449,120.3,False,73166,95,1.6442063253423722
15,2000,20,450,483.8,True,71455,95,
15,2000,20,451,118.9,False,71264,95,1.66844409519533
15,2000,20,452,118.9,False,71006,95,1.674506379742557
15,2000,20,453,119.3,False,70851,95,1.6838153307645622
15,2000,20,454,119.3,False,71826,95,1.6609584273104447
15,2000,20,455,118.2,False,70740,94,1.6709075487701441
15,2000,20,456,119.1,False,71375,95,1.6686514886164623
15,2000,20,457,118.8,False,70746,95,1.6792468832160121
15,2000,20,458,118.9,False,71448,95,1.6641473519202776
15,2000,20,459,119.1,False,71485,95,1.6660837938028956
15,2000,20,460,119.0,False,71559,95,1.6629634287790493
15,2000,20,461,121.5,False,71327,95,1.7034222664629102
15,2000,20,462,122.3,False,71417,95,1.7124774213422576
15,2000,20,463,119.8,False,71473,95,1.6761574300784912
15,2000,20,464,118.6,False,71059,95,1.669035590143402
15,2000,20,465,124.7,False,71292,95,1.7491443640240139
15,2000,20,466,119.2,False,71198,95,1.6742043315823478
15,2000,20,467,119.0,False,71465,93,1.665150773105716
15,2000,20,468,119.0,False,71150,95,1.6725228390723823
15,2000,20,469,118.8,False,70931,95,1.6748671243884903
15,2000,20,470,120.0,False,71552,95,1.6771019677996422
15,2000,20,471,119.2,False,71716,95,1.6621116626694183
15,2000,20,472,119.5,False,70845,95,1.6867810007763426
15,2000,20,473,119.5,False,71461,95,1.6722408026755853
15,2000,20,474,120.1,False,71180,95,1.6872717055352626
15,2000,20,475,483.2,True,71065,95,
15,2000,20,476,118.4,False,71375,94,1.658844133099825
15,2000,20,477,120.6,False,72910,95,1.6540940886023865
15,2000,20,478,120.0,False,72705,94,1.6505054672993604
15,2000,20,479,118.3,False,71057,95,1.6648606048665155
15,2000,20,480,118.0,False,70917,95,1.6639169733632275
15,2000,20,481,118.9,False,71552,95,1.6617285330948122
15,2000,20,482,118.7,False,71675,95,1.656086501569585
15,2000,20,483,117.9,False,71091,95,1.658437776933789
15,2000,20,484,118.7,False,71577,95,1.6583539405116168
15,2000,20,485,117.7,False,71082,95,1.655834107087589
15,2000,20,486,118.1,False,71451,95,1.6528809953674546
15,2000,20,487,118.2,False,71321,95,1.6572958876067359
15,2000,20,488,117.9,False,71283,94,1.6539707924750642
15,2000,20,489,118.5,False,71154,95,1.6654018045366388
15,2000,20,490,118.0,False,70853,95,1.6654199539892454
15,2000,20,491,120.9,False,71387,95,1.6935856668581115
15,2000,20,492,118.3,False,71046,95,1.665118374011204
15,2000,20,493,117.9,False,71321,95,1.6530895528666172
15,2000,20,494,119.5,False,72693,95,1.6438996877278418
15,2000,20,495,117.2,False,71126,95,1.6477799960633241
15,2000,20,496,117.4,False,71025,95,1.6529391059486096
15,2000,20,497,117.8,False,71181,95,1.6549360082044366
15,2000,20,498,116.6,False,70811,94,1.6466368219626895
15,2000,20,499,117.5,False,71074,95,1.6532065171511383
15,2000,20,500,482.3,True,71122,95,
16,2000,40,1,140.2,False,73040,95,1.9194961664841184
16,2000,40,2,145.7,False,73778,95,1.974843449266719
16,2000,40,3,137.4,False,73541,95,1.8683455487415184
16,2000,40,4,136.6,False,73489,95,1.8587815863598633
16,2000,40,5,139.1,False,75411,95,1.8445584861624962
16,2000,40,6,138.6,False,75245,95,1.8419828560037212
16,2000,40,7,137.0,False,74178,95,1.8469087869718785
16,2000,40,8,135.6,False,73557,95,1.843468330682328
16,2000,40,9,135.7,False,73621,95,1.843224080085845
16,2000,40,10,134.1,False,73084,94,1.8348749384270155
16,2000,40,11,135.3,False,74068,95,1.8266997893827295
16,2000,40,12,134.4,False,73347,95,1.832385782649597
16,2000,40,13,136.8,False,75371,95,1.8150216926934764
16,2000,40,14,136.0,False,74114,95,1.83501092910921
16,2000,40,15,143.1,False,73139,94,1.95654848986177
16,2000,40,16,134.8,False,73742,95,1.8279949011418188
16,2000,40,17,136.8,False,75359,95,1.8153107127217718
16,2000,40,18,133.5,False,72581,95,1.8393243410809992
16,2000,40,19,134.1,False,73727,94,1.8188723262848074
16,2000,40,20,134.4,False,73607,95,1.825913296289755
16,2000,40,21,134.8,False,73890,95,1.824333468669644
16,2000,40,22,133.8,False,73117,95,1.829943788722185
16,2000,40,23,135.9,False,73039,95,1.8606497898383056
16,2000,40,24,134.2,False,73669,95,1.8216617573199039
16,2000,40,25,530.5,True,73802,94,
16,2000,40,26,136.4,False,73725,95,1.8501186842997626
16,2000,40,27,134.0,False,73117,95,1.8326791307083168
16,2000,40,28,134.3,False,73561,95,1.8256956811353842
16,2000,40,29,134.6,False,73845,95,1.8227368135960458
16,2000,40,30,134.4,False,73960,95,1.8171984856679286
16,2000,40,31,133.3,False,73448,95,1.8148894455941618
16,2000,40,32,133.3,False,73308,95,1.8183554318764663
16,2000,40,33,133.1,False,73400,95,1.8133514986376023
16,2000,40,34,132.1,False,72897,95,1.8121459044953838
16,2000,40,35,133.2,False,73702,95,1.8072779571789097
16,2000,40,36,135.1,False,73362,95,1.841552847523241
16,2000,40,37,132.4,False,73416,94,1.8034215974719408
16,2000,40,38,134.0,False,73455,95,1.824246137090736
16,2000,40,39,135.3,False,73976,95,1.8289715583432464
16,2000,40,40,133.7,False,73265,94,1.8248822766668942
16,2000,40,41,133.7,False,73335,95,1.8231403831731097
16,2000,40,42,134.5,False,73717,95,1.8245452202341386
16,2000,40,43,134.7,False,73366,95,1.8360003271270071
16,2000,40,44,134.1,False,73411,95,1.8267017204506137
16,2000,40,45,134.9,False,73818,95,1.8274675553388062
16,2000,40,46,133.6,False,73095,95,1.8277583966071551
16,2000,40,47,133.9,False,73519,95,1.8212978957820427
16,2000,40,48,134.6,False,73740,95,1.8253322484404666
16,2000,40,49,133.7,False,73431,95,1.8207569010363471
16,2000,40,50,532.7,True,74000,95,
16,2000,40,51,133.1,False,73561,94,1.809382689196721
16,2000,40,52,134.4,False,73805,95,1.8210148363931984
16,2000,40,53,132.9,False,73568,94,1.8064919530230534
16,2000,40,54,138.0,False,73676,95,1.8730658559096585
16,2000,40,55,134.4,False,73357,95,1.8321359924751557
16,2000,40,56,133.1,False,72711,95,1.8305345821127477
16,2000,40,57,133.4,False,73127,95,1.8242236109781613
16,2000,40,58,134.2,False,73941,95,1.8149605766759984
16,2000,40,59,133.5,False,73578,95,1.8144010437902633
16,2000,40,60,133.1,False,73125,95,1.8201709401709403
16,2000,40,61,132.7,False,73381,95,1.808370014036331
16,2000,40,62,132.4,False,73613,95,1.7985953567983917
16,2000,40,63,132.8,False,73728,94,1.8012152777777777
16,2000,40,64,133.0,False,73429,95,1.8112734750575386
16,2000,40,65,132.7,False,73826,95,1.7974697261127517
16,2000,40,66,133.4,False,73035,95,1.826521530772917
16,2000,40,67,133.7,False,73714,95,1.8137667200260466
16,2000,40,68,133.2,False,73438,95,1.8137748849369537
16,2000,40,69,133.1,False,72911,95,1.8255132970333694
16,2000,40,70,133.0,False,73268,95,1.8152535895616095
16,2000,40,71,133.7,False,73588,95,1.8168723161385008
16,2000,40,72,133.3,False,73469,95,1.8143706869564034
16,2000,40,73,135.6,False,73279,95,1.8504619331595682
16,2000,40,74,133.0,False,73752,95,1.80334092634776
16,2000,40,75,534.5,True,73414,95,
16,2000,40,76,132.8,False,73462,95,1.807737333587433
16,2000,40,77,132.2,False,73441,95,1.8000844215084217
16,2000,40,78,137.8,False,73553,95,1.8734789879406686
16,2000,40,79,135.9,False,73621,95,1.8459406962687277
16,2000,40,80,134.4,False,73448,95,1.8298660276658316
16,2000,40,81,134.5,False,73246,95,1.8362777489555744
16,2000,40,82,137.3,False,73551,95,1.8667319275060843
16,2000,40,83,137.3,False,73692,95,1.8631601802095208
16,2000,40,84,139.3,False,73165,95,1.9039158067381945
16,2000,40,85,136.3,False,73123,95,1.863982604652435
16,2000,40,86,133.5,False,72879,95,1.8318034001564236
16,2000,40,87,135.9,False,75333,95,1.8039902831428458
16,2000,40,88,134.7,False,73514,95,1.8323040509290747
16,2000,40,89,132.6,False,73051,95,1.8151702235424567
16,2000,40,90,136.4,False,73164,95,1.8643048493794763
16,2000,40,91,132.9,False,72912,95,1.8227452271231073
16,2000,40,92,134.6,False,73123,95,1.8407341055481858
16,2000,40,93,137.5,False,73215,95,1.8780304582394318
16,2000,40,94,138.7,False,73786,94,1.8797603881495135
16,2000,40,95,136.4,False,73587,95,1.8535882696671966
16,2000,40,96,133.8,False,73096,94,1.8304695195359528
16,2000,40,97,135.8,False,73362,95,1.8510945721218068
16,2000,40,98,138.3,False,72779,95,1.9002734305225408
16,2000,40,99,145.8,False,73246,95,1.9905523851131803
16,2000,40,100,530.2,True,72937,95,
16,2000,40,101,133.1,False,73651,95,1.8071716609414672
16,2000,40,102,133.2,False,73841,95,1.8038758955052072
16,2000,40,103,137.2,False,75294,95,1.8221903471724175
16,2000,40,104,135.0,False,73681,95,1.8322226897029086
16,2000,40,105,147.4,False,73673,95,2.000732968658803
16,2000,40,106,162.3,False,72944,95,2.2249945163413027
16,2000,40,107,149.5,False,72799,95,2.053599637357656
16,2000,40,108,134.0,False,73535,95,1.8222615081253826
16,2000,40,109,132.6,False,72721,95,1.8234072688769407
16,2000,40,110,148.3,False,73410,95,2.0201607410434548
16,2000,40,111,139.9,False,73133,95,1.912953112821845
16,2000,40,112,135.4,False,73055,95,1.853398124700568
16,2000,40,113,133.8,False,72901,95,1.8353657700168722
16,2000,40,114,134.9,False,73281,95,1.8408591585813512
16,2000,40,115,134.0,False,73414,95,1.8252649358432997
16,2000,40,116,132.8,False,73416,95,1.8088700010896808
16,2000,40,117,132.7,False,73388,95,1.808197525481005
16,2000,40,118,135.7,False,73394,95,1.8489249802436167
16,2000,40,119,132.5,False,72740,95,1.8215562276601596
16,2000,40,120,131.9,False,73001,94,1.806824564047068
16,2000,40,121,132.1,False,73269,95,1.8029453111138407
16,2000,40,122,131.7,False,72815,95,1.8086932637506008
16,2000,40,123,132.0,False,73281,95,1.801285462807549
16,2000,40,124,133.5,False,73822,95,1.8084039988079434
16,2000,40,125,521.7,True,72704,95,
16,2000,40,126,131.7,False,73444,95,1.7932029845868962
16,2000,40,127,131.6,False,72977,95,1.8033078915274676
16,2000,40,128,135.5,False,75166,95,1.8026767421440546
16,2000,40,129,134.9,False,73682,94,1.8308406395048995
16,2000,40,130,132.3,False,72925,95,1.8141926636955776
16,2000,40,131,132.1,False,72788,95,1.814859592240479
16,2000,40,132,133.6,False,73029,95,1.8294102342904874
16,2000,40,133,131.6,False,73270,95,1.7960966289067832
16,2000,40,134,131.6,False,73028,95,1.8020485293312154
16,2000,40,135,135.4,False,72703,95,1.8623715665103229
16,2000,40,136,131.0,False,73169,95,1.790375705558365
16,2000,40,137,130.8,False,73445,94,1.7809245013275241
16,2000,40,138,131.4,False,73454,95,1.78887466986141
16,2000,40,139,132.9,False,72882,95,1.823495513295464
16,2000,40,140,131.4,False,73341,95,1.791630874953982
16,2000,40,141,130.7,False,72620,95,1.7997796750206552
16,2000,40,142,133.6,False,75005,95,1.7812145856942871
16,2000,40,143,130.7,False,72664,95,1.798689860178355
16,2000,40,144,130.9,False,73119,95,1.7902323609458555
16,2000,40,145,131.4,False,73016,95,1.7996055659033636
16,2000,40,146,134.2,False,75094,95,1.7870935094681333
16,2000,40,147,130.5,False,72587,95,1.797842588893328
16,2000,40,148,132.7,False,73250,95,1.8116040955631398
16,2000,40,149,130.7,False,72453,95,1.803928063710267
16,2000,40,150,520.6,True,72684,95,
16,2000,40,151,131.9,False,73467,95,1.7953639048824643
16,2000,40,152,131.6,False,72891,95,1.8054355133006819
16,2000,40,153,131.3,False,73007,95,1.7984576821400688
16,2000,40,154,131.7,False,73280,95,1.79721615720524
16,2000,40,155,131.0,False,72855,95,1.7980921007480613
16,2000,40,156,130.5,False,72230,95,1.8067285061608749
16,2000,40,157,131.4,False,72945,95,1.8013571869216534
16,2000,40,158,132.2,False,73247,95,1.804852075852936
16,2000,40,159,131.5,False,73043,95,1.8003094067877825
16,2000,40,160,131.8,False,73304,95,1.7979919240423443
16,2000,40,161,134.7,False,73122,95,1.84212685648642
16,2000,40,162,132.4,False,73174,95,1.809385847432148
16,2000,40,163,132.5,False,73205,95,1.8099856567174373
16,2000,40,164,131.7,False,73169,95,1.7999425986415012
16,2000,40,165,131.8,False,73142,94,1.801974241885647
16,2000,40,166,131.7,False,73130,95,1.8009025023929988
16,2000,40,167,137.4,False,72083,94,1.9061359821317092
16,2000,40,168,132.0,False,72661,94,1.816655427258089
16,2000,40,169,131.1,False,72569,95,1.8065565186236547
16,2000,40,170,134.2,False,75136,95,1.786094548551959
16,2000,40,171,131.8,False,73097,95,1.803083573881281
16,2000,40,172,132.1,False,72873,95,1.8127427167812495
16,2000,40,173,132.8,False,73383,95,1.8096834416690515
16,2000,40,174,132.4,False,72840,95,1.8176825919824273
16,2000,40,175,521.6,True,73320,95,
16,2000,40,176,135.0,False,72662,95,1.8579174809391428
16,2000,40,177,135.3,False,72861,95,1.8569605138551488
16,2000,40,178,131.6,False,73383,94,1.7933308804491503
16,2000,40,179,131.8,False,73101,95,1.8029849112871232
16,2000,40,180,130.8,False,73097,95,1.789403121879147
16,2000,40,181,131.7,False,73100,95,1.801641586867305
16,2000,40,182,136.3,False,72831,95,1.8714558361137428
16,2000,40,183,131.3,False,72355,95,1.8146638103793795
16,2000,40,184,134.9,False,72894,95,1.8506324251653086
16,2000,40,185,130.8,False,72533,94,1.803317110832311
16,2000,40,186,131.2,False,73072,95,1.7954893803372016
16,2000,40,187,131.5,False,72912,95,1.803543998244459
16,2000,40,188,131.4,False,72797,95,1.8050194376141875
16,2000,40,189,131.7,False,73067,95,1.8024552807697045
16,2000,40,190,132.1,False,73482,95,1.7977191693203778
16,2000,40,191,130.3,False,73061,94,1.7834412340373116
16,2000,40,192,132.1,False,73588,95,1.7951296407022883
16,2000,40,193,138.2,False,73820,95,1.8721213763207802
16,2000,40,194,131.0,False,72778,95,1.799994503833576
16,2000,40,195,131.5,False,73213,95,1.7961291027549753
16,2000,40,196,131.3,False,73191,95,1.793936412946947
16,2000,40,197,130.8,False,73224,94,1.7862995739101937
16,2000,40,198,131.3,False,73187,95,1.7940344596717996
16,2000,40,199,131.2,False,72982,95,1.7977035433394535
16,2000,40,200,520.3,True,72881,95,
16,2000,40,201,130.8,False,73018,95,1.7913391218603634
16,2000,40,202,131.9,False,73763,95,1.7881593752965579
16,2000,40,203,131.9,False,73042,95,1.8058103556857699
16,2000,40,204,132.1,False,73510,95,1.7970344170861108
16,2000,40,205,133.9,False,74880,95,1.7881944444444444
16,2000,40,206,131.5,False,73180,95,1.7969390543864443
16,2000,40,207,131.3,False,73097,95,1.796243347880214
16,2000,40,208,130.7,False,72585,95,1.800647516704553
16,2000,40,209,130.8,False,72854,95,1.7953715650479043
16,2000,40,210,131.8,False,72891,95,1.808179336269224
16,2000,40,211,131.6,False,73017,95,1.8023200076694468
16,2000,40,212,131.6,False,73037,95,1.8018264715144379
16,2000,40,213,132.2,False,73346,95,1.802415946336542
16,2000,40,214,132.2,False,73143,95,1.8074183448860452
16,2000,40,215,131.4,False,73017,94,1.7995809195118946
16,2000,40,216,132.4,False,73697,94,1.7965453139205123
16,2000,40,217,131.9,False,72670,95,1.8150543553048026
16,2000,40,218,130.6,False,73218,93,1.7837143871725532
16,2000,40,219,132.4,False,73652,95,1.7976429696410146
16,2000,40,220,132.3,False,72771,95,1.8180319083151255
16,2000,40,221,132.8,False,73242,95,1.8131673083749762
16,2000,40,222,133.8,False,74004,95,1.8080103778174152
16,2000,40,223,134.6,False,73725,95,1.8257036283485928
16,2000,40,224,132.9,False,73570,95,1.8064428435503601
16,2000,40,225,531.0,True,73999,95,
16,2000,40,226,134.8,False,73089,95,1.8443267796795688
16,2000,40,227,135.9,False,73343,95,1.8529375673206714
16,2000,40,228,138.1,False,75221,95,1.8359234788157563
16,2000,40,229,138.2,False,73616,95,1.8773092805911757
16,2000,40,230,141.5,False,75408,95,1.8764587311691068
16,2000,40,231,136.7,False,73168,95,1.8683030833151104
16,2000,40,232,135.5,False,73466,95,1.8443906024555576
16,2000,40,233,135.4,False,74122,94,1.8267181133806427
16,2000,40,234,137.4,False,73484,95,1.8697947852593761
16,2000,40,235,139.7,False,73507,95,1.90049927217816
16,2000,40,236,142.7,False,75449,95,1.8913438216543625
16,2000,40,237,134.8,False,73164,95,1.8424361707943797
16,2000,40,238,132.7,False,73611,95,1.8027197022184185
16,2000,40,239,132.4,False,73721,95,1.795960445463301
16,2000,40,240,145.7,False,73648,95,1.9783293504236368
16,2000,40,241,152.7,False,74099,95,2.0607565554191014
16,2000,40,242,143.0,False,73590,95,1.9431988041853512
16,2000,40,243,142.4,False,73400,95,1.9400544959128065
16,2000,40,244,142.4,False,73371,95,1.9408213054203978
16,2000,40,245,141.0,False,73850,95,1.9092755585646581
16,2000,40,246,150.8,False,73732,95,2.045244941138176
16,2000,40,247,150.0,False,75160,95,1.9957424161788184
16,2000,40,248,154.0,False,73794,95,2.0868905331056724
16,2000,40,249,144.6,False,74206,95,1.9486294908767485
16,2000,40,250,597.3,True,73733,95,
16,2000,40,251,142.3,False,74329,95,1.914461381156749
16,2000,40,252,160.2,False,72922,95,2.1968678862346067
16,2000,40,253,164.3,False,73724,95,2.2285822798545927
16,2000,40,254,143.0,False,74280,95,1.9251480883144858
16,2000,40,255,136.8,False,72975,95,1.8746145940390544
16,2000,40,256,139.6,False,73906,95,1.8888858820664087
16,2000,40,257,140.5,False,74104,95,1.8959840224549283
16,2000,40,258,141.9,False,73626,95,1.9273082878331025
16,2000,40,259,162.0,False,73592,95,2.2013262311120774
16,2000,40,260,138.0,False,73377,95,1.8806983114599942
16,2000,40,261,141.1,False,73498,95,1.9197801300715667
16,2000,40,262,146.2,False,73971,95,1.9764502304957348
16,2000,40,263,169.1,False,74018,95,2.284579426625956
16,2000,40,264,152.2,False,73278,95,2.0770217527770956
16,2000,40,265,133.6,False,73866,95,1.8086805837597812
16,2000,40,266,133.4,False,73789,95,1.8078575397416958
16,2000,40,267,153.6,False,73803,95,2.0812162107231416
16,2000,40,268,135.6,False,73137,95,1.854054719225563
16,2000,40,269,143.0,False,74470,95,1.9202363367799113
16,2000,40,270,143.5,False,73838,95,1.9434437552479753
16,2000,40,271,148.2,False,74239,94,1.996255337491076
16,2000,40,272,148.5,False,74041,95,2.005645520725004
16,2000,40,273,139.3,False,74186,95,1.8777127759954708
16,2000,40,274,144.3,False,73879,95,1.9531937357029738
16,2000,40,275,532.8,True,73745,94,
16,2000,40,276,141.3,False,73562,95,1.920828688725157
16,2000,40,277,153.2,False,73674,95,2.0794310068680946
16,2000,40,278,142.7,False,73809,95,1.9333685593897763
16,2000,40,279,134.1,False,73671,95,1.8202549171315714
16,2000,40,280,137.2,False,75352,95,1.820787769402272
16,2000,40,281,133.1,False,73912,95,1.8007901288018184
16,2000,40,282,140.0,False,74286,95,1.8846081361225533
16,2000,40,283,135.4,False,73524,95,1.841575539959741
16,2000,40,284,141.3,False,74169,95,1.9051086033248392
16,2000,40,285,134.5,False,73481,95,1.8304051387433486
16,2000,40,286,136.8,False,73875,95,1.851776649746193
16,2000,40,287,134.1,False,73583,95,1.8224318116956362
16,2000,40,288,136.5,False,73856,95,1.848191074523397
16,2000,40,289,136.1,False,73511,95,1.8514235964685557
16,2000,40,290,133.7,False,72930,95,1.8332647744412451
16,2000,40,291,136.4,False,74195,95,1.838398813936249
16,2000,40,292,133.5,False,73338,95,1.820338705718727
16,2000,40,293,134.9,False,73948,95,1.8242548818088387
16,2000,40,294,134.4,False,73745,95,1.8224964404366397
16,2000,40,295,134.8,False,73435,95,1.8356369578538845
16,2000,40,296,138.9,False,74207,95,1.8717910709232282
16,2000,40,297,139.2,False,75472,95,1.8443926224295102
16,2000,40,298,137.9,False,74228,94,1.857789513391173
16,2000,40,299,140.8,False,73446,95,1.9170547068594614
16,2000,40,300,536.1,True,73586,95,
16,2000,40,301,136.2,False,75158,95,1.8121823358790814
16,2000,40,302,137.5,False,73665,95,1.8665580669245911
16,2000,40,303,133.4,False,73372,95,1.818132257536935
16,2000,40,304,133.5,False,74189,94,1.799458140694712
16,2000,40,305,135.0,False,73976,95,1.8249161890342813
16,2000,40,306,140.9,False,75356,95,1.8697913902011785
16,2000,40,307,141.0,False,73953,94,1.9066163644476897
16,2000,40,308,140.8,False,74101,95,1.9001093102657185
16,2000,40,309,134.5,False,74082,95,1.8155557355362977
16,2000,40,310,133.0,False,73073,95,1.8200977105086693
16,2000,40,311,135.2,False,73365,95,1.8428405915627342
16,2000,40,312,134.3,False,73871,95,1.818034140596445
16,2000,40,313,134.7,False,73942,95,1.821698087690352
16,2000,40,314,133.1,False,72984,95,1.8236873835361176
16,2000,40,315,133.1,False,73815,95,1.8031565399986453
16,2000,40,316,132.8,False,73639,95,1.803392224229009
16,2000,40,317,132.7,False,73588,95,1.803283143990868
16,2000,40,318,133.7,False,73988,95,1.8070497918581392
16,2000,40,319,133.3,False,73698,95,1.8087329371217673
16,2000,40,320,132.9,False,73143,95,1.816988638694065
16,2000,40,321,134.1,False,74149,95,1.8085206813308339
16,2000,40,322,133.5,False,73672,95,1.812086002823325
16,2000,40,323,133.7,False,73572,95,1.8172674386995054
16,2000,40,324,136.6,False,73259,95,1.8646173166436888
16,2000,40,325,529.3,True,73902,95,
16,2000,40,326,133.6,False,73590,95,1.815464057616524
16,2000,40,327,135.0,False,73827,95,1.8285992929416068
16,2000,40,328,134.0,False,73729,95,1.8174666684750913
16,2000,40,329,132.8,False,73548,95,1.8056235383695003
16,2000,40,330,132.8,False,73079,95,1.8172115108307447
16,2000,40,331,135.5,False,73399,95,1.8460741971961472
16,2000,40,332,136.6,False,73898,95,1.8484938699288207
16,2000,40,333,135.2,False,73872,95,1.8301927658652806
16,2000,40,334,136.1,False,73224,95,1.8586802141374412
16,2000,40,335,135.8,False,73731,95,1.8418304376720782
16,2000,40,336,136.8,False,73923,95,1.850574246175074
16,2000,40,337,136.4,False,73480,95,1.8562874251497006
16,2000,40,338,136.4,False,73261,95,1.8618364477689358
16,2000,40,339,136.2,False,73611,95,1.8502669437991603
16,2000,40,340,136.3,False,73491,95,1.8546488685689404
16,2000,40,341,136.1,False,73489,95,1.8519778470247248
16,2000,40,342,136.3,False,73193,95,1.86219993715246
16,2000,40,343,136.1,False,73182,95,1.8597469323057583
16,2000,40,344,136.2,False,73156,95,1.8617748373339165
16,2000,40,345,134.1,False,73510,94,1.8242415997823425
16,2000,40,346,134.1,False,73954,95,1.81328934202342
16,2000,40,347,131.1,False,72972,93,1.7965795099490216
16,2000,40,348,132.5,False,73316,95,1.8072453489006493
16,2000,40,349,133.4,False,73273,95,1.8205887571138073
16,2000,40,350,530.9,True,72965,95,
16,2000,40,351,133.6,False,73624,95,1.8146256655438444
16,2000,40,352,132.8,False,73298,95,1.8117820404376654
16,2000,40,353,132.5,False,73386,95,1.8055214891123648
16,2000,40,354,133.1,False,73037,95,1.8223640072839793
16,2000,40,355,133.3,False,73340,95,1.8175620398145622
16,2000,40,356,133.8,False,73851,95,1.8117561035057075
16,2000,40,357,134.6,False,75158,94,1.790893850288725
16,2000,40,358,133.4,False,73349,95,1.8187023681304448
16,2000,40,359,138.0,False,73932,95,1.866580100633014
16,2000,40,360,133.3,False,73311,94,1.8182810219475931
16,2000,40,361,133.2,False,73643,95,1.808725880260174
16,2000,40,362,133.5,False,73865,95,1.8073512489000203
16,2000,40,363,133.2,False,73846,95,1.8037537578203289
16,2000,40,364,132.6,False,72926,95,1.8182815456764392
16,2000,40,365,133.9,False,73501,95,1.8217439218514033
16,2000,40,366,132.7,False,73231,95,1.812074121615163
16,2000,40,367,132.9,False,73264,94,1.8139877702555143
16,2000,40,368,133.4,False,73590,95,1.8127462970512298
16,2000,40,369,135.3,False,73720,95,1.8353228431904502
16,2000,40,370,134.4,False,73480,95,1.829069134458356
16,2000,40,371,133.3,False,72997,94,1.8261024425661327
16,2000,40,372,137.3,False,73288,95,1.8734308481606812
16,2000,40,373,134.2,False,73478,95,1.8263970167941426
16,2000,40,374,134.5,False,73799,95,1.822517920297023
16,2000,40,375,530.7,True,72538,95,
16,2000,40,376,133.8,False,73005,95,1.8327511814259296
16,2000,40,377,135.0,False,74040,95,1.8233387358184765
16,2000,40,378,133.9,False,73195,95,1.829359928956896
16,2000,40,379,134.3,False,73544,95,1.8261176982486675
16,2000,40,380,134.8,False,73290,95,1.8392686587528995
16,2000,40,381,134.1,False,72777,95,1.8426151119172265
16,2000,40,382,134.1,False,73114,95,1.8341220559673934
16,2000,40,383,133.8,False,73231,95,1.827095082683563
16,2000,40,384,135.1,False,73813,95,1.8303008955062117
16,2000,40,385,138.4,False,75294,95,1.8381278720748002
16,2000,40,386,136.8,False,73601,94,1.8586703985000204
16,2000,40,387,137.1,False,75185,95,1.823502028330119
16,2000,40,388,133.4,False,72672,95,1.8356450902686041
16,2000,40,389,134.3,False,72925,95,1.8416181007884813
16,2000,40,390,134.8,False,73992,95,1.8218185749810791
16,2000,40,391,133.6,False,73487,95,1.8180086273762706
16,2000,40,392,136.2,False,75282,95,1.8091974177094126
16,2000,40,393,133.4,False,73430,95,1.816696173226202
16,2000,40,394,134.3,False,74170,95,1.8107051368477822
16,2000,40,395,134.1,False,73856,95,1.8156954072790294
16,2000,40,396,133.2,False,73620,95,1.8092909535452322
16,2000,40,397,133.7,False,73817,95,1.8112358941707194
16,2000,40,398,133.6,False,73852,95,1.8090234523100255
16,2000,40,399,134.0,False,73930,95,1.812525361828757
16,2000,40,400,534.0,True,73167,95,
16,2000,40,401,133.5,False,73619,95,1.8133905649356823
16,2000,40,402,133.2,False,73216,95,1.8192744755244756
16,2000,40,403,133.0,False,73740,95,1.8036343911038786
16,2000,40,404,133.4,False,73695,95,1.8101635117714907
16,2000,40,405,132.8,False,73461,95,1.8077619417105675
16,2000,40,406,132.6,False,73843,94,1.7957016914264046
16,2000,40,407,139.8,False,75375,95,1.8547263681592039
16,2000,40,408,135.2,False,75297,95,1.7955562638617741
16,2000,40,409,132.4,False,73211,95,1.8084714045703514
16,2000,40,410,132.8,False,73359,95,1.8102754944860209
16,2000,40,411,135.9,False,75124,95,1.8090091049464885
16,2000,40,412,136.2,False,74140,95,1.837065012139196
16,2000,40,413,135.6,False,74144,95,1.828873543375054
16,2000,40,414,134.7,False,74153,94,1.8165145037962052
16,2000,40,415,137.2,False,75269,95,1.8227955732107508
16,2000,40,416,135.0,False,73450,95,1.8379850238257318
16,2000,40,417,136.1,False,74199,95,1.83425652636828
16,2000,40,418,135.5,False,73956,95,1.8321704797447131
16,2000,40,419,135.2,False,74256,95,1.8207282913165266
16,2000,40,420,134.6,False,73346,95,1.8351375671474928
16,2000,40,421,137.3,False,75385,95,1.8213172381773561
16,2000,40,422,135.2,False,73906,95,1.8293507969582983
16,2000,40,423,134.5,False,73766,95,1.82333324295746
16,2000,40,424,136.6,False,74220,95,1.8404742656965778
16,2000,40,425,536.7,True,74377,94,
16,2000,40,426,136.5,False,73469,95,1.8579264723897153
16,2000,40,427,134.4,False,73797,95,1.8212122444001788
16,2000,40,428,134.0,False,73889,94,1.8135311074720188
16,2000,40,429,135.1,False,74194,95,1.8209019597272016
16,2000,40,430,134.6,False,73935,95,1.8205180225874078
16,2000,40,431,134.7,False,73904,95,1.8226347694306126
16,2000,40,432,134.9,False,73916,95,1.8250446452730127
16,2000,40,433,134.8,False,74215,95,1.8163444047699253
16,2000,40,434,134.0,False,73806,95,1.8155705498197978
16,2000,40,435,134.7,False,74325,95,1.812310797174571
16,2000,40,436,133.9,False,73763,94,1.8152732399712592
16,2000,40,437,134.8,False,73690,95,1.829284841905279
16,2000,40,438,134.5,False,74164,95,1.8135483523003075
16,2000,40,439,135.7,False,73572,95,1.844451693579079
16,2000,40,440,133.4,False,73717,94,1.8096232890649375
16,2000,40,441,133.9,False,74004,95,1.8093616561266959
16,2000,40,442,133.2,False,73780,95,1.805367308213608
16,2000,40,443,137.3,False,73949,95,1.8566850126438492
16,2000,40,444,132.6,False,73025,95,1.8158165011982197
16,2000,40,445,132.6,False,73196,95,1.81157440297284
16,2000,40,446,133.4,False,73931,95,1.8043851699557696
16,2000,40,447,134.2,False,73748,95,1.8197103650268482
16,2000,40,448,135.9,False,74167,95,1.8323513152749875
16,2000,40,449,137.8,False,75595,95,1.822871883061049
16,2000,40,450,534.0,True,73605,95,
16,2000,40,451,134.8,False,73455,95,1.8351371588047103
16,2000,40,452,134.2,False,73521,95,1.8253288176167353
16,2000,40,453,134.7,False,73525,95,1.8320299217953078
16,2000,40,454,134.8,False,73837,95,1.82564297032653
16,2000,40,455,134.2,False,73146,95,1.8346867908019577
16,2000,40,456,135.6,False,74047,95,1.8312693289397275
16,2000,40,457,135.2,False,73265,95,1.8453558998157373
16,2000,40,458,136.0,False,73669,95,1.846095372544761
16,2000,40,459,135.6,False,73845,94,1.8362786918545602
16,2000,40,460,135.1,False,73760,95,1.8316160520607376
16,2000,40,461,133.9,False,73178,95,1.8297849080324688
16,2000,40,462,135.0,False,73821,95,1.8287479172593164
16,2000,40,463,134.7,False,73664,94,1.8285729800173762
16,2000,40,464,136.6,False,74015,95,1.8455718435452273
16,2000,40,465,134.6,False,73756,95,1.824936276370736
16,2000,40,466,136.0,False,74020,95,1.837341259119157
16,2000,40,467,134.5,False,73919,95,1.8195592472841895
16,2000,40,468,135.4,False,73749,95,1.835957097723359
16,2000,40,469,135.1,False,73646,95,1.834451294028189
16,2000,40,470,135.2,False,73753,95,1.8331457703415455
16,2000,40,471,137.8,False,74129,95,1.858921609626462
16,2000,40,472,135.2,False,73484,95,1.8398562952479451
16,2000,40,473,134.8,False,73314,95,1.8386665575469896
16,2000,40,474,133.6,False,73966,94,1.806235297298759
16,2000,40,475,534.4,True,73763,95,
16,2000,40,476,134.9,False,73956,95,1.8240575477310834
16,2000,40,477,136.2,False,75305,95,1.8086448442998473
16,2000,40,478,135.8,False,75090,95,1.8084964709015847
16,2000,40,479,134.5,False,73779,95,1.823011968175226
16,2000,40,480,133.6,False,73325,95,1.8220252301397886
16,2000,40,481,133.5,False,73308,95,1.8210836470780816
16,2000,40,482,135.9,False,73808,95,1.8412638196401474
16,2000,40,483,135.1,False,73387,95,1.8409255045171489
16,2000,40,484,135.0,False,73682,95,1.8321978230775495
16,2000,40,485,135.0,False,73423,95,1.8386609100690519
16,2000,40,486,136.0,False,74154,95,1.8340210912425492
16,2000,40,487,135.3,False,73952,94,1.8295651233232366
16,2000,40,488,136.4,False,73657,95,1.8518267102923007
16,2000,40,489,136.3,False,74344,94,1.8333692026256323
16,2000,40,490,136.6,False,73389,95,1.8613143659131477
16,2000,40,491,136.9,False,73761,95,1.8559943601632298
16,2000,40,492,137.1,False,73442,95,1.8667792271452301
16,2000,40,493,137.5,False,73591,95,1.8684349988449676
16,2000,40,494,138.9,False,75169,95,1.8478362090755498
16,2000,40,495,136.6,False,73238,95,1.8651519702886479
16,2000,40,496,137.1,False,73277,95,1.8709827094449827
16,2000,40,497,135.6,False,72914,95,1.8597251556628356
16,2000,40,498,137.1,False,73613,95,1.8624427750533195
16,2000,40,499,136.0,False,73725,94,1.8446931163106137
16,2000,40,500,533.8,True,72858,95,
